Sno.,State,ULB,Project Code,Project Type,Project Title,Date of Visit,IRMA Personel,Designation,Contact Number,E-mail,State Officer,State Officer Contact,State Officer E-mail,Pre-Construction Status,Construction Status,Post-Construction Status,IRMA Observations Status,ATR Status,Compliance Report Status,Overall Project Compliance,Compliance Remarks,Visit-1,,,,,
1,ARUNACHAL PRADESH,TAWANG,AR-TAWANG-7174,Parks & Green Space Development,Construction of Parks & Green Space at Tawang,12-09-2024,BHASKAR  MAJUMDER,Technical Expert,9038584040,bhaskarmajumder94@gmail.com,Phurpa Lhamu,9612197226,udtawang@gmail.com,Submitted,Save As Draft,Save As Draft,Sent to State,Pending Submitted,Pending to be Submitted,,,Q2 - 2024-2025,,,,,
2,ARUNACHAL PRADESH,TAWANG,AR-TAWANG-7176,Water Body Rejuvenation,Rejuvenation of  P.T. Tso Lake at Tawang ,12-09-2024,BHASKAR  MAJUMDER,Technical Expert,9038584040,bhaskarmajumder94@gmail.com,Phurpa Lhamu,9612197226,udtawang@gmail.com,Submitted,Submitted,Save As Draft,Sent to State,Pending Submitted,Pending to be Submitted,,,Q2 - 2024-2025,,,,,
3,ARUNACHAL PRADESH,ITANAGAR,AR-ITANAGAR-6999,Water Supply,Providing 24x7 Drinking water supply under AMRUT 2.0 for Ward 12,05-11-2025,AKHAND PRATAP SINGH,Technical Expert,9721116001,apsingh5296@gmail.com,Er. Tad Logi,9402930661,eepheitanagar@rediffmail.com,Submitted,Submitted,Save As Draft,Sent to State,Pending Submitted,Pending to be Submitted,,,Q3 - 2025-2026,,,,,
4,ARUNACHAL PRADESH,ITANAGAR,AR-ITANAGAR-14511,Water Supply,Naharlagun 24x7 Water Supply Project Ward 17,05-11-2025,INDRA PRAKASH,Technical Expert,6393933790,indrathetiger651@gmail.com,Sawan Riang,9402933001,eephednlg@gmail.com,Save As Draft,Submitted,Save As Draft,Sent to State,Pending Submitted,Pending to be Submitted,,,Q3 - 2025-2026,,,,,
5,ARUNACHAL PRADESH,DAPORIJO,AR-DAPORIJO-9108,Parks & Green Space Development,City Multipurpose Green Park at Daporijo,18-09-2024,BHASKAR  MAJUMDER,Technical Expert,9038584040,bhaskarmajumder94@gmail.com,S C Maru,9436046622,eeudhdaporijo@gmail.com,Submitted,Save As Draft,Save As Draft,Sent to State,Pending Submitted,Pending to be Submitted,,,Q2 - 2024-2025,,,,,
6,ARUNACHAL PRADESH,MIAO,AR-MIAO-7542,Parks & Green Space Development,Clean and Green Miao Park at Miao,20-09-2024,BHASKAR  MAJUMDER,Technical Expert,9038584040,bhaskarmajumder94@gmail.com,George Joseph,9436635408,geomini2009@gmail.com,Submitted,Submitted,Save As Draft,Sent to State,Pending Submitted,Pending to be Submitted,,,Q2 - 2024-2025,,,,,
7,ARUNACHAL PRADESH,KHONSA,AR-KHONSA-7336,Water Supply,Augmentation & improvement of water supply at Khonsa Town,27-05-2025,AKHAND PRATAP SINGH,Technical Expert,9721116001,apsingh5296@gmail.com,Bamang Tasung,9436068028,eekphed01@gmail.com,Submitted,Submitted,Save As Draft,Sent to State,Pending Submitted,Pending to be Submitted,,,Q1 - 2025-2026,,,,,
8,ARUNACHAL PRADESH,KHONSA,AR-KHONSA-7531,Parks & Green Space Development,Development of Hangpan Dada memorial children's park at Khonsa.,21-09-2024,GAJENDRA SINGH,Technical Expert,9582043842,gs56570@gmail.com,Er. Tai Sangkio,9436055950,ddudksa@gmail.com,Submitted,Submitted,Save As Draft,Sent to State,Pending Submitted,Pending to be Submitted,,,Q2 - 2024-2025,,,,,
9,ARUNACHAL PRADESH,LONGDING,AR-LONGDING-7536,Parks & Green Space Development,Parks and Green Space Development Project for Longding.,21-09-2024,BHASKAR  MAJUMDER,Technical Expert,9038584040,bhaskarmajumder94@gmail.com,Er. Nabam Kak,8794190977,udlongding@gmail.com,Submitted,Submitted,Save As Draft,Sent to State,Pending Submitted,Pending to be Submitted,,,Q2 - 2024-2025,,,,,
10,ARUNACHAL PRADESH,KOLORIANG (NT),AR-KOLORIANG-7300,Water Supply,WATER SUPPLY TO KOLORIANG TOWN AND ITS PERIPHERIAL AREAS,08-11-2025,INDRA PRAKASH,Technical Expert,6393933790,indrathetiger651@gmail.com,Er Oling taloh,943605835,eephedklg@gmail.com,Submitted,Submitted,Save As Draft,Sent to State,Pending Submitted,Pending to be Submitted,,,Q3 - 2025-2026,,,,,
11,ARUNACHAL PRADESH,KOLORIANG (NT),AR-KOLORIANG-7822,Parks & Green Space Development,Construction of Recreational Centre at Koloriang,17-09-2024,BHASKAR  MAJUMDER,Technical Expert,9038584040,bhaskarmajumder94@gmail.com,Er. Riya Powak,9862067272,ddudklg2018@gmail.com,Submitted,Submitted,Save As Draft,Sent to State,Pending Submitted,Pending to be Submitted,,,Q2 - 2024-2025,,,,,
12,ARUNACHAL PRADESH,ROING,AR-ROING-7555,Water Body Rejuvenation,"Rejuvenation of Sally Lake, Roing",19-09-2024,GAJENDRA SINGH,Technical Expert,9582043842,gs56570@gmail.com,Er Talen Taki,7085687650,ddudroing@gmail.com,Submitted,Submitted,Save As Draft,Sent to State,Pending Submitted,Pending to be Submitted,,,Q2 - 2024-2025,,,,,
13,ASSAM,GOSSAIGAON (TC),AS-GOSSAIGAON-9045,Water Body Rejuvenation,REJUVENTION OF PUKRIPARA PUKHURI AT GOSSAIGAON WARD NO 3,29-07-2024,ANUP  MALIK,Technical Expert,8145242141,anupmalik3892@gmail.com,Sidharth Rajkhowa ,8787599950,siddharth_07rajkhowa@yahoo.com,Submitted,Submitted,Save As Draft,Sent to State,Submitted,Report Submitted,Yes,agreed,Q2 - 2024-2025,,,,,
14,ASSAM,KOKRAJHAR,AS-KOKRAJHAR-7293,Water Supply,Kokrajhar Town Water Supply Project under AMRUT 2.0,29-07-2024,ANUP  MALIK,Technical Expert,8145242141,anupmalik3892@gmail.com,Mridul Deka,9864079033,dekaurbanwater@gmail.com,Submitted,Submitted,Save As Draft,Sent to State,Submitted,Report Submitted,Yes,agreed,Q2 - 2024-2025,,,,,
15,ASSAM,KOKRAJHAR,AS-KOKRAJHAR-8570,Water Body Rejuvenation,"Rejuvenation of Kokrajhar Cremation Ground Lake, Kokrajhar.",29-07-2024,ANUP  MALIK,Technical Expert,8145242141,anupmalik3892@gmail.com,Jayanta Bhuyan,9864019557,jbhuyan@gmail.com,Submitted,Submitted,Save As Draft,Sent to State,Pending Submitted,Pending to be Submitted,Partially Compliant,Action should be taken for removal of weeds and shrubs.,Q2 - 2024-2025,,,,,
16,ASSAM,BILASIPARA (TC),AS-BILASIPARA-11579,Water Supply,Augmentation and Expansion of Bilasipara Water Supply Scheme under AMRUT 2.0,30-07-2024,ANUP  MALIK,Technical Expert,8145242141,anupmalik3892@gmail.com,Mridul Deka,9864079033,dekaurbanwater@gmail.com,Submitted,Submitted,Save As Draft,Sent to State,Pending Submitted,Pending to be Submitted,,,Q2 - 2024-2025,,,,,
17,ASSAM,BARPETA,AS-BARPETA-7981,Water Body Rejuvenation,Rejuvenation of Rayatpur Pond Water Body under Barpeta MB,28-07-2024,ANUP  MALIK,Technical Expert,8145242141,anupmalik3892@gmail.com,Tilak Baishya,9954176632,baishya.tilak@gmail.com,Submitted,Submitted,Save As Draft,Sent to State,Submitted,Report Submitted,Yes,agreed,Q2 - 2024-2025,,,,,
18,ASSAM,MARIGAON,AS-MARIGAON-9049,Water Body Rejuvenation,Rejuvenation of Morikalang beel  under AMRUT 2.0,25-07-2024,ANUP  MALIK,Technical Expert,8145242141,anupmalik3892@gmail.com,Himadri Shekhar Debnath,7002724546,himadrinath71@gmail.com,Submitted,Submitted,Save As Draft,Sent to State,Submitted,Report Submitted,Yes,ok,Q2 - 2024-2025,,,,,
19,ASSAM,HOJAI,AS-HOJAI-11571,Water Supply,Augmentation and Extension of Water Supply Project at Hojai under AMRUT 2.0,24-07-2024,ANUP  MALIK,Technical Expert,8145242141,anupmalik3892@gmail.com,Deep Borah,9435500609,boradeep1@gmail.com,Submitted,Save As Draft,Save As Draft,Sent to State,Pending Submitted,Pending to be Submitted,,,Q2 - 2024-2025,,,,,
20,ASSAM,LUMDING,AS-LUMDING-18006,Water Supply,Lumding Ph I Water Supply Project under AMRUT 2.0,17-05-2025,GAJENDRA SINGH,Technical Expert,9582043842,gs56570@gmail.com,Deep Borah,7002083506,bora.deep1@gmail.com,Submitted,Submitted,Save As Draft,Sent to State,Submitted,Report Submitted,Yes,agreed,Q1 - 2025-2026,,,,,
21,ASSAM,LUMDING,AS-LUMDING-18007,Water Supply,Lumding Ph II water supply project under AMRUT 2.0,17-05-2025,GAJENDRA SINGH,Technical Expert,9582043842,gs56570@gmail.com,Deep Borah,7002083506,bora.deep1@gmail.com,Submitted,Submitted,Save As Draft,Sent to State,Submitted,Report Submitted,Yes,ok,Q1 - 2025-2026,,,,,
22,ASSAM,LANKA,AS-LANKA-13841,Water Supply,Lanka Town Water Supply scheme under AMRUT 2.0,22-03-2025,BHASKAR  MAJUMDER,Technical Expert,9038584040,bhaskarmajumder94@gmail.com,Deep Borah,7002083506,bora.deep1@gmail.com,Submitted,Submitted,Save As Draft,Sent to State,Pending Submitted,Pending to be Submitted,,,Q4 - 2024-2025,,,,,
23,ASSAM,DHEKIAJULI,AS-DHEKIAJULI-7327,Water Supply,Dhekiajuli  Town Water Supply Project under AMRUT 2.0,26-07-2024,ANUP  MALIK,Technical Expert,8145242141,anupmalik3892@gmail.com,Rituraj Sarmah,8638447903,sarmahrituraj3@gamil.com,Submitted,Submitted,Save As Draft,Sent to State,Pending Submitted,Pending to be Submitted,Partially Compliant,test reports be submitted,Q2 - 2024-2025,,,,,
24,ASSAM,DHEKIAJULI,AS-DHEKIAJULI-8409,Water Body Rejuvenation,"REJUVENTION OF POND NEAR KALI MANDIR AT WARD NO.6 UNDER DHEKIAJULI MUNICIPAL BOARD, SONITPUR, ASSAM",26-07-2024,ANUP  MALIK,Technical Expert,8145242141,anupmalik3892@gmail.com,Inamoni P. Saikia,9435085126,phukaninamoni@gmail.com,Submitted,Submitted,Save As Draft,Sent to State,Pending Submitted,Pending to be Submitted,Partially Compliant,Rectify and report,Q2 - 2024-2025,,,,,
25,ASSAM,TEZPUR,AS-TEZPUR-7298,Water Supply,"Tezpur Town Water Supply Project Under AMRUT 2.0, Phase I.",26-07-2024,ANUP  MALIK,Technical Expert,8145242141,anupmalik3892@gmail.com,Mridul Deka,9864079033,dekaurbanwater@gmail.com,Submitted,Submitted,Save As Draft,Sent to State,Submitted,Report Submitted,Yes,agreed,Q2 - 2024-2025,,,,,
26,ASSAM,TEZPUR,AS-TEZPUR-9082,Water Body Rejuvenation,"Rejuvenation of Paltan Pukhuri under Tezpur Municipal board,Tezpur,sonitpur,assam.",26-07-2024,ANUP  MALIK,Technical Expert,8145242141,anupmalik3892@gmail.com,Suman Dey,9435087603,suman87603@gmail.com,Submitted,Submitted,Save As Draft,Sent to State,Pending Submitted,Pending to be Submitted,,,Q2 - 2024-2025,,,,,
27,ASSAM,TEZPUR,AS-TEZPUR-9083,Water Body Rejuvenation,"Rejuvenation of Thana Pukhuri (Jonaki Pukhuri)under Tezpur Municipal Board,Tezpur,Sonitpur,Assam.",26-07-2024,ANUP  MALIK,Technical Expert,8145242141,anupmalik3892@gmail.com,Nripen Sahariah,8135874408,nripen4ever@gmail.com,Submitted,Submitted,Save As Draft,Sent to State,Submitted,Report Submitted,Yes,agreed,Q2 - 2024-2025,,,,,
28,ASSAM,BISWANATH CHARIALI (TC),AS-BISWANATH_CHARIALI-8516,Water Body Rejuvenation,Rejuvenation of Falfali Pukhuri under Amrut 2.0 ,26-07-2024,ANUP  MALIK,Technical Expert,8145242141,anupmalik3892@gmail.com,Sanjib Kr Barwati,9706065812,sanijbaruati200@gmail.com,Submitted,Submitted,Save As Draft,Sent to State,Pending Submitted,Pending to be Submitted,Partially Compliant,"pond water needs to be cleaned, and reported",Q2 - 2024-2025,,,,,
29,ASSAM,BISWANATH CHARIALI (TC),AS-BISWANATH_CHARIALI-11381,Water Supply,Biswanath Chariali Water Supply Scheme under AMRUT 2.0,26-07-2024,ANUP  MALIK,Technical Expert,8145242141,anupmalik3892@gmail.com,Mridul Deka,9864079033,dekaurbanwater@gmail.com,Submitted,Submitted,Save As Draft,Sent to State,Pending Submitted,Pending to be Submitted,Partially Compliant,as per comments,Q2 - 2024-2025,,,,,
30,ASSAM,NARAYANPUR (TC),AS-NARAYANPUR-8611,Water Body Rejuvenation,HARIDEV THAN PUKHURI REJUVENATION PROJECT UNDER AMRUT 2.0,24-08-2024,ANUP  MALIK,Technical Expert,8145242141,anupmalik3892@gmail.com,Kushal Doley,8794632317,doleyofficial@gmail.com,Submitted,Submitted,Save As Draft,Sent to State,Pending Submitted,Pending to be Submitted,,,Q2 - 2024-2025,,,,,
31,ASSAM,BIHPURIA (TC),AS-BIHPURIA-9042,Water Body Rejuvenation,Rejuvenation of Podumoni Pond underAMRUT 2.0,05-08-2024,ANUP  MALIK,Technical Expert,8145242141,anupmalik3892@gmail.com,Kushal Doley,8794632317,doleyofficial@gmail.com,Submitted,Submitted,Save As Draft,Sent to State,Submitted,Report Submitted,Yes,accepted,Q2 - 2024-2025,,,,,
32,ASSAM,BIHPURIA (TC),AS-BIHPURIA-13840,Water Supply,Bihpuria Town Water Supply scheme under AMRUT 2.0,06-08-2024,ANUP  MALIK,Technical Expert,8145242141,anupmalik3892@gmail.com,Sumon Borah,8638464403,sumonborah98@gmail.com,Submitted,Submitted,Save As Draft,Sent to State,Pending Submitted,Pending to be Submitted,,,Q2 - 2024-2025,,,,,
33,ASSAM,NORTH LAKHIMPUR,AS-LAKHIMPUR(NORTH)-7338,Water Supply,North Lakhimpur Town Water Supply Project under AMRUT 2.0,10-04-2025,BHASKAR  MAJUMDER,Technical Expert,9038584040,bhaskarmajumder94@gmail.com,Deep Bora,7002957465,amrutassam2016@gmail.com,Submitted,Submitted,Save As Draft,Sent to State,Submitted,Report Submitted,Yes,"O&M schedule
be prepared
and got
approved at
the competent
level for proper
maintenance",Q1 - 2025-2026,,,,,
34,ASSAM,TINSUKIA,AS-TINSUKIA-7007,Water Supply,Tinsukia Town Water Supply Project under AMRUT 2.0,05-08-2024,ANUP  MALIK,Technical Expert,8145242141,anupmalik3892@gmail.com,Kumud Das,9435024176,kcdasurban@gmail.com,Submitted,Submitted,Save As Draft,Sent to State,Pending Submitted,Pending to be Submitted,Partially Compliant,as per comments,Q2 - 2024-2025,,,,,
35,ASSAM,TINSUKIA,AS-TINSUKIA-7014,Water Body Rejuvenation, REJUVENATION OF NA PUKHURI IN TINSUKIA TOWN UNDER AMRUT 2.0,04-08-2024,ANUP  MALIK,Technical Expert,8145242141,anupmalik3892@gmail.com,Rahul Saikia,7002585387,rahulsaikia629@gmail.com,Submitted,Submitted,Save As Draft,Sent to State,Pending Submitted,Pending to be Submitted,Partially Compliant,Test reports be uploaded,Q2 - 2024-2025,,,,,
36,ASSAM,MARGHERITA (TC),AS-MARGHERITA-7016,Water Supply,Margherita Town Water Supply Scheme under AMRUT 2.0,25-02-2025,RAVINDRA KUMAR  MAURYA,Deputy Team Leader,9453769313,MAURYA15790@GMAIL.COM,Debojit Hosai,8011342972,debojithojai6@gmail.com,Submitted,Save As Draft,Save As Draft,Sent to State,Submitted,Report Submitted,Yes,agreed,Q4 - 2024-2025,,,,,
37,ASSAM,DIBRUGARH,AS-DIBRUGARH-8188,Water Body Rejuvenation,Rejuvenation of Berry White Medical School Pond,03-08-2024,ANUP  MALIK,Technical Expert,8145242141,anupmalik3892@gmail.com,Madhuriya Dutta,7086575982,mdutta971123@gmail.com,Submitted,Submitted,Save As Draft,Sent to State,Pending Submitted,Pending to be Submitted,Partially Compliant,as per comments,Q2 - 2024-2025,,,,,
38,ASSAM,DIBRUGARH,AS-DIBRUGARH-12820,Sewerage & Septage Management,STP cum FSTP at Dibrugarh under AMRUT 2.0,20-12-2025,GAJENDRA SINGH,Technical Expert,9582043842,gs56570@gmail.com,Deep Borah,7002083506,bora.deep1@gmail.com,Submitted,Submitted,Save As Draft,Sent to State,Pending Submitted,Pending to be Submitted,,,Q3 - 2025-2026,,,,,
39,ASSAM,SIBSAGAR,AS-SIBSAGAR-7346,Water Supply,Sivasagar Town Water Supply Project under AMRUT 2.0,24-02-2025,RAVINDRA KUMAR  MAURYA,Deputy Team Leader,9453769313,MAURYA15790@GMAIL.COM,Kumud Das,9435024176,kcdasurban@gmail.com,Submitted,Submitted,Save As Draft,Sent to State,Pending Submitted,Pending to be Submitted,Partially Compliant,1. Deduction may be approved for non deployment of staff as per agreement 2. Distribution and FHTC works should be completed as per schedule of work,Q4 - 2024-2025,,,,,
40,ASSAM,SIBSAGAR,AS-SIBSAGAR-8093,Water Body Rejuvenation,REJUVENATION OF WEST JAMUNA  (BEHIND CIRCUIT HOUSE  PORTION) AT WARD NO 12  UNDER AMRUT 2.0,02-08-2024,ANUP  MALIK,Technical Expert,8145242141,anupmalik3892@gmail.com,PARTHA PRATIM BHARALI,9706562616,parthaprotim2009@gmail.com,Submitted,Submitted,Save As Draft,Sent to State,Pending Submitted,Pending to be Submitted,,,Q2 - 2024-2025,,,,,
41,ASSAM,AMGURI,AS-AMGURI-13830,Water Supply,Amguri Town Water Supply scheme under AMRUT 2.0,22-02-2025,RAVINDRA KUMAR  MAURYA,Deputy Team Leader,9453769313,MAURYA15790@GMAIL.COM,Deep Borah,7002083506,deepbora1@gmail.com,Submitted,Submitted,Save As Draft,Sent to State,Submitted,Report Submitted,Yes,ok,Q4 - 2024-2025,,,,,
42,ASSAM,SONARI,AS-SONARI-11574,Water Supply,Sonari Town Water Supply scheme under AMRUT 2.0,24-08-2024,ANUP  MALIK,Technical Expert,8145242141,anupmalik3892@gmail.com,Kumud Das,9435024176,kcdasurban@gmail.com,Submitted,Submitted,Save As Draft,Sent to State,Pending Submitted,Pending to be Submitted,,,Q2 - 2024-2025,,,,,
43,ASSAM,JORHAT,AS-JORHAT-7340,Water Supply,Jorhat Town Water Supply Project under AMRUT 2.0,02-08-2024,ANUP  MALIK,Technical Expert,8145242141,anupmalik3892@gmail.com,Kumud Das,9435024176,kcdasurban@gmail.com,Submitted,Submitted,Save As Draft,Sent to State,Submitted,Report Submitted,Yes, work schedule must be got available at site during visit,Q2 - 2024-2025,,,,,
44,ASSAM,JORHAT,AS-JORHAT-9052,Water Body Rejuvenation,Rejuvenation of Tinkunia Pond at Jorhat under AMRUT 2.0,02-08-2024,ANUP  MALIK,Technical Expert,8145242141,anupmalik3892@gmail.com,Sharanga Hazarika,7002452492,sarangahazraika@gmail.com,Submitted,Submitted,Save As Draft,Sent to State,Submitted,Report Submitted,Yes,agreed,Q2 - 2024-2025,,,,,
45,ASSAM,GOLAGHAT,AS-GOLAGHAT-8064,Water Body Rejuvenation,"Rejuvenation of Biplobi Bir Sankar Baruah Pond, Ward No -8",07-08-2024,ANUP  MALIK,Technical Expert,8145242141,anupmalik3892@gmail.com,Jyandeep Bora,9957182833,aeeg.dohua@gmail.com,Submitted,Submitted,Save As Draft,Sent to State,Pending Submitted,Pending to be Submitted,Partially Compliant,Sop be finalized at the earliest,Q2 - 2024-2025,,,,,
46,ASSAM,SARUPATHAR (TC),AS-SARUPATHAR-9059,Water Body Rejuvenation,Rejuvenation of Raja pukhuri i pond under AMRUT 2.0,01-08-2024,ANUP  MALIK,Technical Expert,8145242141,anupmalik3892@gmail.com,Jyandeep Bora,9957182833,aeeg.dohua@gmail.com,Submitted,Submitted,Save As Draft,Sent to State,Pending Submitted,Pending to be Submitted,,,Q2 - 2024-2025,,,,,
47,ASSAM,HAMREN (TC),AS-HAMREN-9047,Water Body Rejuvenation,Rejuvenation of Ambinong Pond under AMRUT 2.0.,01-05-2024,,,,,,,,Save As Draft,Save As Draft,Save As Draft,Pending Sent to State,Pending Submitted,Pending to be Submitted,,,Q1 - 2024-2025,,,,,
48,ASSAM,HAFLONG (TC),AS-HAFLONG-11573,Water Supply,Water Supply Project at Haflong under AMRUT 2.0,19-05-2025,ANUP  MALIK,Technical Expert,8145242141,anupmalik3892@gmail.com,Deep Borah,7002083506,boradeep1@gmail.com,Submitted,Submitted,Save As Draft,Sent to State,Pending Submitted,Pending to be Submitted,,,Q1 - 2025-2026,,,,,
49,ASSAM,MAIBONG (TC),AS-MAIBONG-8197,Water Body Rejuvenation,Rejuvenation of Dimasa Raja Pond at sainzapur Maibang,11-09-2024,ANUP  MALIK,Technical Expert,8145242141,anupmalik3892@gmail.com,Debojit Hosai,8011342972,debojithojai6@gmail.com,Submitted,Submitted,Save As Draft,Sent to State,Pending Submitted,Pending to be Submitted,,,Q2 - 2024-2025,,,,,
50,ASSAM,SILCHAR,AS-SILCHAR-11734,Water Supply,SILCHAR WATER SUPPLY PROJECT UNDER AMRUT 2.0,12-09-2024,ANUP  MALIK,Technical Expert,8145242141,anupmalik3892@gmail.com,Deep Bora,7002083506,boradeep1@gmail.com,Submitted,Submitted,Save As Draft,Sent to State,Submitted,Report Submitted,Yes,agreed,Q2 - 2024-2025,,,,,
51,ASSAM,SILCHAR,AS-SILCHAR-11771,Sewerage & Septage Management,STP cum FSTP at Silchar under AMRUT 2.0,25-08-2025,BHASKAR  MAJUMDER,Technical Expert,9038584040,bhaskarmajumder94@gmail.com,DEEP BORA,7002083506,bora.deep1@gmail.com,Submitted,Submitted,Save As Draft,Sent to State,Pending Submitted,Pending to be Submitted,,,Q2 - 2025-2026,,,,,
52,ASSAM,LAKHIPUR,AS-LAKHIPUR-7315,Water Supply,Lakhipur (Cachar) Town Water Supply Project under AMRUT 2.0,12-09-2024,AKHAND PRATAP SINGH,Technical Expert,9721116001,apsingh5296@gmail.com,DEEP BORA,7002083506,bora.deep1@gmail.com,Submitted,Save As Draft,Save As Draft,Sent to State,Submitted,Report Submitted,Yes,agreed,Q2 - 2024-2025,,,,,
53,ASSAM,KARIMGANJ (MB),AS-KARIMGANJ-9056,Water Body Rejuvenation,Rejuvenation of Azadsagar at Karimganj Town under AMRUT 2.0,13-09-2024,ANUP  MALIK,Technical Expert,8145242141,anupmalik3892@gmail.com,Sultan Mamud,7002154305,sultankmj4@gmail.com,Submitted,Submitted,Save As Draft,Sent to State,Submitted,Report Submitted,Yes,No O&M plan is given for the maintenance.,Q2 - 2024-2025,,,,,
54,ASSAM,HAILAKANDI,AS-HAILAKANDI-8200,Water Body Rejuvenation,Ramnarayan Tank Rejuvenation Project under AMRUT 2.0,13-09-2024,ANUP  MALIK,Technical Expert,8145242141,anupmalik3892@gmail.com,Sultan Mamud,7002154305,sultankmj4@gmail.com,Submitted,Submitted,Save As Draft,Sent to State,Pending Submitted,Pending to be Submitted,Partially Compliant,as per comments,Q2 - 2024-2025,,,,,
55,ASSAM,BONGAIGAON,AS-BONGAIGAON-8229,Water Body Rejuvenation,Rejuvenation of Bongaigaon College Pond at ward no 10 under AMRUT 2.0,29-07-2024,ANUP  MALIK,Technical Expert,8145242141,anupmalik3892@gmail.com, Jayanta Bhuyan,9864019557,Jbhuyan@gmail.com,Submitted,Submitted,Save As Draft,Sent to State,Pending Submitted,Pending to be Submitted,Partially Compliant,Test reports be attached,Q2 - 2024-2025,,,,,
56,ASSAM,RANGIA,AS-RANGIA-11580,Water Supply,Rangia Water Supply Project under AMRUT 2.0,12-08-2024,ANUP  MALIK,Technical Expert,8145242141,anupmalik3892@gmail.com,Dhruba Deka,6000715013,dhruba111deka@gmail.com,Submitted,Submitted,Save As Draft,Sent to State,Pending Submitted,Pending to be Submitted,,,Q2 - 2024-2025,,,,,
57,ASSAM,GUWAHATI,AS-GUWAHATI-9102,Water Body Rejuvenation,Rejuvenation of Pond 1 Jor Pukhuri  at Guwahati under AMRUT 2.0.,24-12-2024,,,,,,,,Save As Draft,Save As Draft,Save As Draft,Pending Sent to State,Pending Submitted,Pending to be Submitted,,,Q3 - 2024-2025,,,,,
58,ASSAM,GUWAHATI,AS-GUWAHATI-17962,Water Supply,Augmentation of Maa-Kamakhya Water Supply Scheme under AMRUT 2.0,16-02-2025,ANUP  MALIK,Technical Expert,8145242141,anupmalik3892@gmail.com,Mridula Barman,9365021207,mridula.barman11@gmail.com,Submitted,Save As Draft,Save As Draft,Sent to State,Submitted,Report Submitted,Yes,ok,Q4 - 2024-2025,,,,,
59,ASSAM,GUWAHATI,AS-GUWAHATI-18070,Water Body Rejuvenation,"Rejuvenation of water body inside CRPF camp at 9th Mile, Guwahati",14-07-2025,GAJENDRA SINGH,Technical Expert,Technical Expert,gs56570@gmail.com,Kriti talukdar,8753947083,kirtigmda@gmail.com,Submitted,Submitted,Save As Draft,Sent to State,Pending Submitted,Pending to be Submitted,,,Q2 - 2025-2026,,,,,
60,ASSAM,TIHU (TC),AS-TIHU-14845,Water Body Rejuvenation,Rejuvenation of lachima pond at Tihu under Amrut 2.0,14-05-2025,ANUP  MALIK,Technical Expert,8145242141,anupmalik3892@gmail.com,Gohin Das,9859336071,das.shree24@gmail.com,Submitted,Submitted,Save As Draft,Sent to State,Pending Submitted,Pending to be Submitted,,,Q1 - 2025-2026,,,,,
61,ASSAM,NALBARI,AS-NALBARI-9057,Water Body Rejuvenation,Rejuvenation of Japarkuchi Rajuhua Pukhuri under AMRUT 2.0,28-07-2024,ANUP  MALIK,Technical Expert,8145242141,anupmalik3892@gmail.com,Gohin Das,9859336071,das.shree24@gmail.com,Submitted,Submitted,Save As Draft,Sent to State,Submitted,Report Submitted,Yes,as per comments,Q2 - 2024-2025,,,,,
62,ASSAM,MANGALDOI,AS-MANGALDOI-9044,Water Body Rejuvenation,Rejuvenation of Barpukhuri pond under AMRUT 2.0,27-07-2024,ANUP  MALIK,Technical Expert,8145242141,anupmalik3892@gmail.com,Tulya Ranjan Hogoi,9864853152,TulyaRanjanHogoi@gmail.com,Submitted,Submitted,Save As Draft,Sent to State,Submitted,Report Submitted,Yes,as per comments,Q2 - 2024-2025,,,,,
63,ASSAM,TANGLA (TC),AS-TANGLA-7326,Water Supply,Tangla Town Water Supply Project under AMRUT 2.0,27-07-2024,ANUP  MALIK,Technical Expert,8145242141,anupmalik3892@gmail.com,Himangshu Sahariah,7896966712,hsahariah123@gmail.com,Submitted,Submitted,Save As Draft,Sent to State,Pending Submitted,Pending to be Submitted,Partially Compliant,as per comments,Q2 - 2024-2025,,,,,
64,ASSAM,TANGLA (TC),AS-TANGLA-13842,Water Supply,Tangla (Phase-II) Town Water Supply scheme under AMRUT 2.0.,27-07-2024,ANUP  MALIK,Technical Expert,8145242141,anupmalik3892@gmail.com,Deep Borah,7002083506,boradeep1@gmail.com,Submitted,Submitted,Save As Draft,Sent to State,Submitted,Report Submitted,Yes,agreed,Q2 - 2024-2025,,,,,
65,ASSAM,DEMOW,AS-DEMOW-18009,Water Body Rejuvenation,Rejuvenation of Demow Pond  under AMRUT 2.0,19-07-2025,GAJENDRA SINGH,Technical Expert,9582043842,gs56570@gmail.com,Kumud Das,9435024176,kcdasurban@gmail.com,Submitted,Submitted,Save As Draft,Sent to State,Pending Submitted,Pending to be Submitted,,,Q2 - 2025-2026,,,,,
66,ASSAM,PATACHARKUCHI,AS-PATACHARKUCHI-9058,Water Body Rejuvenation,Rejuvenation of Barpukhuri pond (Patacharkuchi) under AMRUT 2.0,28-07-2024,ANUP  MALIK,Technical Expert,8145242141,anupmalik3892@gmail.com,Govind Das,9859336071,lad.dohua@yahoo.co.in,Submitted,Submitted,Save As Draft,Sent to State,Submitted,Report Submitted,Yes,agreed,Q2 - 2024-2025,,,,,
67,ASSAM,KAJALGAON,AS-KAJALGAON-9564,Water Body Rejuvenation,MILAN PARK POND REJUVENATION UNDER AMRUT 2.0,29-07-2024,ANUP  MALIK,Technical Expert,8145242141,anupmalik3892@gmail.com,Jayanta Bhuyan,9864019557,jbhuyan@gmail.com,Submitted,Submitted,Save As Draft,Sent to State,Pending Submitted,Pending to be Submitted,,,Q2 - 2024-2025,,,,,
68,ASSAM,SONAI TC,AS-SONAI-11473,Water Body Rejuvenation, REJUVENATION OF  GREEN PARK POND UNDER  AMRUT 2.0 IN WARD NO 7,23-08-2025,BHASKAR  MAJUMDER,Technical Expert,9038584040,bhaskarmajumder94@gmail.com,DEEP BORA,7002083506,bora.deep1@gmail.com,Submitted,Submitted,Save As Draft,Sent to State,Pending Submitted,Pending to be Submitted,,,Q2 - 2025-2026,,,,,
69,ASSAM,GORESWAR,AS-GORESWAR-9046,Water Body Rejuvenation,Rejuvenation of Ramcha Rajohua Pond at Goreswar Municipal Board under Amrut 2.0,28-07-2024,ANUP  MALIK,Technical Expert,8145242141,anupmalik3892@gmail.com,Tulya Ranjan Gogoi,9864853152,tulyagogoi@gmail.com,Submitted,Submitted,Save As Draft,Sent to State,Pending Submitted,Pending to be Submitted,Partially Compliant,Pitching work should be rectified before handing over for O&M. Photo of the same be uploaded after rectification,Q2 - 2024-2025,,,,,
70,CHANDIGARH,CHANDIGARH,CH-CHANDIGARH-18031,Water Supply,Providing 24x7 Water Supply in 13 villages in convergence with 24x7 PanCity Water Supply Project,31-08-2024,AKHILESH VERMA,Technical Expert,7080502846,akhilesh101296@gmail.com,Vijay premi,9872511245,vijaypremi64@gmail.com,Submitted,Save As Draft,Save As Draft,Sent to State,Submitted,Report Submitted,Yes,agreed,Q2 - 2024-2025,,,,,
71,CHANDIGARH,CHANDIGARH,CH-CHANDIGARH-4382,Sewerage & Septage Management,Strengthening of Tertiary Treated Water Supply System and Laying of TT water lines in left out areas to supply Tertiary Treated water in Chandigarh,05-09-2024,akhilesh verma,Technical Expertit team,7080502846,akhilesh101296@gmail.com,Yogesh kumar aggarwalit team,9872511336,eemcph01@gmail.com,Submitted,Submitted,Save As Draft,Sent to State,Submitted,Report Submitted,Yes,agreed,Q2 - 2024-2025,,,,,
72,CHANDIGARH,CHANDIGARH,CH-CHANDIGARH-18029,Sewerage & Septage Management,"STRENGTHENING, PROVIDING AND LAYING OF 250MM (10”) i/d SW PIPE SEWER LINE AT COLONIES IN SECTOR 25, CHANDIGARH",30-08-2025,akhilesh verma,technical expert,7080502846,akhilesh101296@gmail.com,Rajindra Singh,9872511338,publichealthdiv4@gmail.com,Submitted,Submitted,Save As Draft,Sent to State,Submitted,Report Submitted,Yes,agreed,Q2 - 2025-2026,,,,,
73,CHANDIGARH,CHANDIGARH,CH-CHANDIGARH-18028,Sewerage & Septage Management,"AUGMNENTATION OF SEWERAGE SYSTEM TO RELIEVE THE EXCESSIVE SEWER LOAD ON EXISTING TRUNK MAIN NEAR VILLAGE BURAIL BY PROVIDING ALTERNATE 800MM ID NP-3 PIPELINE AT V3 ROAD ON DIVIDING ROAD SECTOR 44-B/45-A, CHANDIGARH”",11-12-2024,AKHILESH  VERMA,Technical Expert,7080502846,akhilesh101296@gmail.com,Sh. Rajinder Singh,9872511338,publichealthdiv4@gmail.com,Submitted,Submitted,Save As Draft,Sent to State,Submitted,Report Submitted,Yes,agreed,Q3 - 2024-2025,,,,,
74,CHANDIGARH,CHANDIGARH,CH-CHANDIGARH-18032,Water Supply,Upgradation of Kajauli Water Works and Rehabilitation of Rising Main in convergence with 24x7 Water Supply Project for PanCity (Chandigarh),12-12-2024,AKHILESH  VERMA,Technical Expert,7080502846,akhilesh101296@gmail.com,Amit Kumar Sharma,9872511238,akschd74@gmail.com,Submitted,Submitted,Save As Draft,Sent to State,Submitted,Report Submitted,Yes,agreed,Q3 - 2024-2025,,,,,
75,CHANDIGARH,CHANDIGARH,CH-CHANDIGARH-18030,Sewerage & Septage Management,"AUGMENTATION & STRENGTHENING OF OLD BRICK SEWERAGE SYSTEM BY PROVIDING & LAYING ALTERNATE TRUNCK SEWER LINES WITH OF 1300 MM I/D & 1400 MM I/D RCC NP3 WITH HDPE LINING ON DIVIDING ROAD 33/45 AND GREEN BELT SECTOR 46, Chandigarh",17-12-2024,,,,,,,,Save As Draft,Save As Draft,Save As Draft,Pending Sent to State,Pending Submitted,Pending to be Submitted,,,Q3 - 2024-2025,,,,,
76,DELHI,NEW DELHI (NDMC),DL-NDMC-15576,Water Supply,Providing individual water connections in JJ Clusters in NDMC area.,03-02-2026,JITENDRA  SINGH it team,Deputy Team Leader,8127436183,paljitendra918@gmail.com,Er. Pramil Guptait team,98111933311,ee.watersupply@ndmc.gov.in,Save As Draft,Save As Draft,Save As Draft,Pending Sent to State,Pending Submitted,Pending to be Submitted,,,Q4 - 2025-2026,,,,,
77,DELHI,MCD DELHI,DL-EDMC-7844,Water Supply,Laying 2400mm dia Raw Water Main from DSB near Haiderpur WTP to Wazirabad,07-09-2024,Er. Avikal Saini,Technical expert,8273801221,avikal96saini@gmail.com,Sanjay Patel,9327414561,addcewp@ahmedabadcity.gov.in,Submitted,Save As Draft,Save As Draft,Sent to State,Pending Submitted,Pending to be Submitted,,,Q2 - 2024-2025,,,,,
78,DELHI,MCD DELHI,DL-EDMC-7851,Water Body Rejuvenation,Rejuvenation of Baoli IV Tughlkabad Village water body,29-08-2024,SHASHANK MISHRA DELHI,Technical Expert,7905308651,mishr.sha2nk@gmail.com,Rajesh Bansal,9650290967,eexi@gmail.com,Submitted,Save As Draft,Save As Draft,Sent to State,Pending Submitted,Pending to be Submitted,,,Q2 - 2024-2025,,,,,
79,DELHI,MCD DELHI,DL-EDMC-7863,Water Body Rejuvenation,Rejuvenation of Bakkargarh (A) water body,29-08-2024,SHASHANK MISHRA DELHI,Technical Expert,7905308651,mishr.sha2nk@gmail.com,Rajesh Bansal,9650290967,eexi@gmail.com,Submitted,Save As Draft,Save As Draft,Sent to State,Pending Submitted,Pending to be Submitted,,,Q2 - 2024-2025,,,,,
80,DELHI,MCD DELHI,DL-EDMC-7865,Water Body Rejuvenation,Rejuvenation of Dhool Siras (B) water body,29-08-2024,SHASHANK MISHRA DELHI,Technical Expert,7905308651,mishr.sha2nk@gmail.com,Rajesh Bansal,9650290967,eexi@gmail.com,Submitted,Save As Draft,Save As Draft,Sent to State,Pending Submitted,Pending to be Submitted,,,Q2 - 2024-2025,,,,,
81,DELHI,MCD DELHI,DL-EDMC-7870,Water Body Rejuvenation,Rejuvenation of Lampur (C) (D) (E) water body,29-08-2024,SHASHANK MISHRA DELHI,Technical Expert,7905308651,mishr.sha2nk@gmail.com,Rajesh Bansal,9650290967,eexi@gmail.com,Submitted,Save As Draft,Save As Draft,Sent to State,Pending Submitted,Pending to be Submitted,,,Q2 - 2024-2025,,,,,
82,DELHI,MCD DELHI,DL-EDMC-7871,Water Body Rejuvenation,Rejuvenation of Daulatpur (C) water body,29-08-2024,SHASHANK MISHRA DELHI,Technical Expert,7905308651,mishr.sha2nk@gmail.com,Rajesh Bansal,9650290967,eexi@gmail.com,Submitted,Save As Draft,Save As Draft,Sent to State,Pending Submitted,Pending to be Submitted,,,Q2 - 2024-2025,,,,,
83,DELHI,MCD DELHI,DL-EDMC-7874,Water Body Rejuvenation,Rejuvenation of Holambi Kalan (A) water body,29-08-2024,Shashank Mishra,Deputy Team Leader,7905308651,mishr.sha2nk@gmail.com,Rajesh Bansal,9650290967,eexi@gmail.com,Submitted,Save As Draft,Save As Draft,Sent to State,Pending Submitted,Pending to be Submitted,,,Q2 - 2024-2025,,,,,
84,DELHI,MCD DELHI,DL-EDMC-7875,Water Body Rejuvenation,Rejuvenation of Goyla Khurd (A) water body,29-08-2024,SHASHANK MISHRA DELHI,Technical Expert,7905308651,mishr.sha2nk@gmail.com,Rajesh Bansal,9650290967,eexi@gmail.com,Submitted,Save As Draft,Save As Draft,Pending Sent to State,Pending Submitted,Pending to be Submitted,,,Q2 - 2024-2025,,,,,
85,DELHI,MCD DELHI,DL-EDMC-7876,Water Body Rejuvenation,Rejuvenation of Khera Kalan (B) water body,29-08-2024,SHASHANK MISHRA DELHI,Technical Expert,7905308651,mishr.sha2nk@gmail.com,Rajesh Bansal,9650290967,eexi@gmail.com,Submitted,Save As Draft,Save As Draft,Sent to State,Pending Submitted,Pending to be Submitted,,,Q2 - 2024-2025,,,,,
86,DELHI,MCD DELHI,DL-EDMC-7877,Water Body Rejuvenation,Rejuvenation of Galibpur (B) water body,29-08-2024,SHASHANK MISHRA DELHI,Technical Expert,7905308651,mishr.sha2nk@gmail.com,Rajesh Bansal,9650290967,eexi@gmail.com,Submitted,Save As Draft,Save As Draft,Sent to State,Pending Submitted,Pending to be Submitted,,,Q2 - 2024-2025,,,,,
87,DELHI,MCD DELHI,DL-EDMC-7880,Water Body Rejuvenation,Rejuvenation of Mukandpur water body,29-08-2024,SHASHANK MISHRA DELHI,Technical Expert,7905308651,mishr.sha2nk@gmail.com,Rajesh Bansal,9650290967,eexi@gmail.com,Submitted,Save As Draft,Save As Draft,Pending Sent to State,Pending Submitted,Pending to be Submitted,,,Q2 - 2024-2025,,,,,
88,DELHI,MCD DELHI,DL-EDMC-7882,Water Body Rejuvenation,Rejuvenation of Kamruddin Nagar water body,29-08-2024,SHASHANK MISHRA DELHI,Technical Expert,7905308651,mishr.sha2nk@gmail.com,Rajesh Bansal,9650290967,eexi@gmail.com,Submitted,Save As Draft,Save As Draft,Sent to State,Pending Submitted,Pending to be Submitted,,,Q2 - 2024-2025,,,,,
89,DELHI,MCD DELHI,DL-EDMC-7883,Water Body Rejuvenation,Rejuvenation of Ghonda Gujran Khaddar water body,29-08-2024,SHASHANK MISHRA DELHI,Technical Expert,7905308651,mishr.sha2nk@gmail.com,Rajesh Bansal,9650290967,eexi@gmail.com,Submitted,Save As Draft,Save As Draft,Sent to State,Pending Submitted,Pending to be Submitted,,,Q2 - 2024-2025,,,,,
90,DELHI,MCD DELHI,DL-EDMC-7885,Water Body Rejuvenation,Rejuvenation of Samaspur Khalsa (C) water body,29-08-2024,SHASHANK MISHRA DELHI,Technical Expert,7905308651,mishr.sha2nk@gmail.com,Rajesh Bansal,9650290967,eexi@gmail.com,Submitted,Save As Draft,Save As Draft,Sent to State,Pending Submitted,Pending to be Submitted,,,Q2 - 2024-2025,,,,,
91,DELHI,MCD DELHI,DL-EDMC-7887,Water Body Rejuvenation,Rejuvenation of Usmanpur F/89 water body,29-08-2024,SHASHANK MISHRA DELHI,Technical Expert,7905308651,mishr.sha2nk@gmail.com,Rajesh Bansal,9650290967,eexi@gmail.com,Submitted,Save As Draft,Save As Draft,Sent to State,Pending Submitted,Pending to be Submitted,,,Q2 - 2024-2025,,,,,
92,DELHI,MCD DELHI,DL-EDMC-7888,Water Body Rejuvenation,Rejuvenation of Singhola (A) water body,29-08-2024,SHASHANK MISHRA DELHI,Technical Expert,7905308651,mishr.sha2nk@gmail.com,Rajesh Bansal,9650290967,eexi@gmail.com,Submitted,Save As Draft,Save As Draft,Sent to State,Pending Submitted,Pending to be Submitted,,,Q2 - 2024-2025,,,,,
93,DELHI,MCD DELHI,DL-EDMC-7889,Water Body Rejuvenation,Rejuvenation of Chakchilla water body,29-08-2024,SHASHANK MISHRA DELHI,Technical Expert,7905308651,mishr.sha2nk@gmail.com,Rajesh Bansal,9650290967,eexi@gmail.com,Submitted,Save As Draft,Save As Draft,Sent to State,Pending Submitted,Pending to be Submitted,,,Q2 - 2024-2025,,,,,
94,DELHI,MCD DELHI,DL-EDMC-7890,Water Body Rejuvenation,Rejuvenation of Kanjhawla (A) water body,29-08-2024,SHASHANK MISHRA DELHI,Technical Expert,7905308651,mishr.sha2nk@gmail.com,Rajesh Bansal,9650290967,eexi@gmail.com,Submitted,Save As Draft,Save As Draft,Sent to State,Pending Submitted,Pending to be Submitted,,,Q2 - 2024-2025,,,,,
95,DELHI,MCD DELHI,DL-EDMC-7891,Water Body Rejuvenation,Rejuvenation of Matiala F/02(D) water body,29-08-2024,SHASHANK MISHRA DELHI,Technical Expert,7905308651,mishr.sha2nk@gmail.com,Rajesh Bansal,9650290967,eexi@gmail.com,Submitted,Save As Draft,Save As Draft,Sent to State,Pending Submitted,Pending to be Submitted,,,Q2 - 2024-2025,,,,,
96,DELHI,MCD DELHI,DL-EDMC-7892,Water Body Rejuvenation,Rejuvenation of Aali water body,29-08-2024,SHASHANK MISHRA DELHI,Technical Expert,7905308651,mishr.sha2nk@gmail.com,Rajesh Bansal,9650290967,eexi@gmail.com,Submitted,Save As Draft,Save As Draft,Sent to State,Pending Submitted,Pending to be Submitted,,,Q2 - 2024-2025,,,,,
97,DELHI,MCD DELHI,DL-EDMC-7893,Water Body Rejuvenation,Rejuvenation of Auchandi (C) water body,29-08-2024,SHASHANK MISHRA DELHI,Technical Expert,7905308651,mishr.sha2nk@gmail.com,Rajesh Bansal,9650290967,eexi@gmail.com,Submitted,Save As Draft,Save As Draft,Pending Sent to State,Pending Submitted,Pending to be Submitted,,,Q2 - 2024-2025,,,,,
98,DELHI,MCD DELHI,DL-EDMC-7894,Water Body Rejuvenation,Rejuvenation of Kilokari F/66 water body,29-08-2024,SHASHANK MISHRA DELHI,Technical Expert,7905308651,mishr.sha2nk@gmail.com,Rajesh Bansal,9650290967,eexi@gmail.com,Submitted,Save As Draft,Save As Draft,Sent to State,Pending Submitted,Pending to be Submitted,,,Q2 - 2024-2025,,,,,
99,DELHI,MCD DELHI,DL-EDMC-7895,Water Body Rejuvenation,Rejuvenation of Bawana (I) water body,29-08-2024,SHASHANK MISHRA DELHI,Technical Expert,7905308651,mishr.sha2nk@gmail.com,Rajesh Bansal,9650290967,eexi@gmail.com,Submitted,Save As Draft,Save As Draft,Sent to State,Pending Submitted,Pending to be Submitted,,,Q2 - 2024-2025,,,,,
100,DELHI,MCD DELHI,DL-EDMC-7897,Water Body Rejuvenation,Rejuvenation of Nangli Razapur F/89 water body,29-08-2024,SHASHANK MISHRA DELHI,Technical Expert,7905308651,mishr.sha2nk@gmail.com,Rajesh Bansal,9650290967,eexi@gmail.com,Submitted,Save As Draft,Save As Draft,Sent to State,Pending Submitted,Pending to be Submitted,,,Q2 - 2024-2025,,,,,
101,DELHI,MCD DELHI,DL-EDMC-7898,Water Body Rejuvenation,Rejuvenation of Tajpur water body,29-08-2024,SHASHANK MISHRA DELHI,Technical Expert,7905308651,mishr.sha2nk@gmail.com,Rajesh Bansal,9650290967,eexi@gmail.com,Submitted,Save As Draft,Save As Draft,Sent to State,Pending Submitted,Pending to be Submitted,,,Q2 - 2024-2025,,,,,
102,DELHI,MCD DELHI,DL-EDMC-8096,Sewerage & Septage Management,DJB-Providing chamber for House sewer connections for Swaroop Nagar GOC falling under Coronation Pillar catchment area in Delhi,12-08-2024,Er. Avikal Saini,Technical Expert,827381221,avikal96saini@gmail.com,Er. Ashish Kumar,9868065722,eecdr3@gmail.com,Submitted,Save As Draft,Save As Draft,Sent to State,Pending Submitted,Pending to be Submitted,,,Q2 - 2024-2025,,,,,
103,DELHI,MCD DELHI,DL-EDMC-8102,Sewerage & Septage Management,"Remodeling and Construction of sludge drain from Rajasthani Pahari on shiv Mandir Road to Mehrauli Badarpur road via Shooting  Range road in ward no 169, 170 old 83-S Sangam Vihar, Central Zone.",22-12-2024,,,,,,,,Save As Draft,Save As Draft,Save As Draft,Pending Sent to State,Pending Submitted,Pending to be Submitted,,,Q3 - 2024-2025,,,,,
104,DELHI,MCD DELHI,DL-EDMC-8545,Sewerage & Septage Management,Laying of Sewerage Network in Zindpur GOC,15-07-2024,Er. Avikal Saini,Technical Expert,8273801221,avikal96saini@gmail.com,Er. Ashish Kumar,9868065722,eecdr3@gmail.com,Submitted,Submitted,Save As Draft,Sent to State,Submitted,Report Submitted,Yes,As per Comments,Q2 - 2024-2025,,,,,
105,DELHI,MCD DELHI,DL-EDMC-8556,Sewerage & Septage Management,DJB-Providing House sewer connections (HSC) from nearest DJB manholes to individual house  in U/A colonies under Vikaspuri GOC ,27-08-2024,jodhpur it team,jodhpur it team,jodhpur it team,jodhpuritteam@gmail.com,jodhpur it team,jodhpur it team,jodhpuritteam@gmail.com,Submitted,Save As Draft,Save As Draft,Sent to State,Pending Submitted,Pending to be Submitted,,,Q2 - 2024-2025,,,,,
106,DELHI,MCD DELHI,DL-EDMC-10823,Water Body Rejuvenation,"MCD (WR)- Ghazipur Village near Highway Apartment, Shahdara South Zone ward no. 19-E",18-07-2024,Er. Avikal Saini,Technical Expert,8273801221,avikal96saini@gmail.com,Mr. Rajit Kumar,8750486080,rajitgangwar@gmail.com,Submitted,Submitted,Save As Draft,Sent to State,Submitted,Report Submitted,Partially Compliant,As per Comments,Q2 - 2024-2025,,,,,
107,DELHI,MCD DELHI,DL-EDMC-10824,Water Body Rejuvenation,"MCD (WR)- Water Body at Bagdola near Malaria Office, Sector-8, Dwarka in ward No. 47-S, Najafgarh Zone",30-07-2024,Er. Avikal Saini,Technical Expert,8273801221,avikal96saini@gmail.com,Shree Mukesh Meena,9717787915,eemiiinajafgarh@gmail.com,Submitted,Submitted,Save As Draft,Sent to State,Submitted,Report Submitted,Yes,As per Comments,Q2 - 2024-2025,,,,,
108,DELHI,MCD DELHI,DL-EDMC-10825,Water Body Rejuvenation,"MCD (WR)- Jahaz Wala Park in Bagdola Village, Sector-8, Dwarka in ward no. 47-S, Najafgarh Zone",30-07-2024,Er. Avikal Saini,Technical Expert,8273801221,avikal96saini@gmail.com,Shree Mukesh Meena,9911607544,eemiiinajafgarh@gmail.com,Submitted,Submitted,Save As Draft,Sent to State,Pending Submitted,Pending to be Submitted,,,Q2 - 2024-2025,,,,,
109,DELHI,MCD DELHI,DL-EDMC-10826,Water Body Rejuvenation,"MCD (WR)- Naini Lake, Model Town, Keshav Puram, Ward no. 77-N",25-07-2024,Er. Avikal Saini,Technical Expert,9.18274E+11,avikal96saini@gmail.com,Er. S.C. Arya,9717788475,eeprojectkbz@gmail.com,Submitted,Save As Draft,Save As Draft,Pending Sent to State,Pending Submitted,Pending to be Submitted,,,Q2 - 2024-2025,,,,,
110,DELHI,MCD DELHI,DL-EDMC-10864,Water Body Rejuvenation,"MCD- Khasra No.396, Pana Paposian, Narela",09-08-2024,Er. Avikal Saini,Technical Expert,8273801221,avikal96saini@gmail.com,Er. Indrajeet Singh,9717788006,eenarela@gmail.com,Submitted,Submitted,Save As Draft,Sent to State,Pending Submitted,Pending to be Submitted,,,Q2 - 2024-2025,,,,,
111,DELHI,MCD DELHI,DL-EDMC-10865,Water Body Rejuvenation,"MCD- Khasra No. 61/26, ( 7-11) Narela, Mata Mansa Devi Mandir",09-08-2024,Er. Avikal Saini,Technical Expert,8273801221,avikal96saini@gmail.com,SHRI INDERJEET SINGH,9717788006,eenarela@gmail.com,Submitted,Submitted,Save As Draft,Sent to State,Submitted,Report Submitted,Yes,As per Comments,Q2 - 2024-2025,,,,,
112,DELHI,MCD DELHI,DL-EDMC-10866,Water Body Rejuvenation,MCD- Tahir Pur Village,22-08-2024,Er. Avikal Saini,Technical Expert,8273801221,avikal96saini@gmail.com,SHRI  BHARAT BHUSHAN,7503739423,ddhshahdaranorth@gmail.com,Submitted,Submitted,Save As Draft,Sent to State,Submitted,Report Submitted,Partially Compliant,As per Comments,Q2 - 2024-2025,,,,,
113,DELHI,MCD DELHI,DL-EDMC-10867,Water Body Rejuvenation,MCD- Ghazipur Village behind Subzi Mandi,18-07-2024,Er. Avikal Saini,Technical Expert ,8273801221,avikal96saini@gmail.com,Mr. RAJIT KUMAR,8750486080,rajitgangwar@gmail.com,Submitted,Submitted,Save As Draft,Sent to State,Submitted,Report Submitted,Partially Compliant,As per Comments,Q2 - 2024-2025,,,,,
114,DELHI,MCD DELHI,DL-EDMC-10869,Water Body Rejuvenation,"MCD- Village- Amberhat, Sectior-19, Dwarka, Najafgarh Zone",03-08-2024,Er. Avikal Saini,Technical Expert,8273801221,avikal96saini@gmail.com,Shree Jai Inder Saroha,9650798742,Ddhngzsdmc@gmail.com,Submitted,Submitted,Save As Draft,Sent to State,Pending Submitted,Pending to be Submitted,,,Q2 - 2024-2025,,,,,
115,DELHI,MCD DELHI,DL-EDMC-10870,Water Body Rejuvenation,"MCD- Khasra No. 155 behind Pkt. 1 Sec-7 Dwarka (Palam)  in ward No. 54-S, Najafgarh Zone.",30-07-2024,Er. Avikal Saini,Technical Expert,8273801221,avikal96saini@gmail.com,Shree Mukesh Meena,9717787915,eemiiinajafgarh@gmail.com,Submitted,Submitted,Save As Draft,Sent to State,Pending Submitted,Pending to be Submitted,,,Q2 - 2024-2025,,,,,
116,DELHI,MCD DELHI,DL-EDMC-10871,Water Body Rejuvenation,"MCD- Primary School Jaunapur,South Zone   in ward No. 73-S, South Zone.",27-07-2024,Er. Avikal Saini,Technical Expert,8273801221,avikal96saini@gmail.com,Er. Shadab Ali,9650798702,eem4sdmc@gmail.com,Submitted,Submitted,Save As Draft,Sent to State,Submitted,Report Submitted,Yes,As per Comments,Q2 - 2024-2025,,,,,
117,DELHI,MCD DELHI,DL-EDMC-10872,Water Body Rejuvenation,"MCD- Aya Nagar Johad (near Bus Stand ),",27-07-2024,Er. Avikal Saini,Technical Expert,8273801221,avikal96saini@gmail.com,Er. Shadab Ali,9650798702,eem4sdmc@gmail.com,Submitted,Submitted,Save As Draft,Sent to State,Submitted,Report Submitted,Yes,As per Comments,Q2 - 2024-2025,,,,,
118,DELHI,MCD DELHI,DL-EDMC-10873,Water Body Rejuvenation,"MCD- Masoodpur Village Park, (Vasant Kunj)  in ward No. 69-S, South Zone.",27-07-2024,Er. Avikal Saini,Technical Expert,8273801221,avikal96saini@gmail.com,Er. Shadab Ali,9650798702,eem4sdmc@gmail.com,Submitted,Submitted,Save As Draft,Sent to State,Pending Submitted,Pending to be Submitted,,,Q2 - 2024-2025,,,,,
119,DELHI,MCD DELHI,DL-EDMC-10874,Water Body Rejuvenation,"MCD- Harijan Basti near Ramphal Chowk Sec-7 Dwarka  in ward No. 54-S, Najafgarh Zone.",02-08-2024,Er. Avikal Saini,Technical Expert,8273801221,avikal96saini@gmail.com,Shre Mukesh Meena,9911607544,eemiiinajafgarh@gmail.com,Submitted,Submitted,Save As Draft,Sent to State,Submitted,Report Submitted,Partially Compliant,As per Comments,Q2 - 2024-2025,,,,,
120,DELHI,MCD DELHI,DL-EDMC-10876,Water Body Rejuvenation,"MCD- Village Pochan Pur Sector-23 Dwarka in ward No. 38-S, Najafgarh Zone.",03-08-2024,Er. Avikal Saini,Technical Expert,8273801221,avikal96saini@gmail.com,Mr. Jai Inder Saroha,9650798742,Ddhngzsdmc@gmail.com,Submitted,Submitted,Save As Draft,Sent to State,Pending Submitted,Pending to be Submitted,,,Q2 - 2024-2025,,,,,
121,DELHI,MCD DELHI,DL-EDMC-10877,Water Body Rejuvenation,"MCD- C BLOCK, SECTOR-8 Dwarka",02-08-2024,Er. Avikal Saini,Technical Expert,8273801221,avikal96saini@gmail.com,Shree Mukesh Meena,9717787915,eemiiinajafgarh@gmail.com,Submitted,Submitted,Save As Draft,Sent to State,Submitted,Report Submitted,Yes,As per Comments,Q2 - 2024-2025,,,,,
122,DELHI,MCD DELHI,DL-EDMC-10878,Water Body Rejuvenation,"MCD- Roshanapura near Senior Secondary   School Dharampura in ward No. 44-S, Najafgarh Zone",02-08-2024,Er. Avikal Saini,Technical Expert,8273801221,avikal96saini@gmail.com,Shre Mukesh Meena,9911607544,eemiiinajafgarh@gmail.com,Submitted,Submitted,Save As Draft,Sent to State,Submitted,Report Submitted,Partially Compliant,As per Comments,Q2 - 2024-2025,,,,,
123,DELHI,MCD DELHI,DL-EDMC-10879,Water Body Rejuvenation,MCD- Behind DTC Terminal in Ward No. 43-S  Najafgarh Zone,02-08-2024,Er. Avikal Saini,Technical Expert,8273801221,avikal96saini@gmail.com,Shre Mukesh Meena,9717786839,eemingzsdmc@gmail.com,Submitted,Submitted,Save As Draft,Sent to State,Pending Submitted,Pending to be Submitted,,,Q2 - 2024-2025,,,,,
124,DELHI,MCD DELHI,DL-EDMC-10880,Water Body Rejuvenation,"MCD- Khasra No. 155 behind Pkt. 1 Sec-7 Dwarka (Palam)  in ward No. 54-S, Najafgarh Zone.",02-08-2024,Er. Avikal Saini,Technical Expert,8273801221,avikal96saini@gmail.com,SHRE MUKESH MEENA,9911607544,eemivngzsdmc@gmail.com,Submitted,Submitted,Save As Draft,Sent to State,Pending Submitted,Pending to be Submitted,,,Q2 - 2024-2025,,,,,
125,DELHI,MCD DELHI,DL-EDMC-10931,Water Body Rejuvenation,"Cleaning of Lake 1,2,3 and 4 of Sanjay Van ",29-08-2024,SHASHANK MISHRA DELHI,Technical Expert,7905308651,mishr.sha2nk@gmail.com,Rajesh Bansal,9650290967,eexi@gmail.com,Submitted,Save As Draft,Save As Draft,Sent to State,Pending Submitted,Pending to be Submitted,,,Q2 - 2024-2025,,,,,
126,DELHI,MCD DELHI,DL-EDMC-11203,Sewerage & Septage Management,"MCD- Remodelling & Construction of sludge drain along Railway Line from Police Chowki to underpass Sawan Park for nearby area Sawan Park, Sawan Park Extension",16-07-2024,Avikal Saini,Technical Expert,8273801221,avikal96saini@gmail.com,S.C. Arya ,9717788475,eeprojectkpz@gmail.com,Submitted,Submitted,Save As Draft,Sent to State,Submitted,Report Submitted,Partially Compliant,As per Comments,Q2 - 2024-2025,,,,,
127,DELHI,MCD DELHI,DL-EDMC-11209,Sewerage & Septage Management,"MCD- Remodelling & Construction of sludge drain from Vasundhara Enclave to New Ashok Nagar, Metro Station in New Ashok Nagar Ward No. E-04 in AC-55",27-08-2024,Er. Avikal Saini,Technical Expert,8273801221,avikal96saini@gmail.com,SHRI MULA SINGH,9717787761,eepr2ssz@gmail.com,Submitted,Save As Draft,Save As Draft,Sent to State,Pending Submitted,Pending to be Submitted,,,Q2 - 2024-2025,,,,,
128,DELHI,MCD DELHI,DL-EDMC-11226,Sewerage & Septage Management,MCD- Remodelling & Construction of sludge drain from Rajiv Gandhi Camp to Loha Mandi Red Light Girdhari Lal Road along Rly. line in ward No.104,25-07-2024,Er. Avikal Saini,Technical Expert,8273801221,avikal96saini@gmail.com,Er. S.C Arya,9717788475,eeprojectkbz@gmail.com,Submitted,Submitted,Save As Draft,Sent to State,Pending Submitted,Pending to be Submitted,,,Q2 - 2024-2025,,,,,
129,DELHI,MCD DELHI,DL-EDMC-11683,Water Body Rejuvenation,"MCD- Rejuvenation of Lake at Roshanara Bagh, Ward No.78, Kheshav Puram Zone.",25-07-2024,Er. Avikal Saini ,Technical Expert,8273801221,avikal96saini@gmail.com,Er. S.C. Arya,9717788475,eeprojectkbz@gmail.com,Submitted,Submitted,Save As Draft,Sent to State,Pending Submitted,Pending to be Submitted,,,Q2 - 2024-2025,,,,,
130,DELHI,MCD DELHI,DL-EDMC-11726,Sewerage & Septage Management,"MCD- Remodelling & Construction of sludge drain from H.No.B-4/288 upto Naag Mandir in Ward No.47/N, Sultanpuri, AC-10-Rohini.",23-07-2024,Er. Shashank Mishra,DTL,7905308651,mishr.sha2nk@gmail.com,SHRI RAKESH BRIJWAL,9717788120,eeprojectrohini.1@gmail.com,Submitted,Submitted,Save As Draft,Sent to State,Pending Submitted,Pending to be Submitted,,,Q2 - 2024-2025,,,,,
131,DELHI,MCD DELHI,DL-EDMC-11727,Sewerage & Septage Management,"MCD- Remodelling & Construction of sludge drain in C-Block, Sultanpuri, Ward No.45/N in AC-10, Rohini Zone.",23-07-2024,Er. Shashank Mishra,DTL,9936961722,mishr.sha2nk@gmail.com,SHRI RAKESH BRIJWAL,9717788120,eeprojectrohini.1@gmail.com,Submitted,Submitted,Save As Draft,Sent to State,Pending Submitted,Pending to be Submitted,,,Q2 - 2024-2025,,,,,
132,DELHI,MCD DELHI,DL-EDMC-11736,Sewerage & Septage Management,"MCD- Remodelling & Construction of sludge drain in Shahzada Bagh Extension area in ward no. 82-N, Anand Parbat",16-07-2024,Er. Avikal Saini,Technical Expert,8270801221,avikal96saini@gmail.com,Er. Kamleshwar Dayal,9717786979,eeproject.citysp@mcd.nic.in,Submitted,Save As Draft,Save As Draft,Sent to State,Pending Submitted,Pending to be Submitted,,,Q2 - 2024-2025,,,,,
133,DELHI,MCD DELHI,DL-EDMC-11738,Sewerage & Septage Management,MCD- Remodelling & Construction of sludge drain at Goinka Road and Kali Road in Ward no. 80N/ M-I/City SP Zone,16-07-2024,Er. Avikal Saini,Technical Expert,8273801221,avikal96saini@gmail.com,Er. Kamleshwar Dayal,9717786979,eeproject.citysp@mcd.nic.in,Submitted,Submitted,Save As Draft,Sent to State,Submitted,Report Submitted,Yes,As per Comments,Q2 - 2024-2025,,,,,
134,DELHI,MCD DELHI,DL-EDMC-12216,Sewerage & Septage Management,"MCD-IInstallation of decentralized sewage treatment plant (STP) at Divyang Park, Rathi Mil, Loni Road & its development in W.No.38-E, Shah/North Zone.",14-11-2024,Avikal Saini,Technical Expert,8273801221,avikal96saini@gmail.com,SHRI  PRATAP SINGH,7503739423,ddhshahdaranorth@gmail.com,Submitted,Submitted,Save As Draft,Sent to State,Pending Submitted,Pending to be Submitted,,,Q3 - 2024-2025,,,,,
135,DELHI,MCD DELHI,DL-EDMC-12222,Sewerage & Septage Management,"MCD-Installation of decentralized sewage treatment plant (STP) at Senior Citizen Park near Law Apartment, Karkardooma Village & its development, WNo 18E, Shah./ South Zone.",12-11-2024,Avikal Saini,Technical Expert ,8273801221,avikal96saini@gmail.com,Er. RAJIT KUMAR,8750486080,rajitgangwar@gmail.com,Submitted,Submitted,Save As Draft,Sent to State,Pending Submitted,Pending to be Submitted,,,Q3 - 2024-2025,,,,,
136,DELHI,MCD DELHI,DL-EDMC-12223,Sewerage & Septage Management,"MCD-Installation of decentralized sewage treatment plant (STP) & development of Topiary Garden at Park/ Seed bed in Mayur Vihar Ph-II, W.N. 11E",29-01-2025,ZEESHAN ALI,Technical Expert,7310891560,zeeshanali9046@gmail.com,Mr. Rajit Kumar,8750486080,rajitgangwar@gmail.com,Submitted,Submitted,Save As Draft,Sent to State,Pending Submitted,Pending to be Submitted,,,Q4 - 2024-2025,,,,,
137,DELHI,MCD DELHI,DL-EDMC-12224,Sewerage & Septage Management,"MCD- Remodeling & Construction of sludge drain from APEEJAY school near DDA land to ................. PWD Outfall Drain at Eklavya Marg, KPZ",30-08-2024,Er. avikal Saini,Technical Expert,8273801221,avikal96saini@gmail.com,Shri S.C. Arya,9717788475,eeprojectkpz@gmail.com,Submitted,Save As Draft,Save As Draft,Pending Sent to State,Pending Submitted,Pending to be Submitted,,,Q2 - 2024-2025,,,,,
138,DELHI,MCD DELHI,DL-EDMC-12374,Sewerage & Septage Management,MCD-Remodeling of existing pump house for sludge drain & construction of STP for supplying treated water to various parks in Laxmi Nagar & adjoining areas.,07-09-2024,Er. Avikal Saini,Technical Expert,8273801221,avikal96saini@gmail.com,Shri Akhilesh Kumar,9717788425,eeproject432@gmail.com,Submitted,Save As Draft,Save As Draft,Sent to State,Pending Submitted,Pending to be Submitted,,,Q2 - 2024-2025,,,,,
139,DELHI,MCD DELHI,DL-EDMC-12375,Sewerage & Septage Management,MCD-Remodelling of existing pump house for sludge drain & construction of STP for supplying treated water to various parks in Sunder Nagri & adjoining areas.,07-09-2024,Er. Avikal Saini,Technical Expert,8273801221,avikal96saini@gmail.com,Shri. Nagendra Gaur,9717787788,eemcdng456@gmail.com,Submitted,Save As Draft,Save As Draft,Pending Sent to State,Pending Submitted,Pending to be Submitted,,,Q2 - 2024-2025,,,,,
140,DELHI,MCD DELHI,DL-EDMC-12376,Sewerage & Septage Management,MCD-Remodelling of existing pump house for sludge drain & construction of STP for supplying treated water to various parks in Shastri Park & adjoining areas.,07-09-2024,Er. Avikal Saini,Technical Expert,8273801221,avikal96saini@gmail.com,Shri Akhilesh Kumar,9717788425,eeproject432@gmail.com,Submitted,Save As Draft,Save As Draft,Sent to State,Pending Submitted,Pending to be Submitted,,,Q2 - 2024-2025,,,,,
141,DELHI,MCD DELHI,DL-EDMC-12377,Sewerage & Septage Management,MCD-Remodeling of existing pump house for sludge drain & construction of STP for supplying treated water to various parks in IP Extension & adjoining areas.,07-09-2024,Er. Avikal Saini,Technical Expert,8273801221,avikal96saini@gmail.com,Shri Akhilesh Kumar,9717788425,eeproject432@gmail.com,Submitted,Save As Draft,Save As Draft,Sent to State,Pending Submitted,Pending to be Submitted,,,Q2 - 2024-2025,,,,,
142,DELHI,MCD DELHI,DL-EDMC-12411,Parks & Green Space Development,"MCD- Development of Urban Green Recreation Space at Park near Gurudwara Trilokpuri road, Block-36, W.No 01E, Shah. (South) Zone",19-07-2024,Er. Avikal Saini,Technical Expert,8273801221,avikal96saini@gmail.com,Mr. Rajit Kumar,8750486080,Adhhortshs@gmail.com,Submitted,Submitted,Save As Draft,Sent to State,Submitted,Report Submitted,Yes,As per Comments,Q2 - 2024-2025,,,,,
143,DELHI,MCD DELHI,DL-EDMC-12412,Parks & Green Space Development,"MCD- Development of Urban Green Recreation Space at Park near Nehru Enclave Metro Station, Kalkaji",07-09-2024,Er. Avikal Saini,Technical Expert,8273801221,avikal96saini@gmai.com,SHRI MANVENDRA  PRATAP    P SHAHI,8009666166,mpshahi10@gmail.com,Submitted,Save As Draft,Save As Draft,Sent to State,Pending Submitted,Pending to be Submitted,,,Q2 - 2024-2025,,,,,
144,DELHI,MCD DELHI,DL-EDMC-12414,Parks & Green Space Development,"MCD- Development of Green Space & other infrastructure at Teacher Park, Nimari Colony, Ward No. 74/Keshav Puram Zone",28-08-2024,Er. Avikal Saini,Technical Expert,8273801221,avikal96saini@gmail.com,Kuwar  MANVENDRA  PRATAP,9453883973,mpshahi10@gmail.com,Submitted,Save As Draft,Save As Draft,Sent to State,Pending Submitted,Pending to be Submitted,,,Q2 - 2024-2025,,,,,
145,DELHI,MCD DELHI,DL-EDMC-12415,Parks & Green Space Development,"MCD- Development of Green Space & Herbal Park at 1350, LIG House Kondli W.No. 07-E, Shah. (South) Zone",19-07-2024,Er. Avikal Saini,Technical Expert,8273801221,avikal96saini@gmail.com,Mr. Rajit Kumar,8750486080,Adhhortshs@gmail.com,Submitted,Submitted,Save As Draft,Sent to State,Pending Submitted,Pending to be Submitted,,,Q2 - 2024-2025,,,,,
146,DELHI,MCD DELHI,DL-EDMC-12416,Parks & Green Space Development,"MCD- Development of Xeriecape Garden near Desh Bandhu Apartment in W.No-10E, Shah. (South) Zone",18-07-2024,Er. Avikal Saini,Technical Expert,8273801221,avikal96saini@gmail.com,Mr. Rajit Kumar,8750486080,Adhhortshs@gmail.com,Submitted,Submitted,Save As Draft,Sent to State,Submitted,Report Submitted,Partially Compliant,As per Comments,Q2 - 2024-2025,,,,,
147,DELHI,MCD DELHI,DL-EDMC-12674,Sewerage & Septage Management,DJB-Providing House Sewer Connection from nearest  DJB manholes upto individual household in left out colonies of Gokalpur AC-68.,23-08-2024,Er. Avikal Saini,Technical Expert,8273801221,avikal96saini@gmail.com,Er. Rajesh Kumar Tyagi,9650290935,eecdr8@gmail.com,Submitted,Save As Draft,Save As Draft,Sent to State,Pending Submitted,Pending to be Submitted,,,Q2 - 2024-2025,,,,,
148,DELHI,MCD DELHI,DL-EDMC-12677,Sewerage & Septage Management,DJB-Providing House Service Connections To Individual Households In Kirari GoC under EE(PR)SR-I,22-08-2024,Er. avikal Saini,Technical Expert ,8273801221,avikal96saini@gmail.com,Er. N.K. Sharma,9650755988,avikal96sa@gmail.com,Submitted,Save As Draft,Save As Draft,Sent to State,Pending Submitted,Pending to be Submitted,,,Q2 - 2024-2025,,,,,
149,DELHI,MCD DELHI,DL-EDMC-12679,Sewerage & Septage Management,DJB-Providing  house  service  connections (HSC)  to individual households in Kamruddin Nagar GOC,22-08-2024,Er. Avikal Saini,Technical Expert,8273801221,avikal96saini@gmail.com,Er. N.K sharma,9650755988,avikal96saini@gmail.com,Submitted,Save As Draft,Save As Draft,Sent to State,Pending Submitted,Pending to be Submitted,,,Q2 - 2024-2025,,,,,
150,DELHI,MCD DELHI,DL-EDMC-12758,Sewerage & Septage Management,DJB-Construction of 49.5 MLD Wastewater Treatment Plant at Mitraon with other associated / allied appurtenant work.,27-08-2024,jodhpur it team,jodhpur it team,jodhpur it team,jodhpuritteam@gmail.com,jodhpur it team,jodhpur it team,jodhpuritteam@gmail.com,Submitted,Save As Draft,Save As Draft,Sent to State,Pending Submitted,Pending to be Submitted,,,Q2 - 2024-2025,,,,,
151,DELHI,MCD DELHI,DL-EDMC-12759,Sewerage & Septage Management,DJB-Construction of 7 Nos. of Decentralized Sewage Treatment Plant and Sewage Pumping Station along with other associated / allied appurtenant work on under Najafgarh drainage,27-08-2024,jodhpur it team,jodhpur it team,jodhpur it team,jodhpuritteam@gmail.com,jodhpur it team,jodhpur it team,jodhpuritteam@gmail.com,Submitted,Save As Draft,Save As Draft,Sent to State,Pending Submitted,Pending to be Submitted,,,Q2 - 2024-2025,,,,,
152,DELHI,MCD DELHI,DL-EDMC-12762,Sewerage & Septage Management,DJB-Construction of 4 Nos. of Decentralized Sewage Treatment Plant and Sewage Pumping Station along with other associated / allied appurtenant work under Najafgarh drainage Zone--,27-08-2024,jodhpur it team,jodhpur it team,jodhpur it team,jodhpuritteam@gmail.com,jodhpur it team,jodhpur it team,jodhpuritteam@gmail.com,Submitted,Save As Draft,Save As Draft,Sent to State,Pending Submitted,Pending to be Submitted,,,Q2 - 2024-2025,,,,,
153,DELHI,MCD DELHI,DL-EDMC-12781,Sewerage & Septage Management,DJB-Construction of chamber for house sewer connection for Sant Nagar GOC falling under Coronation pillar catchment area in Delhi,27-08-2024,jodhpur it team,jodhpur it team,jodhpur it team,jodhpuritteam@gmail.com,jodhpur it team,jodhpur it team,jodhpuritteam@gmail.com,Submitted,Save As Draft,Save As Draft,Sent to State,Pending Submitted,Pending to be Submitted,,,Q2 - 2024-2025,,,,,
154,DELHI,MCD DELHI,DL-EDMC-12788,Sewerage & Septage Management,DJB-Providing / Laying / Jointing Peripheral and internal sewer lines in U/A Colonies of Najafgarh AC(35) of Tajpur GOC and adjoining Colonies to be shifted to Mitraon DSTP from Tajpur DSTP.,27-08-2024,jodhpur it team,jodhpur it team,jodhpur it team,jodhpuritteam@gmail.com,jodhpur it team,jodhpur it team,jodhpuritteam@gmail.com,Submitted,Save As Draft,Save As Draft,Sent to State,Pending Submitted,Pending to be Submitted,,,Q2 - 2024-2025,,,,,
155,DELHI,MCD DELHI,DL-EDMC-12794,Sewerage & Septage Management,"Construction of 15 MGD Wastewater Treatment Plant at Zindpur, power generation and other associated / allied Appurtenant work with effluent standard of  BOD-10mg/l, TSS-10mg/l or better on DBO basis and construction of 22 MGD WWPSs at Zindpur & 9 MGD WWTP at Hiranki including rising mains in Narela AC.",12-08-2024,Er. Avikal Saini,Technical Expert,8273801221,avikal96saini@gmail.com,Er. Ashish kumar,9868065722,eecdr3@gmail.com,Submitted,Save As Draft,Save As Draft,Sent to State,Pending Submitted,Pending to be Submitted,,,Q2 - 2024-2025,,,,,
156,DELHI,MCD DELHI,DL-EDMC-12797,Sewerage & Septage Management,"DJB-P/L 300 to 900 mm dia nominal dia. Internal and Peripheral Sewer Line in Shri Ram Colony, Rajeev Nagar and Part of Sonia vihar  in Karawal Nagar, Delhi.",23-08-2024,Er. Avikal Saini,Technical Expert,8273801221,avikal96saini@gmail.com,Er. Rajesh Kumar Tyagi,9650290935,eecdr8@gmail.com,Submitted,Save As Draft,Save As Draft,Sent to State,Pending Submitted,Pending to be Submitted,,,Q2 - 2024-2025,,,,,
157,DELHI,MCD DELHI,DL-EDMC-12800,Sewerage & Septage Management,DJB-Construction of Chambers  and laying UPVC pipes  for house sewer connections for Zindpur GOC falling under Zindpur WWTP catchment area in Delhi.,12-08-2024,Er. Avikal Saini,Technical Expert,8273801221,avikal96saini@gmail.com,Er. Ashish Kumar,9868065722,eecdr3@gmail.com,Submitted,Submitted,Save As Draft,Sent to State,Pending Submitted,Pending to be Submitted,,,Q2 - 2024-2025,,,,,
158,DELHI,MCD DELHI,DL-EDMC-12802,Sewerage & Septage Management,DJB-Providing House sewer connections (HSC) from DJB manholes upto individual household  in the area falling  under Ranhola GOC.,27-08-2024,jodhpur it team,jodhpur it team,jodhpur it team,jodhpuritteam@gmail.com,jodhpur it team,jodhpur it team,jodhpuritteam@gmail.com,Submitted,Save As Draft,Save As Draft,Sent to State,Pending Submitted,Pending to be Submitted,,,Q2 - 2024-2025,,,,,
159,DELHI,MCD DELHI,DL-EDMC-13678,Sewerage & Septage Management,"MCD- Installation of STP at outfall drain near Naag Mandir, Sultanpuri, AC-10, Rohini, Delhi.",30-08-2024,Er. Avikal Saini,Technical Expert,8273801221,avikal96saini@gmail.com,Shri Rakesh Brijwal,9717788120,eeprojectrohini.1@gmail.com,Submitted,Save As Draft,Save As Draft,Sent to State,Pending Submitted,Pending to be Submitted,,,Q2 - 2024-2025,,,,,
160,DELHI,MCD DELHI,DL-EDMC-14924,Parks & Green Space Development,"MCD- Park: Development of Urban Green Recreational Space in  Ajmal Khan park , Karol Bagh zone",29-08-2024,Er. Avikal Saini,Technical Expert,8273801221,avikal96saini@gmail.com,Er. S C Arya,9717788475,eeprojectkpz@gmail.com,Submitted,Save As Draft,Save As Draft,Sent to State,Pending Submitted,Pending to be Submitted,,,Q2 - 2024-2025,,,,,
161,DELHI,MCD DELHI,DL-EDMC-14928,Parks & Green Space Development,MCD- Park: Development of Urban Green Recreational Space in (a) Park at M- block  GK-2  (b) Park at  near PVR Saket in South zone.,29-08-2024,Er. Avikal Saini,Technical Expert,8273801221,avikal96saini@gmail.com,Sh. P.K Banerjee,9717787494,pkddhmcd234@gmail.com,Submitted,Save As Draft,Save As Draft,Sent to State,Pending Submitted,Pending to be Submitted,,,Q2 - 2024-2025,,,,,
162,DELHI,MCD DELHI,DL-EDMC-14930,Parks & Green Space Development,"MCD- Park: Development of Urban Green Recreational Space: (a) Park Swasthaya Vihar near District Centre Laxmi Nagar (b) Park near Pkt A-3, Mayur Vihar Phase–III",29-08-2024,Er. Avikal Saini,Technical Expert,8273801221,avikal96saini@gmai.com,Sh. P.K Banerjee,9717787494,pkddhmcd234@gmail.com,Submitted,Save As Draft,Save As Draft,Pending Sent to State,Pending Submitted,Pending to be Submitted,,,Q2 - 2024-2025,,,,,
163,DELHI,MCD DELHI,DL-EDMC-17279,Sewerage & Septage Management,DJB- Providing & Laying Internal & Peripherial Line in Hasanpur GOC under the command of  Proposed STP at Hasanpur.,27-08-2024,jodhpur it team,jodhpur it team,jodhpur it team,jodhpuritteam@gmail.com,jodhpur it team,jodhpur it team,jodhpuritteam@gmail.com,Submitted,Save As Draft,Save As Draft,Sent to State,Pending Submitted,Pending to be Submitted,,,Q2 - 2024-2025,,,,,
164,DELHI,MCD DELHI,DL-EDMC-17281,Parks & Green Space Development,Revised -MCD-Development of Urban Green Recreational Space in (a) Park at Mayapuri near DTC Depot & (b) Park near Janakpuri West metro station in West zone.,29-08-2024,Er. Avikal Saini,Technical Expert,8273801221,avikal96saini@gmail.com,Sh. P.K Banerjee,9717787494,pkddhmcd234@gmail.com,Submitted,Save As Draft,Save As Draft,Sent to State,Pending Submitted,Pending to be Submitted,,,Q2 - 2024-2025,,,,,
165,GUJARAT,RAPAR,GJ-RAPAR-5097,Water Supply,RAPAR: WATERSUPPLY SCHEME PHASE 1  NAL SE JA L,06-09-2024,Mr. Ghanshyam Bhalgama,Technical Expert,9687228433,gujarat.blg@gmail.com,Praveen Kakra,9974390240,np_rapar@yahoo.co.in,Submitted,Submitted,Save As Draft,Sent to State,Submitted,Report Submitted,Yes,Compliance accepted,Q2 - 2024-2025,,,,,
166,GUJARAT,RAPAR,GJ-RAPAR-5115,Parks & Green Space Development,RAPAR NAGARPALIKA PARK RENOVATION,06-09-2024,Mr. Ghanshyam Bhalgama,Technical Expert,9687228433,gujarat.blg@gmail.com,Praveen Kakar,9974390240,np_rapar@yahoo.co.in,Submitted,Save As Draft,Save As Draft,Sent to State,Submitted,Report Submitted,Yes,Compliance Accepted.,Q2 - 2024-2025,,,,,
167,GUJARAT,RAPAR,GJ-RAPAR-5121,Water Body Rejuvenation,RAPAR NAGARPALIKA ANDHAVALA LAKE DEVELPOMENT WORK,12-12-2024,Mr. Ghanshyam Bhalgama,Technical Expert,9687228433,gujarat.blg@gmail.com,Praveen Kakra,9974390240,np_rapar@yahoo.co.in,Submitted,Save As Draft,Save As Draft,Sent to State,Submitted,Pending to be Submitted,Yes,,Q3 - 2024-2025,,,,,
168,GUJARAT,RAPAR,GJ-RAPAR-10512,Water Supply,"AMRUT 2.0 : WATER SUPPLY PROJECT PHASE-2 ESR, SUMP, RISING MAIN, PUMP HOUSE, DISILTING OF NAGASAR RESERVIOR IN RAPAR MUNICIPALITY",06-09-2024,Mr. Ghanshyam Bhalgama,Technical Expert,9687228433,gujarat.blg@gmail.com,Praveen Kakar,9974390240,np_rapar@yahoo.co.in,Submitted,Save As Draft,Save As Draft,Sent to State,Submitted,Report Submitted,Yes,Informative comment.,Q2 - 2024-2025,,,,,
169,GUJARAT,BHACHAU,GJ-BHACHAU-5581,Water Body Rejuvenation,BHACHAU NAGARPALIKA GADASAR TALAV DEVLOPMENT,05-09-2024,Mr. Ghanshyam Bhalgama,Technical Expert,9687228433,gujarat.blg@gmail.com,Shailendrasinh Zala,9825228136,np_bhachau@yahoo.co.in,Submitted,Save As Draft,Save As Draft,Sent to State,Submitted,Report Submitted,Yes,"No action required, as the comments are informative in nature.",Q2 - 2024-2025,,,,,
170,GUJARAT,BHACHAU,GJ-BHACHAU-11156,Water Supply,AMRUT 2.0: BHACHAU NAGARPALIKA WATER SUPPLY SCHEME,05-09-2024,Mr. Ghanshyam Bhalgama,Technical Expert,9687228433,gujarat.blg@gmail.com,B D Rupala,9904482300,piurajkot-gudc@gujarat.gov.in,Submitted,Save As Draft,Save As Draft,Sent to State,Submitted,Report Submitted,Yes,Informative comment.,Q2 - 2024-2025,,,,,
171,GUJARAT,ANJAR,GJ-ANJAR-2680,Water Supply,ANJAR TOWN WATER SUPPLY SCHEME,15-05-2024,Sandip Vadher,Team leader,7043903718,gujarat.blg@gmail.com,Shri Paras Makwana,9724305645,np_anjar@yahoo.co.in,Submitted,Submitted,Save As Draft,Sent to State,Submitted,Report Submitted,Yes,Compliance accepted.,Q1 - 2024-2025,,,,,
172,GUJARAT,ANJAR,GJ-ANJAR-3685,Water Body Rejuvenation,ANJAR KHENGASAR LAKE PROJECT R.S NO. 976,16-09-2025,Ghanshyam Bhalgama,Technical Expert,9687228433,gujarat.blg@gmail.com,Shri Paras Makwana,9724305645,np_anjar@yahoo.co.in,Save As Draft,Save As Draft,Save As Draft,Pending Sent to State,Pending Submitted,Pending to be Submitted,,,Q2 - 2025-2026,,,,,
173,GUJARAT,ANJAR,GJ-ANJAR-3692,Parks & Green Space Development,ANJAR DEVALIYA NAKA MUNICIPAL PUBLIC PARK REDEVELOPMENT PROJECT,17-06-2025,Sandip Vadher,Team leader,7043903718,gujarat.blg@gmail.com,Shri Paras Makwana,9724305645,np_anjar@yahoo.co.in,Submitted,Submitted,Save As Draft,Sent to State,Submitted,Report Submitted,Yes,Informative comment.,Q1 - 2025-2026,,,,,
174,GUJARAT,ANJAR,GJ-ANJAR-10417,Water Body Rejuvenation,AMRUT 2.0 : Phase II: ANJAR KHENGASAR LAKE PROJECT R.S NO. 976,16-09-2025,Ghanshyam Bhalgama,Technical Expert,9687228433,gujarat.blg@gmail.com,Shri Paras Makwana,9724305645,np_anjar@yahoo.co.in,Save As Draft,Save As Draft,Save As Draft,Pending Sent to State,Pending Submitted,Pending to be Submitted,,,Q2 - 2025-2026,,,,,
175,GUJARAT,ANJAR,GJ-ANJAR-10427,Water Supply,AMRUT 2.0: ANJAR WATER SUPPLY REDEVELOPMENT PROJECT OF SUMP AND ELEVATED STORAGE RESERVOIR (ESR),21-08-2024,Sandip Vadher,Team leader,7043903718,gujarat.blg@gmail.com,Shri Paras Makwana,9724305645,np_anjar@yahoo.co.in,Submitted,Submitted,Save As Draft,Sent to State,Submitted,Report Submitted,Yes,Informative comment. No action required.,Q2 - 2024-2025,,,,,
176,GUJARAT,ANJAR,GJ-ANJAR-11696,Parks & Green Space Development,AMRUT 2.0: Phase II: ANJAR DEVALIYA NAKA MUNICIPAL PUBLIC PARK REDEVELOPMENT PROJECT,17-06-2025,Sandip Vadher,Team Leader,7043903718,gujarat.blg@gmail.com,Bhavikbhai,7878638389,np_anjar@yahoo.co.in,Submitted,Submitted,Save As Draft,Sent to State,Submitted,Report Submitted,Yes,All details and documents relating to this project should be made available during the upcoming site visit. ,Q1 - 2025-2026,,,,,
177,GUJARAT,BHUJ,GJ-BHUJ-3498,Water Supply,BHUJ WATER SUPPLY PROJECT NAL SE JAL,16-05-2024,Sandip Vadher ,Team leader,7043903718,gujarat.blg@gmail.com,gujarat.blg@gmail.com,9376221271,vpp-gudc@gujarat.gov.in,Submitted,Submitted,Save As Draft,Sent to State,Submitted,Report Submitted,Yes,Accepted,Q1 - 2024-2025,,,,,
178,GUJARAT,BHUJ,GJ-BHUJ-3525,Sewerage & Septage Management,BHUJ KACHCHH UNDER GROUND WATER DRAINAGE PROJECT,20-03-2025,Ghanshyam Bhalgama,Technical Expert,9887228433,gujarat.blg@gmail.com,Kailash Kariya,9376221271,piurajkot-gudc@gujarat.gov.in,Submitted,Submitted,Save As Draft,Sent to State,Submitted,Report Submitted,Yes,Informative comment.,Q4 - 2024-2025,,,,,
179,GUJARAT,BHUJ,GJ-BHUJ-3527,Water Body Rejuvenation,BHUJ KUTCH REJUVENATION OF DESALSAR LAKE,16-05-2024,Sandip Vadher,Team leader,7043903718,gujarat.blg@gmail.com,Mehul Gusai,9408437909,np_bhuj@yahoo.co.in,Submitted,Submitted,Save As Draft,Sent to State,Submitted,Report Submitted,Yes,Proper documents needs to be uploaded.,Q1 - 2024-2025,,,,,
180,GUJARAT,BHUJ,GJ-BHUJ-3530,Parks & Green Space Development,BHUJ KUTCH GARDEN PROJECT,20-03-2025,Ghanshyam Bhalgama,Technical Expert,9887228433,gujarat.blg@gmail.com,Mehul Goswami,940843799,np_bhuj@yahoo.co.in,Submitted,Save As Draft,Save As Draft,Sent to State,Submitted,Report Submitted,Yes,Informative comment to showcase the present status of the project. ,Q4 - 2024-2025,,,,,
181,GUJARAT,BHUJ,GJ-BHUJ-9988,Parks & Green Space Development,AMRUT 2.0 : DEVELOPMENT OF GARDEN AT RTO NEAR RAJGOR SAMAJVADI AT BHUJ,20-03-2025,Ghanshyam Bhalgama,Technical Expert,9887228433,gujarat.blg@gmail.com,Mehul Goswami,940843799,np_bhuj@yahoo.co.in,Submitted,Save As Draft,Save As Draft,Sent to State,Submitted,Report Submitted,Yes,Informative comment.,Q4 - 2024-2025,,,,,
182,GUJARAT,BHUJ,GJ-BHUJ-10005,Sewerage & Septage Management,AMRUT 2.0 : SEWER NETWORK PROJECT IN BHUJ MUNICIPALITY,20-03-2025,Ghanshyam Bhalgama,Technical Expert,9887228433,gujarat.blg@gmail.com,Kailash Kariya,9376221271,piurajkot-gudc@gujarat.gov.in,Submitted,Submitted,Save As Draft,Sent to State,Submitted,Report Submitted,Yes,Informative comment.,Q4 - 2024-2025,,,,,
183,GUJARAT,BHUJ,GJ-BHUJ-10980,Water Supply,AMRUT 2.0 : WATER SUPPLY  PROJECT IN BHUJ MUNICIPALITY,20-03-2025,Sandip Vadher,Team Leader,7043903718,gujarat.blg@gmail.com,K.H. Kariya,9376221271,vpp-gudc@gujarat.gov.in,Submitted,Submitted,Save As Draft,Sent to State,Submitted,Report Submitted,Yes,Informative comment.,Q4 - 2024-2025,,,,,
184,GUJARAT,MANDVI,GJ-MANDVI-2788,Water Supply,Augmentation of Mandavi Water Supply scheme Nal Se Jal for Poonam Nagar Area of Mandvi Town.,05-09-2024,Mr. Ghanshyam Bhalgama,Technical Expert,9687228433,gujarat.blg@gmail.com,Haribhai Gadhavi,8320261399,np_mandvik1@gmail.com,Submitted,Save As Draft,Save As Draft,Sent to State,Submitted,Report Submitted,Yes,Compliance accepted.,Q2 - 2024-2025,,,,,
185,GUJARAT,MANDVI,GJ-MANDVI-3620,Water Body Rejuvenation,Rejuvenation of Topansar Lake Phase-2 at Mandvi-Kutch.,05-09-2024,Mr. Ghanshyam Bhalgama,Technical Expert,9687228433,gujarat.blg@gmail.com,Haribhai Gadhavi,8320261399,np_mandvik1@gmail.com,Submitted,Submitted,Save As Draft,Sent to State,Submitted,Report Submitted,Yes,Compliance accepted.,Q2 - 2024-2025,,,,,
186,GUJARAT,MANDVI,GJ-MANDVI-3638,Parks & Green Space Development,Development of Municipal Garden at Mandvi-Kutch,05-09-2024,Mr. Ghanshyam Bhalgama,Technical Expert,9687228433,gujarat.blg@gmail.com,Haribhai Gadhavi,8320261399,np_mandvik1@gmail.com,Submitted,Save As Draft,Save As Draft,Sent to State,Submitted,Report Submitted,Yes,"No action required, as comment is to provide information.",Q2 - 2024-2025,,,,,
187,GUJARAT,MANDVI,GJ-MANDVI-11148,Water Supply,AMRUT 2.0: DEVELOPMENT OF 10 LL ESR in MANDVI NAGARPALIKA,05-09-2024,Mr. Ghanshyam Bhalgama,Technical Expert,9687228433,gujarat.blg@gmail.com,Haribhai Gadhavi,8320261399,np_mandvik1@gmail.com,Submitted,Submitted,Save As Draft,Sent to State,Submitted,Report Submitted,Yes,Compliance accepted.,Q2 - 2024-2025,,,,,
188,GUJARAT,MANDVI,GJ-MANDVI-14149,Water Supply,AMRUT 2.0: TRANCHE 3: Water Supply Project in Mandvi Municipality Area,05-09-2024,Mr. Ghanshyam Bhalgama,Technical Expert,9687228433,gujarat.blg@gmail.com,B D Ruapala,9904482300,piurajkot-gudc@gujarat.gov.in,Submitted,Save As Draft,Save As Draft,Sent to State,Submitted,Report Submitted,Yes,Compliance accepted.,Q2 - 2024-2025,,,,,
189,GUJARAT,GANDHIDHAM,GJ-GANDHIDHAM-2736,Water Supply,Gandhidham Water Supply scheme Phase -1 Nal Se Jal,15-05-2024,Sandip Vadher,Team Leader,7043903718,gujarat.blg@gmail.com,K.H. Kariya (GUDC - Dy. Manager),9376221271,vpp-gudc@gujarat.gov.in,Submitted,Submitted,Save As Draft,Sent to State,Submitted,Report Submitted,Yes,Mere instruction doesn't suffice. Strict action should be taken and safety precautions should be implemented throughout the project completion period.,Q1 - 2024-2025,,,,,
190,GUJARAT,GANDHIDHAM,GJ-GANDHIDHAM-3626,Sewerage & Septage Management,Gandhidham Drainage Network Phase-1,21-03-2025,Ghanshyam Bhalgama,Technical Expert,9687228433,gujarat.blg@gmail.com,K.H. Kariya,9376221271,vpp-gudc@gujarat.gov.in,Submitted,Submitted,Save As Draft,Sent to State,Submitted,Report Submitted,Yes,Informative comment. No action needed.,Q4 - 2024-2025,,,,,
191,GUJARAT,GANDHIDHAM,GJ-GANDHIDHAM-3663,Parks & Green Space Development,AMRUT 2.0 : TRANCHE  2: GANDHIDHAM NAGARPALIKA RAJENDRA PARK RENOVATION,15-05-2024,Sandip Vadher,Team Leader,7043903718,vadher.sandip@gmail.com,Arnav,9727999297,np_gandhidham@yahoo.co.in,Submitted,Submitted,Save As Draft,Sent to State,Submitted,Report Submitted,Yes,Compliance will not be considered complete until photos of rectification are not attached. ,Q1 - 2024-2025,,,,,
192,GUJARAT,GANDHIDHAM,GJ-GANDHIDHAM-3668,Parks & Green Space Development,GANDHIDHAM NAGARPALIKA SARDARVALLABHBHAI PARK RENOVATION,15-05-2024,Sandip Vadher,Team Leader,7043903718,vadher.sandip@gmail.com,Arnav,9727999297,np_gandhidham@yahoo.co.in,Submitted,Submitted,Save As Draft,Sent to State,Submitted,Report Submitted,Yes,Compliance accepted.,Q1 - 2024-2025,,,,,
193,GUJARAT,GANDHIDHAM,GJ-GANDHIDHAM-3672,Water Supply,AMRUT 2.0 : GANDHIDHAM WATER SUPPLY SCHEME PHASE -2.,21-03-2025,Ghanshyam Bhalgama,Technical Expert,9687228433,gujarat.blg@gmail.com,Arnab Buch,9727999297,np_gandhidham@yahoo.co.in,Submitted,Save As Draft,Save As Draft,Sent to State,Submitted,Report Submitted,Yes,Informative comment.,Q4 - 2024-2025,,,,,
194,GUJARAT,THARAD,GJ-THARAD-4482,Water Supply,Upgrading technology of water treatment plant.,17-07-2024,Sandip Vadher,Dy. Team Leader,7043903718,gujarat.blg@gmail.com,Nagesh Patel,9909038792,vpp-gudc@gujarat.gov.in,Submitted,Save As Draft,Save As Draft,Sent to State,Submitted,Report Submitted,Yes,Concerned authority need to intervene in order to expediate the process.,Q2 - 2024-2025,,,,,
195,GUJARAT,THARAD,GJ-THARAD-4505,Parks & Green Space Development,Site Development and garden development near Bus stand at survey number 212 .,04-02-2025,Sandip vadher,Team leader,7043903718,gujarat.blg@gmail.com,LALABHAI CHAUDHARY,9898312832,tharad_np@yahoo.co.in,Submitted,Submitted,Save As Draft,Sent to State,Submitted,Report Submitted,Yes,Informative comment.,Q4 - 2024-2025,,,,,
196,GUJARAT,THARAD,GJ-THARAD-4512,Water Body Rejuvenation,Development of water body rejuvenation project at Tada lake.,17-07-2024,Sandip vadher,Dy. Team Leader,7043903718,gujarat.blg@gmail.com,LALABHAI CHAUDHARY,9898312832,vpp-gudc@gujarat.gov.in,Submitted,Submitted,Save As Draft,Sent to State,Submitted,Report Submitted,Yes,Compliance accepted.,Q2 - 2024-2025,,,,,
197,GUJARAT,THARAD,GJ-THARAD-10305,Water Supply,Water Supply Project in Tharad Nagarpalika,17-07-2024,Sandip Vadher,Dy. Team Leader,7043903718,gujarat.blg@gmail.com,Nagesh Patel,9909038792,vpp-gudc@gujarat.gov.in,Submitted,Save As Draft,Save As Draft,Sent to State,Submitted,Report Submitted,Yes,Informative comment.,Q2 - 2024-2025,,,,,
198,GUJARAT,THARAD,GJ-THARAD-10306,Parks & Green Space Development,AMRUT 2.0: Phase II: Site Development and garden development near Bus stand at survey number 212,04-02-2025,Sandip Vadher,Team Leader,7043903718,gujarat.blg@gmail.com,LALABHAI HUDHARY,9898312832,tharad_np@yahoo.co.in,Submitted,Submitted,Save As Draft,Sent to State,Submitted,Report Submitted,Yes,Informative comment. No action needed.,Q4 - 2024-2025,,,,,
199,GUJARAT,DHANERA,GJ-DHANERA-4462,Water Supply,Dhanera Nagarpalika Area Water supply project,17-07-2024,Sandip Vadher,Dy. team Leader,7043903718,gujarat.blg@gmail.com,Nagesh Patel,9909038792,vpp-gudc@gujarat.gov.in,Submitted,Save As Draft,Save As Draft,Sent to State,Submitted,Report Submitted,Yes,Compliance accepted.,Q2 - 2024-2025,,,,,
200,GUJARAT,DHANERA,GJ-DHANERA-4487,Water Body Rejuvenation,Rejuvenation of Unchpaliya Talav,20-05-2025,Sandip vadher,Dy. Team Leader,7043903718,gujarat.blg@gmail.com,Shri Mukeshbhai Chaudhary,97145 94348,np_dhanera@yahoo.co.in,Save As Draft,Save As Draft,Save As Draft,Pending Sent to State,Pending Submitted,Pending to be Submitted,,,Q1 - 2025-2026,,,,,
201,GUJARAT,DHANERA,GJ-DHANERA-4502,Parks & Green Space Development,Development of Mama Bapji Bagicha in Dhanera,17-07-2024,Sandip Vadher,Dy. Team Leader,7043903718,gujarat.blg@gmail.com,Shri Mukeshbhai Chaudhary,97145 94348,np_dhanera@yahoo.co.in,Submitted,Submitted,Save As Draft,Sent to State,Submitted,Report Submitted,Yes,Compliance accepted.,Q2 - 2024-2025,,,,,
202,GUJARAT,DHANERA,GJ-DHANERA-10303,Water Supply,Water supply scheme at Dhanera Nagarpalika,17-07-2024,Sandip vadher,Dy. team Leader,7043903718,gujarat.blg@gmail.com,Nagesh Patel,9909038792,vpp-gudc@gujarat.gov.in,Submitted,Save As Draft,Save As Draft,Sent to State,Submitted,Report Submitted,Yes,Informative comment. No action required.,Q2 - 2024-2025,,,,,
203,GUJARAT,PALANPUR,GJ-PALANPUR-2766,Water Supply,"AUGMENTATION OF PALANPUR TOWN WATER SUPPLY SCHEME OF PHASE II CONSISTING OF ZONE-2, ZONE-3 & ZONE-5(",16-07-2024,Sandip Vadher,Dy. Team Leader,7043903718,gujarat.blg@gmail.com,ARCHIT PATEL,9722662068,np_palanpur@yahoo.co.in,Submitted,Save As Draft,Save As Draft,Sent to State,Submitted,Report Submitted,Yes,The comments are for the purpose of providing information. No action required.,Q2 - 2024-2025,,,,,
204,GUJARAT,PALANPUR,GJ-PALANPUR-3273,Sewerage & Septage Management,PALANPUR UNDER GROUND SEWERAGE PROJECT AMRUT PHASE II (OUTER GROWTH AREAS),16-07-2024,Sandip Vadher,Dy. Team Leader,7043903718,gujarat.blg@gmail.com,ARCHIT PATEL,9722662068,np_palanpur@yahoo.co.in,Submitted,Save As Draft,Save As Draft,Sent to State,Submitted,Report Submitted,Yes,The comments are for the purpose of providing information. No action required.,Q2 - 2024-2025,,,,,
205,GUJARAT,PALANPUR,GJ-PALANPUR-3300,Parks & Green Space Development,AMRUT 2.0 : KAILASH VATIKA GARDEN PALANPUR NAGAR PALIKA,16-07-2024,Sandip Vadher,Dy. Team Leader,7043903718,gujarat.blg@gmail.com,ARCHIT PATEL,9722662068,np_palanpur@yahoo.co.in,Submitted,Submitted,Save As Draft,Sent to State,Submitted,Report Submitted,Yes,"Attach photos of the rectified work, so that same can be verified.",Q2 - 2024-2025,,,,,
206,GUJARAT,PALANPUR,GJ-PALANPUR-8360,Water Body Rejuvenation,AMRUT 2.0 : TRANCHE 2.0 : MAAN SAROVAR LAKE AT PALANPUR NAGARPALIKA,16-07-2024,Sandip Vadher,Dy. Team Leader,7043903718,gujarat.blg@gmail.com,Girishbhai N Chaudhari,7990386410,np_palanpur@yahoo.co.in,Submitted,Submitted,Save As Draft,Sent to State,Submitted,Report Submitted,Yes,Photos of rectified work needs to be submitted.,Q2 - 2024-2025,,,,,
207,GUJARAT,PALANPUR,GJ-PALANPUR-14121,Sewerage & Septage Management,AMRUT 2.0 : SWAP-3 : SEWAGE TREATMENT PLANT OF PALANPUR  NAGARPALIKA,16-07-2024,Sandip Vadher,Dy. Team Leader,7043903718,gujarat.blg@gmail.com,Nagesh Patel ,9909038792,np_palanpur@yahoo.co.in,Submitted,Submitted,Save As Draft,Sent to State,Submitted,Report Submitted,Yes,Compliance accepted.,Q2 - 2024-2025,,,,,
208,GUJARAT,DEESA,GJ-DEESA-3389,Water Supply,WATER SUPPLY NETWORK AT DEESA NAGARPALIKA,17-07-2024,Sandip vadher,Dy. Team Leader,7043903718,gujarat.blg@gmail.com,Mr. Jadav ,9898223105,np_deesa@yahoo.co.in,Submitted,Submitted,Save As Draft,Sent to State,Submitted,Report Submitted,Yes,Compliance Accepted.,Q2 - 2024-2025,,,,,
209,GUJARAT,DEESA,GJ-DEESA-3422,Sewerage & Septage Management,DEESA SEWERAGE UNDERGROUND NETWORK,17-07-2024,Sandip Vadher,Dy. Team Leader,7043903718,gujarat.blg@gmail.com,Nagesh Patel,9909038792,vpp-gudc@gujarat.gov.in,Submitted,Submitted,Save As Draft,Sent to State,Submitted,Report Submitted,Yes,Suggestive measures by IRMA should be taken into consideration.,Q2 - 2024-2025,,,,,
210,GUJARAT,DEESA,GJ-DEESA-3425,Water Supply,AMRUT 2.0 : TRANCHE 2.0 : SURFACE WATER SUPPLY PROJECT IN DEESA NAGARPALIKA,17-07-2024,Sandip Vadher,Dy. Team Leader,7043903718,gujarat.blg@gmail.com,Nagesh Patel,9909038792,vpp-gudc@gujarat.gov.in,Submitted,Save As Draft,Save As Draft,Sent to State,Submitted,Report Submitted,Yes,Informative comment. No action required.,Q2 - 2024-2025,,,,,
211,GUJARAT,DEESA,GJ-DEESA-3430,Parks & Green Space Development,DEESA NAGARPALIKA GREEN SPACE AREA DEVELOPMENT,17-07-2024,Sandipn Vadher,Dy. Team Leader,7043903718,gujarat.blg@gmail.com,ALPABEN,9428396921,np_deesa@yahoo.co.in,Submitted,Save As Draft,Save As Draft,Sent to State,Submitted,Report Submitted,Yes,Informative comment. No action required.,Q2 - 2024-2025,,,,,
212,GUJARAT,DEESA,GJ-DEESA-9707,Parks & Green Space Development,AMRUT 2.0: GREEN SPACE AREA DEVELOMENT AT WADI ROAD SMASHAN,17-07-2024,Sandip Vadher,Dy. Team Leader,7043903718,gujarat.blg@gmail.com,Alpaben Chaudhary,9428396921,np_deesa@yahoo.co.in,Submitted,Save As Draft,Save As Draft,Sent to State,Submitted,Report Submitted,Yes,No action required. Informative comment.,Q2 - 2024-2025,,,,,
213,GUJARAT,DEESA,GJ-DEESA-9754,Water Supply,AMRUT 2.0 : DEESA MUNICIPALITY : TRANCHE 2.0 : CONSTRUCTION OF NEW ESR 4 NOS. AND UGS 4 NOS. AND WATER SUPPLY NETWORK.,17-07-2024,Sandip Vadher ,Dy. Team Leader,7043903718,gujarat.blg@gmail.com,Nagesh patel,9909038792,vpp-gudc@gujarat.gov.in,Submitted,Save As Draft,Save As Draft,Sent to State,Submitted,Report Submitted,Yes,Informative comment. No action required.,Q2 - 2024-2025,,,,,
214,GUJARAT,BHABHAR,GJ-BHABHAR-4503,Water Supply,Augmentation of Water Supply Scheme in Bhabhar,17-07-2024,Sandip vadher,Dy. Team leader,7043903718,gujarat.blg@gmail.com,Nagesh Patel,9909038792,vpp-gudc@gujarat.gov.in,Submitted,Submitted,Save As Draft,Sent to State,Submitted,Report Submitted,Yes,Informative comment. No action required.,Q2 - 2024-2025,,,,,
215,GUJARAT,BHABHAR,GJ-BHABHAR-4525,Water Supply,Bhabhar Nagarpalika Water Treatment Plant and Transmission Network and Distribution Lines,17-07-2024,Sandip vadher,Dy. Team Leader,7043903718,gujarat.blg@gmail.com,Nagesh Patel,9909038792,vpp-gudc@gujarat.gov.in,Submitted,Submitted,Save As Draft,Sent to State,Submitted,Report Submitted,Yes,Informative comment. No action required.,Q2 - 2024-2025,,,,,
216,GUJARAT,BHABHAR,GJ-BHABHAR-8385,Water Body Rejuvenation,AMRUT 2.0 - VAD LAKE BHABHR NAGARPALIKA,17-07-2024,Sandip vadher,Dy. Team Leader,7043903718,gujarat.blg@gmail.com,SMITKUMAR PATEL,8200878711,bhabharmunicipality@gmail.com,Submitted,Submitted,Save As Draft,Sent to State,Submitted,Report Submitted,Yes,Accepted,Q2 - 2024-2025,,,,,
217,GUJARAT,BHABHAR,GJ-BHABHAR-10220,Parks & Green Space Development,AMRUT 2.0: GARDEN DEVELOPMENT PROJECT AT KHADIYA MAIDAN AT BHABHAR MUNICIPALITY,17-07-2024,Sandip Vadher,Dy. Team Leader,7043903718,gujarat.blg@gmail.com,SMITKUMAR PATEL,8200878711,bhabharmunicipality@gmail.com,Submitted,Submitted,Save As Draft,Sent to State,Submitted,Report Submitted,Yes,Accepted,Q2 - 2024-2025,,,,,
218,GUJARAT,THARA,GJ-THARA-4467,Water Supply,water supply scheme in-Thara,18-07-2024,Sandip Vadher,Dy. Team Leader,7043903718,gujarat.blg@gmail.com,MUKESHBHAI CHAUDHARY,9714594348,np_thara@gmail.com,Submitted,Submitted,Save As Draft,Sent to State,Submitted,Pending to be Submitted,Yes,,Q2 - 2024-2025,,,,,
219,GUJARAT,THARA,GJ-THARA-4488,Water Body Rejuvenation,Water Body Rejuvenation Project in-Thara,18-07-2024,Sandip Vadher,Dy. Team Leader,7043903718,gujarat.blg@gmail.com,MUKESHBHAI CHAUDHARY,9714594348,np_thara@gmail.com,Submitted,Submitted,Save As Draft,Sent to State,Submitted,Report Submitted,Yes,Compliance Accepted.,Q2 - 2024-2025,,,,,
220,GUJARAT,THARA,GJ-THARA-4492,Parks & Green Space Development,Parks & Green Space Development Project,18-07-2024,Sandip vadher,Dy. team Leader,7043903718,gujarat.blg@gmail.com,ALPESHKUMAR CHAUDHARY,9714594348,np_thara@gmail.com,Submitted,Save As Draft,Save As Draft,Sent to State,Submitted,Report Submitted,Yes,"The comments are for the purpose of providing information. No action required.
",Q2 - 2024-2025,,,,,
221,GUJARAT,THARA,GJ-THARA-7978,Water Body Rejuvenation,AMRIT SAROVAR: Jagosar Talav Water Body Rejuvenation Project - Phase II,18-07-2024,Sandip vadher,Dy. Team leader,7043903718,gujarat.blg@gmail.com,MUKESHBHAI CHAUDHARY,9714594348,np_thara@gmail.com,Submitted,Submitted,Save As Draft,Sent to State,Submitted,Report Submitted,Yes,"Compliance will be considered complete when, before and after photos of the rectification are attached.
",Q2 - 2024-2025,,,,,
222,GUJARAT,RADHANPUR,GJ-RADHANPUR-2677,Water Supply,Radhanpur Water Supply scheme Nal Se Jal,18-07-2024,Sandip Vadher,Dy. Team leader,7043903418,gujarat.blg@gmail.com,Nagesh bhai,9909038792,vpp-gudc@gujarat.gov.in,Submitted,Submitted,Save As Draft,Sent to State,Submitted,Report Submitted,Yes,"Mere instruction to the agency is not sufficient. Proper monitoring by the ULB in carrying out the rectification work is required, after that photos needs to be uploaded.",Q2 - 2024-2025,,,,,
223,GUJARAT,RADHANPUR,GJ-RADHANPUR-10227,Water Body Rejuvenation,AMRUT 2.0 : Development of Vadpasr Lake in Radhanpur Municipality,18-07-2024,Sandip Vadher,Dy. Team leader,7043903718,gujarat.blg@gmail.com,RAMILABEN UPALANA,8160461574,np_radhanpur@yahoo.co.in,Submitted,Save As Draft,Save As Draft,Sent to State,Submitted,Report Submitted,Yes,Informative comment. No action required.,Q2 - 2024-2025,,,,,
224,GUJARAT,RADHANPUR,GJ-RADHANPUR-10231,Parks & Green Space Development,AMRUT 2.0: Lala Lajpat Rai Garden Development Project in Radhanpur Nagarpalika,18-07-2024,Sandip Vadher,Dy. Team Leader,7043903718,gujarat.blg@gmail.com,RAMILABEN UPALANA,8160461574,np_radhanpur@yahoo.co.in,Submitted,Save As Draft,Save As Draft,Sent to State,Submitted,Report Submitted,Yes,Informative comment. No action required.,Q2 - 2024-2025,,,,,
225,GUJARAT,SIDDHPUR,GJ-SIDDHPUR-4593,Water Supply,Water Supply Network Project Siddhpur Nagarpalika,16-07-2024,Sandip Vadher,Dy. Team Leader,7043903718,gujarat.blg@gmail.com,Manoj Suthar,9428386894,np_siddhpur@yahoo.co.in,Submitted,Save As Draft,Save As Draft,Sent to State,Submitted,Report Submitted,Yes,Informative comment. No action required.,Q2 - 2024-2025,,,,,
226,GUJARAT,SIDDHPUR,GJ-SIDDHPUR-8323,Water Body Rejuvenation,"AMRUT 2.0 : REJUVENATION OF KHATIYA TALAV, SIDDHPUR",16-07-2024,Sandip Vadher,Dy. Team Leader,7043903718,gujarat.blg@gmail.com,Ushaben Raval,8469152395,np_siddhpur@yahoo.co.in,Submitted,Save As Draft,Save As Draft,Sent to State,Submitted,Report Submitted,Yes,The concerned authority need to intervene and expediate the process from their end.,Q2 - 2024-2025,,,,,
227,GUJARAT,SIDDHPUR,GJ-SIDDHPUR-14547,Water Supply,AMRUT 2.0: TRANCHE 3: Rising Main from Pashavadal Headworks to Saifipura Headworks,16-07-2024,Sandip Vadher,Dy. Team Leader,7043903718,gujarat.blg@gmail.com,Ushaben Raval,8469152395,np_siddhpur@yahoo.co.in,Submitted,Save As Draft,Save As Draft,Sent to State,Submitted,Report Submitted,Yes,Informative comment.,Q2 - 2024-2025,,,,,
228,GUJARAT,PATAN_GU,GJ-PATAN_GU-3739,Sewerage & Septage Management,Patan City Sewerage Project AT Patan,19-07-2024,Sandip vadher,Dy. Team Leader,7043903718,gujarat.blg@gmail.com,Ganesh.D Vishwakaram,9974544734,vpp-gudc@gujarat.gov.in,Submitted,Submitted,Save As Draft,Sent to State,Submitted,Report Submitted,Yes,Compliance accepted.,Q2 - 2024-2025,,,,,
229,GUJARAT,PATAN_GU,GJ-PATAN_GU-3804,Parks & Green Space Development,Development of Garden at TP-2 area of Patan Municipality.,19-07-2024,Sandip Vadher,Dy. Team Leader,7043903718,gujarat.blg@gmail.com,Monil Patel,8758207473,np_patan@gmail.com,Submitted,Save As Draft,Save As Draft,Sent to State,Submitted,Report Submitted,Yes,Compliance accepted.,Q2 - 2024-2025,,,,,
230,GUJARAT,PATAN_GU,GJ-PATAN_GU-3907,Water Supply,Patan City Water Supply Project At Patan,19-07-2024,Sandip vadher,Dy. Team Leader,7043903718,gujarat.blg@gmail.com,Ganesh G Vishwkarma,9974544734,vpp-gudc@gujarat.gov.in,Submitted,Submitted,Save As Draft,Sent to State,Submitted,Report Submitted,Yes,Concerned authority should intervene.,Q2 - 2024-2025,,,,,
231,GUJARAT,PATAN_GU,GJ-PATAN_GU-8037,Water Body Rejuvenation,AMRUT 2.0:PITAMBAR  LAKE AT PATAN NAGARPALIKA,19-07-2024,Sandip vadher,Dy. Team leader,7043903718,gujarat.blg@gmail.com,Monil Patel,8758207473,np_patan@yahoo.co.in,Submitted,Save As Draft,Save As Draft,Sent to State,Submitted,Report Submitted,Yes,Informative comment. No action required.,Q2 - 2024-2025,,,,,
232,GUJARAT,HARIJ,GJ-HARIJ-4838,Water Supply,WATER WORKS PROJECT FOR HARIJ NAGARPALIKA,18-07-2024,Sandip Vadher,Dy. Team Leader,7043903718,gujarat.blg@gmail.com,Amitbhai dave,9879345870,harij_np@yahoo.co.in,Submitted,Submitted,Save As Draft,Sent to State,Submitted,Report Submitted,Yes,Compliance accepted.,Q2 - 2024-2025,,,,,
233,GUJARAT,HARIJ,GJ-HARIJ-4845,Water Body Rejuvenation,TALAV BEAUTIFICATION OF GAM TALAV HARIJ NAGARPALIKA,18-07-2024,Sandip Vadher,Dy. Team Leader,7043903718,gujarat.blg@gmail.com,Amitbhai dave,9879345870,harij_np@yahoo.co.in,Submitted,Submitted,Save As Draft,Sent to State,Submitted,Report Submitted,Yes,Informatory comment. No action required.,Q2 - 2024-2025,,,,,
234,GUJARAT,HARIJ,GJ-HARIJ-7842,Water Body Rejuvenation,AMRIT SAROVAR:TALAV BEAUTIFICATION OF GAM TALAV HARIJ NAGARPALIKA - Phase II,18-07-2024,Sandip Vadher,Dy. Team Leader,7043903718,gujarat.blg@gmail.com,Amitbhai dave,9879345870,harij_np@yahoo.co.in,Submitted,Submitted,Save As Draft,Sent to State,Submitted,Report Submitted,Yes,The concerned authority need to intervene so that progress can be achieved on the project.,Q2 - 2024-2025,,,,,
235,GUJARAT,CHANASMA,GJ-CHANASMA-4576,Water Supply,Chansama Nagarpalika Water Supply Network,19-07-2024,Sandip Vadher,Dy. Team Leader,7043903718,gujarat.blg@gmail.com,KINJALBEN,8347393974,np.chanasma@yahoo.com,Submitted,Save As Draft,Save As Draft,Sent to State,Submitted,Report Submitted,Yes,Informatory comment. No action required.,Q2 - 2024-2025,,,,,
236,GUJARAT,CHANASMA,GJ-CHANASMA-4585,Water Body Rejuvenation,gam tadav develolpment,19-07-2024,Sandip Vadher,Dy. team Leader,7043903718,gujarat.blg@gmail.com,KINJALBEN,8347393974,np.chanasma@yahoo.com,Submitted,Submitted,Save As Draft,Sent to State,Submitted,Report Submitted,Yes,Informatory comment. No action required.,Q2 - 2024-2025,,,,,
237,GUJARAT,CHANASMA,GJ-CHANASMA-7900,Water Body Rejuvenation,"AMRIT SAROVAR : CHANSMA : REJUVENATION OF GAM TALAV PHASE-2, CHANSMA",19-07-2024,Sandip Vadher,Dy. Team Leader,7043903718,gujarat.blg@gmail.com,KINJALBEN,8347393974,np.chanasma@yahoo.com,Submitted,Submitted,Save As Draft,Sent to State,Submitted,Report Submitted,Yes,Accepted,Q2 - 2024-2025,,,,,
238,GUJARAT,CHANASMA,GJ-CHANASMA-10252,Water Supply,"AMRUT 2.0 : TRANCHE 2.0 : WATER SUPPLY SCHEME ESR, SUMP AND DISTRIBUTION NETWORK AT CHANSAMA",19-07-2024,Sandip Vadher,Dy. team leader,7043903718,gujarat.blg@gmail.com,KINJALBEN,8347393974,np.chanasma@yahoo.com,Submitted,Submitted,Save As Draft,Sent to State,Submitted,Report Submitted,Yes,Accepted,Q2 - 2024-2025,,,,,
239,GUJARAT,KHERALU,GJ-KHERALU-4469,Water Supply,KHERALU WATER SUPPLY SCHEME NAL SE JAL,30-07-2024,Sandip Vadher,Dy. Team leader,704393718,gujarat.blg@gmail.com,brijesh v prajapati,9033604326,brijeshprajpati3040@gmail.com,Submitted,Submitted,Save As Draft,Sent to State,Submitted,Report Submitted,Yes,Compliance not justifiable. Supporting documents for pump prices not attached.,Q2 - 2024-2025,,,,,
240,GUJARAT,KHERALU,GJ-KHERALU-10565,Water Body Rejuvenation,AMRUT 2.0 : REJUVENATION OF SHAVLESHWAR LAKE IN KHERALU MUNICIPALITY,21-09-2024,Sandip Vadher,Dy. Team leader,7043903718,gujarat.blg@gmail.com,brijesh v prajapati,9033604326,brijeshprajpati3040@gmail.com,Submitted,Submitted,Save As Draft,Sent to State,Submitted,Report Submitted,Yes,Compliance Accepted,Q2 - 2024-2025,,,,,
241,GUJARAT,UNJHA,GJ-UNJHA-4578,Water Supply,UNJHA WATER SUPPLY SCHEME,16-07-2024,Sandip Vadher,Dy. Team Leader,7043903718,gujarat.blg@gmail.com,JAYDEEPBHAI PATEL,8141266807,np_unja@yahoo.co.in,Submitted,Submitted,Save As Draft,Sent to State,Submitted,Report Submitted,Yes,Attach photos of the rectified work so that it can be verified by IRMA. ,Q2 - 2024-2025,,,,,
242,GUJARAT,UNJHA,GJ-UNJHA-4595,Water Body Rejuvenation,REJUVENATION OF UNJHA GAM TALAV,16-07-2024,Sandip Vadher,Dy. Team Leader,7043903718,gujarat.blg@gmail.com,JAYDEEPBHAI PATEL,8141266807,np_unja@yahoo.co.in,Submitted,Submitted,Save As Draft,Sent to State,Submitted,Report Submitted,Yes,Compliance accepted.,Q2 - 2024-2025,,,,,
243,GUJARAT,UNJHA,GJ-UNJHA-4738,Parks & Green Space Development,GARDEN DEVELOPMENT IN TP 4 FP NUMBER 335 IN UNJHA MUNICIPALITY AREA,16-07-2024,sandip vadher,Dy. Team Leader,7043903718,gujarat.blg@gmail.com,JAYDEEPBHAI PATEL,8141266807,np_unja@yahoo.co.in,Submitted,Submitted,Save As Draft,Sent to State,Submitted,Report Submitted,Yes,Compliance accepted.,Q2 - 2024-2025,,,,,
244,GUJARAT,UNJHA,GJ-UNJHA-4739,Parks & Green Space Development,AMRUT 2.0: GARDEN DEVELOPMENT IN TP 5 FP NUMBER 306 IN UNJHA MUNICIPALITY AREA,16-07-2024,Sandip Vadhera,Dy. Team Leader,7043903718,gujarat.blg@gmail.com,JAYDEEPBHAI PATEL,8141266807,np_unja@yahoo.co.in,Submitted,Submitted,Save As Draft,Sent to State,Submitted,Report Submitted,Yes,Compliance Accepted,Q2 - 2024-2025,,,,,
245,GUJARAT,UNJHA,GJ-UNJHA-8078,Water Body Rejuvenation,AMRIT SAROVAR: REJUVENATION OF UNJHA GAM TALAV - Phase II,16-07-2024,Sandip Vadher,Dy. Team Leader,7043903718,gujarat.blg@gmail.com,JAYDEEPBHAI PATEL,8141266807,np_unja@yahoo.co.in,Submitted,Submitted,Save As Draft,Sent to State,Submitted,Report Submitted,Yes,Informative comment.,Q2 - 2024-2025,,,,,
246,GUJARAT,UNJHA,GJ-UNJHA-10439,Water Supply,Water Management Project for Unjha Nagarpalika,16-07-2024,Sandip Vadher,Dy. Team Leader,7043903718,gujrat.blg@gmail.com,Hiren Chaudhary,9825787389,vpp-gudc@gujarat.gov.in,Submitted,Save As Draft,Save As Draft,Sent to State,Submitted,Report Submitted,Yes,Informative comment.,Q2 - 2024-2025,,,,,
247,GUJARAT,VISNAGAR,GJ-VISNAGAR-4558,Water Supply,water supply scheme visnagar,21-09-2024,Sandip Vadher,Dy. Team Leader,7043903718,gujarat.blg@gmail.com,Aditya Damor,9265718398,np_visnagar@yahoo.co.in,Submitted,Submitted,Save As Draft,Sent to State,Submitted,Report Submitted,Yes,Compliance accepted.,Q2 - 2024-2025,,,,,
248,GUJARAT,VISNAGAR,GJ-VISNAGAR-4565,Water Body Rejuvenation,dediyu talav devlopment work at visnagar.,21-09-2024,Sandip Vadher,Dy. Team Leader,7043903718,gujarat.blg@gmail.com,Aditya Damor,9265718398,np_visnagar@yahoo.co.in,Submitted,Submitted,Save As Draft,Sent to State,Submitted,Report Submitted,Yes,Informative comment. No action required.,Q2 - 2024-2025,,,,,
249,GUJARAT,VISNAGAR,GJ-VISNAGAR-10226,Water Supply,WATER SUPPLY SCHEME AT VISANAGAR,21-09-2024,Sandip Vadher,Dy. Team Leader,7043903718,gujarat.blg@gmail.com,Aditya Damor,9265718398,np_visnagar@yahoo.co.in,Submitted,Submitted,Save As Draft,Sent to State,Submitted,Report Submitted,Yes,Compliance will be considered complete when photos of rectified work are attached.,Q2 - 2024-2025,,,,,
250,GUJARAT,VADNAGAR,GJ-VADNAGAR-4549,Water Supply,Water Supply Scheme Vadnagar Nal Se Jal,21-09-2024,Sandip vadher,Dy. Team Leader,7043903718,gujarat.blg@gmail.com,Narendrabhai Prajapati,9714234057,np_vadnagar@yahoo.co.in,Submitted,Submitted,Save As Draft,Sent to State,Submitted,Report Submitted,Yes,Compliance Accepted,Q2 - 2024-2025,,,,,
251,GUJARAT,VADNAGAR,GJ-VADNAGAR-7908,Water Body Rejuvenation,"AMRUT 2.0 :REJUVENATION OF  Vadbar TALAV, VADNAGAR",21-09-2024,Sandip vadher,Dy. Team Leader,7043903718,gujarat.blg@gmail.com,Narendra Prajapati,9714234057,np_vadnagar@yahoo.co.in,Submitted,Submitted,Save As Draft,Sent to State,Submitted,Report Submitted,Yes,"Compliance will be considered complete when, before and after photos of the rectification are attached.",Q2 - 2024-2025,,,,,
252,GUJARAT,VADNAGAR,GJ-VADNAGAR-14202,Water Supply,AMRUT 2.0: Tranche 3: PROVIDING AND LAYING PIPELINE NETWORK AT VADNAGAR NAGARPALIKA,21-09-2024,Sandip Vadher,Dy. Team Leader,7043903718,gujarat.blg@gmail.com,Narendra Prajapati,9714234057,vadnagarnp@gmail.com,Submitted,Submitted,Save As Draft,Sent to State,Submitted,Report Submitted,Yes,The comments are for the purpose of providing information. No action required.,Q2 - 2024-2025,,,,,
253,GUJARAT,VIJAPUR,GJ-VIJAPUR-4533,Water Supply,Vijapur Nagarpalika Water Supply Network Phase -2,31-07-2024,Sandip Vadher,Dy. Team leader,7043903718,gujarat.blg@gmail.com,TUSHARBHAI,6355066738,np_vijapur@yahoo.co.in,Submitted,Submitted,Save As Draft,Sent to State,Submitted,Report Submitted,Yes,Informative comment. No action required.,Q2 - 2024-2025,,,,,
254,GUJARAT,VIJAPUR,GJ-VIJAPUR-4539,Water Body Rejuvenation,Vijapur Nagarpalika WaterBody Rejuvenation at Chamunda Talav,31-07-2024,Sandip Vadher,Dy. Team leader,7043903718,gujarat.blg@gmail.com,TUSHARBHAI,6355066738,np_vijapur@yahoo.co.in,Submitted,Submitted,Save As Draft,Sent to State,Submitted,Report Submitted,Yes,Compliance Accepted.,Q2 - 2024-2025,,,,,
255,GUJARAT,VIJAPUR,GJ-VIJAPUR-10352,Water Supply,WATER SUPPLY SCHEME AT VIJAPUR NAGARPALIKA,31-07-2024,Sandip Vadher,Dy. Team leader,7043903718,gujarat.blg@gmail.com,TUSHARBHAI,6355066738,np_vijapur@yahoo.co.in,Submitted,Submitted,Save As Draft,Sent to State,Submitted,Report Submitted,Yes,Informative comment. No action required.,Q2 - 2024-2025,,,,,
256,GUJARAT,VIJAPUR,GJ-VIJAPUR-14201,Water Supply,AMRUT 2.0: TRANCHE 3: Construction of Sump at Bageecha Water Works and laying of Rising Line and other Machinery at Pumping Station of Vijapur Nagarpalika,24-12-2024,Sandip Vadher,Dy. Team leader,7043903718,gujarat.blg@gmail.com,TUSHARBHAI,6355066738,np_vijapur@yahoo.co.in,Submitted,Submitted,Save As Draft,Sent to State,Submitted,Report Submitted,Yes,Compliance accepted.,Q3 - 2024-2025,,,,,
257,GUJARAT,MAHESANA,GJ-MAHESANA-3209,Water Body Rejuvenation,"Nagalpur lake Development, opp. Nilkhanth Mahadev",19-07-2024,Sandip Vadher,Dy. Team leader,7043903718,gujarat.blg@gmail.com,Jatin Patel,9825153133,np_mahesana@yahoo.co.in,Submitted,Save As Draft,Save As Draft,Sent to State,Submitted,Report Submitted,Yes,"This was informatory Comment. No Action Required,",Q2 - 2024-2025,,,,,
258,GUJARAT,MAHESANA,GJ-MAHESANA-3323,Water Supply,Mehsana Water Supply project AT Mehsana,19-07-2024,Sandip vadher,Dy. Team leader,7043903718,gujarat.blg@gmail.com,Jatin Patel,9825153133,np_mahesana@yahoo.co.in,Submitted,Save As Draft,Save As Draft,Sent to State,Submitted,Pending to be Submitted,Yes,,Q2 - 2024-2025,,,,,
259,GUJARAT,MAHESANA,GJ-MAHESANA-4483,Sewerage & Septage Management,Mahesana City Sewerage Project at Mahesana,19-07-2024,Sandip Vadher,Dy. Team leader,7043903718,gujarat.blg@gmail.com,Jatin Patel,9825153133,np_mahesana@yahoo.co.in,Submitted,Save As Draft,Save As Draft,Sent to State,Submitted,Pending to be Submitted,Yes,,Q2 - 2024-2025,,,,,
260,GUJARAT,MAHESANA,GJ-MAHESANA-7826,Water Body Rejuvenation,"AMRIT SAROVAR : MAHESANA : REJUVENATION OF NAGALPUR LAKE, OPP. NILKANTH MAHADEV TEMPLE PHASE-2.",19-07-2024,Sandip Vadher,Dy. Team leader,7043903718,gujarat.blg@gmail.com,Jatin Patel,9825153133,np_mahesana@yahoo.co.in,Submitted,Submitted,Save As Draft,Sent to State,Submitted,Report Submitted,Yes,Compliance accepted,Q2 - 2024-2025,,,,,
261,GUJARAT,MAHESANA,GJ-MAHESANA-9746,Parks & Green Space Development,AMRUT 2.0: GARDEN RE-DEVELOPMENT PROJECT AT VIRANJALI VAN AT MAHESANA MUNICIPALITY,19-07-2024,Sandip Vadher,Dy. Team Leader,7043903718,gujarat.blg@gmail.com,Jatin Patel,9825153133,np_mahesana@yahoo.co.in,Submitted,Save As Draft,Save As Draft,Sent to State,Submitted,Pending to be Submitted,Yes,,Q2 - 2024-2025,,,,,
262,GUJARAT,MAHESANA,GJ-MAHESANA-9750,Water Supply,"Mehsana Water Supply project: Replacement of Distribution Network, Rising Main and Main Line",19-07-2024,Sandip Vadher,Dy. Team leader,7043903718,gujarat.blg@gmail.com,Jatin Patel,9825153133,np_mahesana@yahoo.co.in,Submitted,Save As Draft,Save As Draft,Sent to State,Submitted,Report Submitted,Yes,Informative comment. No action require.,Q2 - 2024-2025,,,,,
263,GUJARAT,MAHESANA,GJ-MAHESANA-11158,Sewerage & Septage Management,"AMRUT 2.0 : Mehsana Sewerage  Project : Replacement of Sewerage Network, Phase-2",19-07-2024,Sandip vadher,Dy. Team Leader,7043903718,gujarat.blg@gmail.com,Jatin Patel,9825153133,np_mahesana@yahoo.co.in,Submitted,Save As Draft,Save As Draft,Sent to State,Submitted,Report Submitted,Yes,Informative comment. No action require.,Q2 - 2024-2025,,,,,
264,GUJARAT,MAHESANA,GJ-MAHESANA-14082,Sewerage & Septage Management,AMRUT 2.0: TRANCHE 3 - Underground Drainage Scheme for Mehsana - 1,19-07-2024,Sandip vadher,Dy. Team Leader,7043903718,gujarat.blg@gmail.com,Jatin Patel,9825153133,np_mahesana@yahoo.co.in,Submitted,Save As Draft,Save As Draft,Sent to State,Submitted,Report Submitted,Yes,Informative comment. No action require.,Q2 - 2024-2025,,,,,
265,GUJARAT,MAHESANA,GJ-MAHESANA-14083,Sewerage & Septage Management,AMRUT 2.0: TRANCHE 3 - Underground Drainage Scheme for Mehsana - 2,19-07-2024,Sandip Vadher,Dy. team leader,7043903718,gujarat.blg@gmail.com,Jatin S Patel,9825153133,np_mahesana@yahoo.co.in,Submitted,Save As Draft,Save As Draft,Sent to State,Submitted,Report Submitted,Yes,Informative comment. No action require.,Q2 - 2024-2025,,,,,
266,GUJARAT,MAHESANA,GJ-MAHESANA-14084,Water Supply,AMRUT 2.0: TRANCHE 3 - Water Treatment Plant of Capacity 48MLD at Kamalpur (Dhinoj) in Mehsana Municipality,19-07-2024,Sandip Vadher,Dy. Team leader,7043903718,gujarat.blg@gmail.com,Jatin Patel,9825153133,np_mahesana@yahoo.co.in,Submitted,Save As Draft,Save As Draft,Sent to State,Submitted,Pending to be Submitted,Yes,,Q2 - 2024-2025,,,,,
267,GUJARAT,KADI,GJ-KADI-4561,Water Supply,KADI WATER SUPPLY PROJECT,28-08-2024,Mr. Sandeep Vadher,Deputy Team Leader,7043903718,gujarat.blg@gmail.com,Hiren Chaudhri,7778883322,vpp-gudc@gujarat.gov.in,Submitted,Submitted,Save As Draft,Sent to State,Submitted,Report Submitted,Yes,Informative comment. No action required.,Q2 - 2024-2025,,,,,
268,GUJARAT,KADI,GJ-KADI-4590,Water Body Rejuvenation,Sapar Lake development at kadi.,28-08-2024,Mr. Sandeep Vadher,Deputy Team Leader,7043903718,gujarat.blg@gmail.com,Maheshbhai Parmar,9898773288,np_kadi@yahoo.co.in,Submitted,Submitted,Save As Draft,Sent to State,Submitted,Report Submitted,Yes,Compliance accepted.,Q2 - 2024-2025,,,,,
269,GUJARAT,KADI,GJ-KADI-4596,Parks & Green Space Development,AMRUT 2.0 : DEVELOPMENT OF SARDAR BAGH AT KADI.,28-08-2024,Mr. Sandeep Vadher,Deputy Team Leader,704390718,gujarat.blg@gmail.com,Maheshbhai Parmar,9898773288,np_kadi@yahoo.co.in,Submitted,Submitted,Save As Draft,Sent to State,Submitted,Report Submitted,Yes,Compliance accepted.,Q2 - 2024-2025,,,,,
270,GUJARAT,KADI,GJ-KADI-4600,Parks & Green Space Development,RENOVATION OF SARDAR BAG  AT KADI.,28-08-2024,Mr. Sandeep Vadher,Deputy Team Leader,7043903718,gujarat.blg@gmail.com,Maheshbhai Parmar,9898773288,np_kadi@yahoo.co.in,Submitted,Submitted,Save As Draft,Sent to State,Submitted,Report Submitted,Yes,The comments are informative and suggestive in nature. No action required.,Q2 - 2024-2025,,,,,
271,GUJARAT,KADI,GJ-KADI-7827,Water Body Rejuvenation,AMRUT 2.0 :  Phase II: Sapar Lake development at Kadi - Phase II,28-08-2024,Mr. Sandeep Vadher,Deputy Team Leader,7043903718,gujarat.blg@gmail.com,Maheshbhai Parmar,9898773288,np_kadi@yahoo.co.in,Submitted,Submitted,Save As Draft,Sent to State,Submitted,Report Submitted,Yes,Compliance accepted.,Q2 - 2024-2025,,,,,
272,GUJARAT,KADI,GJ-KADI-10253,Water Supply,"AMRUT 2.0 : TRANCHE 2.0 : WATER SUPPLY PROJECT - WTP, 3 ESR, 3 GSR, CWS, PUMP HOUSE, PUMPING MACHINERY, TRANSMISSION LINE, PUMPING MAIN, DISTRIBUTION",28-08-2024,Mr. Sandeep Vadher,Deputy Team Leader,7043903718,gujarat.blg@gmail.com,Nagesh patelari,9909038792,vpp-gudc@gujarat.gov.in,Submitted,Submitted,Save As Draft,Sent to State,Submitted,Report Submitted,Yes,Informative comment.,Q2 - 2024-2025,,,,,
273,GUJARAT,KHEDBRAHMA,GJ-KHEDBRAHMA-2662,Water Supply,Khedbrhma Augmentation of water supply scheme based on local source and Dharoi Dam.,01-07-2024,Sandip Vadher,Team Leader,7043903718,vadher.sandip@gmail.com,kiran Bhai patel,9033424380,np_kbrahma@yahoo.co.in,Submitted,Submitted,Save As Draft,Sent to State,Submitted,Report Submitted,Yes,Compliance accepted.,Q2 - 2024-2025,,,,,
274,GUJARAT,KHEDBRAHMA,GJ-KHEDBRAHMA-4624,Water Body Rejuvenation,Bhilka talav,01-07-2024,Sandip Vadher,Team Leader,7043903718,vadher.sandip@gmail.com,kiran Bhai patel,9033424380,np_kbrahma@yahoo.co.in,Submitted,Submitted,Save As Draft,Sent to State,Submitted,Report Submitted,Yes,Compliance Accepted.,Q2 - 2024-2025,,,,,
275,GUJARAT,KHEDBRAHMA,GJ-KHEDBRAHMA-4628,Parks & Green Space Development,Shivaji Park,01-07-2024,Sandip Vadher,Team Leader,7043903718,vadher.sandip@gmail.com,kiran Bhai patel,9033424380,np_kbrahma@yahoo.co.in,Submitted,Submitted,Save As Draft,Sent to State,Submitted,Report Submitted,Yes,Compliance accepted.,Q2 - 2024-2025,,,,,
276,GUJARAT,VADALI,GJ-VADALI-4643,Water Supply,Watar supply Project Vadali Nagarpalika,01-07-2024,Sandip Vadher ,Team leader ,7043903718,gujarat.blg@gmail.com ,Dhruv Patel ,8200678472,vadalinagarpalika2005@gmail.com,Submitted,Submitted,Save As Draft,Sent to State,Submitted,Report Submitted,Yes,Compliance Accepted,Q2 - 2024-2025,,,,,
277,GUJARAT,VADALI,GJ-VADALI-10232,Water Body Rejuvenation,AMRUT 2.0: REJUVENATION OF BHALAMSHA TALAV IN VADALI,01-07-2024,Sandip Vadher,Team leader ,7043903718,gujarat.blg@gmail.com ,Dhruv Patel ,8200678472,vadalinagarpalika2005@gmail.com,Submitted,Submitted,Save As Draft,Sent to State,Submitted,Pending to be Submitted,Yes,,Q2 - 2024-2025,,,,,
278,GUJARAT,IDAR,GJ-IDAR-4571,Water Supply,Idar Nagarpalika -Nal se jal,20-06-2024,Sandip Vadher,Ass. Technical expert.,7043903718,gujarat.blg@gmail.com ,Meghna Rao,Meghna Rao,idar.np.9@gmail.com,Submitted,Submitted,Save As Draft,Sent to State,Submitted,Report Submitted,Yes,"Attach photos of the rectification work carried out, so that the same can be verified by IRMA.",Q1 - 2024-2025,,,,,
279,GUJARAT,IDAR,GJ-IDAR-4599,Water Body Rejuvenation,Rejuvenation of Rani Talav at Idar,20-06-2024,Sandip Vadher,Team leader,7043903718,gujarat.blg@gmail.com ,Meghna Rao,7600407981,idar.np.9@gmail.com,Submitted,Save As Draft,Save As Draft,Sent to State,Submitted,Report Submitted,Yes,Compliance accepted.,Q1 - 2024-2025,,,,,
280,GUJARAT,IDAR,GJ-IDAR-4601,Parks & Green Space Development,Development of Ramaleshwar Garden at Idar,20-06-2024,Sandip Vadher,Team Leader,7043903718,vadher.sandip@gmail.com,Meghna Rao,7600407981,idar.np.9@gmail.com,Submitted,Submitted,Save As Draft,Sent to State,Submitted,Report Submitted,Yes,Informative comment. ,Q1 - 2024-2025,,,,,
281,GUJARAT,IDAR,GJ-IDAR-4607,Parks & Green Space Development,Development of Sheela Garden at Idar,20-06-2024,Sandip Vadher,Team Leader,7043903718,vadher.sandip@gmail.com,Meghna Rao,7600407981,idar.np.9@gmail.com,Submitted,Submitted,Save As Draft,Sent to State,Submitted,Report Submitted,Yes,Informative comment.,Q1 - 2024-2025,,,,,
282,GUJARAT,IDAR,GJ-IDAR-10216,Parks & Green Space Development,AMRUT 2.0 : PHASE-2 : DEVELOPMENT OF SHEELA GARDEN AT IDAR MUNICIPALITY,20-06-2024,Sandip Vadher,Team Leader,7043903718,vadher.sandip@gmail.com,Meghna Rao,7600407981,idar.np.9@gmail.com,Submitted,Submitted,Save As Draft,Sent to State,Submitted,Report Submitted,Yes,Informative comment.,Q1 - 2024-2025,,,,,
283,GUJARAT,IDAR,GJ-IDAR-10219,Water Body Rejuvenation,AMRUT 2.0 :  PHASE-2 : Rejuvenation of Rani Talav at Idar,20-06-2024,Sandip Vadher,Team leader,7043903718,gujarat.blg@gmail.com ,Meghna Rao,7600407981,idar.np.9@gmail.com,Submitted,Submitted,Save As Draft,Sent to State,Submitted,Report Submitted,Yes,Compliance accepted.,Q1 - 2024-2025,,,,,
284,GUJARAT,IDAR,GJ-IDAR-10223,Water Supply,AMRUT 2.0 : TRANCHE 2.0 : CONSTRUCTION OF UNDER GROUND SUMP IN IDAR.,20-06-2024,Sandip Vadher,Team leader,7043903718,gujarat.blg@gmail.com,Meghna Rao,7600407981,idar.np.9@gmail.com,Submitted,Submitted,Save As Draft,Sent to State,Submitted,Report Submitted,Yes,Compliance accepted.,Q1 - 2024-2025,,,,,
285,GUJARAT,HIMMATNAGAR,GJ-HIMMATNAGAR-4540,Water Supply,HIMMATNAGAR WSS based on NMC Irrigation Pipeline- Guhai Dam Water,23-12-2024,Mr. Sandeep Vadher,Team Leader,7043903718,gujarat.blg@gmail.com,P M Patel,9924203703,piugnr-gudc@gujarat.gov.in,Submitted,Submitted,Save As Draft,Sent to State,Submitted,Report Submitted,Yes,Compliance accepted.,Q3 - 2024-2025,,,,,
286,GUJARAT,HIMMATNAGAR,GJ-HIMMATNAGAR-4545,Water Supply,AMRUT 2.0 : TRANCHE 2.0 : PHASE-2 : HIMMATNAGAR Augmentation WATER SUPPLY SCHEME based on NMC Irrigation Pipeline/Guhai Dam Water,29-08-2024,Mr. Sandeep Vadher,Deputy Team Leader,7043903718,gujarat.blg@gmail.com,Hiren Chaudhari,7778883322,piugnr-gudc@gujarat.gov.in,Submitted,Save As Draft,Save As Draft,Sent to State,Submitted,Report Submitted,Yes,Informative comment. No action required.,Q2 - 2024-2025,,,,,
287,GUJARAT,PRANTIJ,GJ-PRANTIJ-4654,Water Body Rejuvenation,Bhakariya Lake Development At Prantij Nagarpalika ,31-07-2024,Sandip Vadher,Dy. Team  leader,7043903718,gujarat.blg@gmail.com,RAJDEEPSINH CHAVADA,8160584892,npprantij404@gmail.com,Submitted,Submitted,Save As Draft,Sent to State,Submitted,Report Submitted,Yes,Compliance accepted,Q2 - 2024-2025,,,,,
288,GUJARAT,PRANTIJ,GJ-PRANTIJ-4680,Water Supply,Prantij Nagarpalika Water supply scheme.,31-07-2024,Sandip Vadher,Dy. Team  leader,7043903718,gujarat.blg@gmail.com,RAJDEEPSINH CHAVADA,8160584892,npprantij404@gmail.com,Submitted,Submitted,Save As Draft,Sent to State,Submitted,Report Submitted,Yes,Compliance Accepted.,Q2 - 2024-2025,,,,,
289,GUJARAT,PRANTIJ,GJ-PRANTIJ-4684,Water Supply,Prantij Nagarpalika water supply Network,31-07-2024,Sandip Vadher,Dy. Team  leader,7043903718,gujarat.blg@gmail.com,RAJDEEPSINH CHAVADA,8160584892,npprantij404@gmail.com,Submitted,Submitted,Save As Draft,Sent to State,Submitted,Report Submitted,Yes,Compliance Accepted,Q2 - 2024-2025,,,,,
290,GUJARAT,PRANTIJ,GJ-PRANTIJ-4689,Parks & Green Space Development,Prantij Nagarpalika Bhakhariya Lake Green Space Development,31-07-2024,Sandip Vadher,Dy. Team  leader,7043903718,gujarat.blg@gmail.com,RAJDEEPSINH CHAVADA,8160584892,npprantij404@gmail.com,Submitted,Submitted,Save As Draft,Sent to State,Submitted,Report Submitted,Yes,Informative comment. No action required.,Q2 - 2024-2025,,,,,
291,GUJARAT,PRANTIJ,GJ-PRANTIJ-10239,Parks & Green Space Development,AMRUT 2.0: Green space development at Prantij nagarpalika,31-07-2024,Sandip Vadher,Dy. Team  leader,7043903718,gujarat.blg@gmail.com,RAJDEEPSINH CHAVADA,8160584892,npprantij404@gmail.com,Submitted,Submitted,Save As Draft,Sent to State,Submitted,Report Submitted,Yes,Compliance accepted,Q2 - 2024-2025,,,,,
292,GUJARAT,TALOD,GJ-TALOD-4646,Water Supply,"AMRUT 2.0 : TRANCHE 2.0 : CONSTRUCTION OF WTP, ESR AND WATER SUPPLY NETWORK IN TALOD MUNICIPALITY",29-08-2024,Mr. Sandeep Vadher,Deputy Team Leader,7043903718,gujarat.blg@gmail.com,Rasilaben Byada,9898093946,np_talod@yahoo.co.in,Submitted,Submitted,Save As Draft,Sent to State,Submitted,Report Submitted,Yes,Make sure to comply with IRMA's suggestion in a reasonable time frame. The visit was carried out in August 2024 and compliance was not even carried out up until Feb 2025.,Q2 - 2024-2025,,,,,
293,GUJARAT,TALOD,GJ-TALOD-4692,Water Supply,Talod NagarPalika Water Supply Connection,29-08-2024,Mr. Sandeep Vadher,Deputy Team Leader,7043903718,gujarat.blg@gmail.com,Rasilaben Byada,9898093946,np_talod@yahoo.co.in,Submitted,Submitted,Save As Draft,Sent to State,Submitted,Report Submitted,Yes,"Compliance will be considered complete when photos of rectified work, test result records etc. are attached here, so that same can be verified.",Q2 - 2024-2025,,,,,
294,GUJARAT,TALOD,GJ-TALOD-4701,Water Body Rejuvenation,Lake Development Of Talod Nagarpalika ,29-08-2024,Mr. Sandeep Vadher,Deputy Team Leader,7043903718,gujarat.blg@gmail.com,Rasilaben Byada,9898093946,np_talod@yahoo.co.in,Submitted,Submitted,Save As Draft,Sent to State,Submitted,Report Submitted,Yes,Informative comment.,Q2 - 2024-2025,,,,,
295,GUJARAT,MODASA,GJ-MODASA-4691,Water Supply,Tap connection for modasa nagarpalika,01-08-2024,Sandip Vadher,Dy. team leader,7043903718,gujarat.blg@gmail.com,Devang Soni,6352446601,np_modasa@yahoo.co.in,Submitted,Submitted,Save As Draft,Sent to State,Submitted,Report Submitted,Yes,Compliance accepted.,Q2 - 2024-2025,,,,,
296,GUJARAT,MODASA,GJ-MODASA-5672,Parks & Green Space Development,Mazum River Park,02-05-2025,Sandip Vadher,Team Leader,7043903718,gujarat.blg@gmail.com,Rinkal kumar Bharatbhai Sharma,8141214732,np_modasa@yahoo.co.in,Save As Draft,Save As Draft,Save As Draft,Pending Sent to State,Pending Submitted,Pending to be Submitted,,,Q1 - 2025-2026,,,,,
297,GUJARAT,MODASA,GJ-MODASA-10728,Water Supply,Up gradation of Distribution system for modasa nagarpalika,01-08-2024,Sandip Vadher,Dy. team leader,7043903718,gujarat.blg@gmail.com,Rinkal kumar Bharatbhai Sharma,8141214732,np_modasa@yahoo.co.in,Submitted,Submitted,Save As Draft,Sent to State,Submitted,Report Submitted,Yes,Accepted,Q2 - 2024-2025,,,,,
298,GUJARAT,MODASA,GJ-MODASA-14209,Water Supply,AMRUT 2.0: TRANCHE 3: TECHNOLOGY UPGRADATION FOR MODASA WATER SUPPLY SYSTEM,17-02-2025,Sandip Vadher,Team Leader,7043903718,gujarat.blg@gmail.com,Devang Soni,6352446601,np_modasa@yahoo.co.in,Submitted,Save As Draft,Save As Draft,Sent to State,Submitted,Pending to be Submitted,Yes,,Q4 - 2024-2025,,,,,
299,GUJARAT,BAYAD,GJ-BAYAD-4715,Water Supply,Bayad Nagarpalika Pipeline Replacement,01-08-2024,Sandip Vadher,Dy. Team leader,7043903718,gujarat.blg@gmail.com,D K Solanki,9825562693,vpp-gudc@gujarat.gov.in,Submitted,Save As Draft,Save As Draft,Sent to State,Submitted,Pending to be Submitted,Yes,,Q2 - 2024-2025,,,,,
300,GUJARAT,BAYAD,GJ-BAYAD-4747,Water Supply,Bayad Nagarpalika Water suppy Project 1 Gabat Road,02-05-2025,Sandip Vadher,Dy. Team  leader,7043903718,gujarat.blg@gmail.com,Rasilaben,9898093946,np_bayad@yahoo.co.in,Save As Draft,Save As Draft,Save As Draft,Pending Sent to State,Pending Submitted,Pending to be Submitted,,,Q1 - 2025-2026,,,,,
301,GUJARAT,BAYAD,GJ-BAYAD-4753,Parks & Green Space Development,Bayad Nagarpalika Green Space Development,02-05-2025,Sandip Vadher,Team  leader,7043903718,gujarat.blg@gmail.com,Rasilaben,9898093946,np_bayad@yahoo.co.in,Save As Draft,Save As Draft,Save As Draft,Pending Sent to State,Pending Submitted,Pending to be Submitted,,,Q1 - 2025-2026,,,,,
302,GUJARAT,BAYAD,GJ-BAYAD-5213,Water Body Rejuvenation,Bayad Nagarpalika Water Body rejuvenation Project 3 Gam Lake,01-08-2024,Sandip Vadher,Dy. Team  leader,7043903718,gujarat.blg@gmail.com,Rasilaben,9898093946,np_bayad@yahoo.co.in,Submitted,Save As Draft,Save As Draft,Sent to State,Submitted,Report Submitted,Yes,Compliance Accepted.,Q2 - 2024-2025,,,,,
303,GUJARAT,BAYAD,GJ-BAYAD-5216,Water Supply,Bayad Nagarpalika Water Supply Project 2 Varena to Arjanvav,02-05-2025,Sandip Vadher,Team Leader,7043903718,gujarat.blg@gmail.com,Rasilaben,9898093946,np_bayad@yahoo.co.in,Save As Draft,Save As Draft,Save As Draft,Pending Sent to State,Pending Submitted,Pending to be Submitted,,,Q1 - 2025-2026,,,,,
304,GUJARAT,BAYAD,GJ-BAYAD-8308,Water Body Rejuvenation,AMRIT SAROVAR: Bayad Nagarpalika Water Body rejuvenation Project 3 Gam Lake - Phase II,01-08-2024,Sandip Vadher,Dy. Team leader,7043903718,gujarat.blg@gmail.com,Rasilaben,9898093946,np_bayad@yahoo.co.in,Submitted,Save As Draft,Save As Draft,Sent to State,Submitted,Pending to be Submitted,Yes,,Q2 - 2024-2025,,,,,
305,GUJARAT,KALOL,GJ-KALOL-5188,Water Body Rejuvenation,Reguvenation Of Jyoteshvar Pond,28-08-2024,Mr. Sandeep Vadher,Deputy Team Leader,7043903718,gujarat.blg@gmail.com,Chirag Patel,9979955689,npkalol1911@gmail.com,Submitted,Submitted,Save As Draft,Sent to State,Submitted,Report Submitted,Yes,Compliance will  be considered fulfilled when the rectification as suggested is carried out and before and after images are attached for verification.,Q2 - 2024-2025,,,,,
306,GUJARAT,KALOL,GJ-KALOL-5210,Parks & Green Space Development,Construction & Development Of Garden,17-12-2024,Sandip Vadher,Team Leader,7043903718,gujarat.blg@gmail.com,Chirag Patel,9979955689,npkalol1911@gmail.com,Submitted,Submitted,Save As Draft,Sent to State,Submitted,Report Submitted,Yes,"Compliance accepted.
",Q3 - 2024-2025,,,,,
307,GUJARAT,KALOL,GJ-KALOL-5217,Water Supply,Kalol Nagarpalika Water Supply Scheme,28-08-2024,Mr. Sandeep Vadher,Deputy Team Leader,7043903718,gujarat.blg@gmail.com,Chirag Patel,9979955689,npkalol1911@gmail.com,Submitted,Submitted,Save As Draft,Sent to State,Submitted,Report Submitted,Yes,Compliance accepted.,Q2 - 2024-2025,,,,,
308,GUJARAT,KALOL,GJ-KALOL-5226,Sewerage & Septage Management,KALOL NAGARPALIKA SEWERAGE PROJECT,28-08-2024,Mr. Sandeep Vadher,Deputy Team Leader,7043903718,gujarat.blg@gmail.com,Hiren Chaudhari,7778883322,vpp-gudc@gujarat.gov.in,Submitted,Submitted,Save As Draft,Sent to State,Submitted,Report Submitted,Yes,Compliance accepted.,Q2 - 2024-2025,,,,,
309,GUJARAT,KALOL,GJ-KALOL-8082,Water Body Rejuvenation,AMRIT SAROVAR : Rejuvenation Of Jyoteshvar Pond,28-08-2024,Mr. Sandeep Vadher,Deputy Team Leader,7043903718,gujarat.blg@gmail.com,Chirag Patel,9979955689,npkalol1911@gmail.com,Submitted,Submitted,Save As Draft,Sent to State,Submitted,Report Submitted,Yes,Compliance Accepted,Q2 - 2024-2025,,,,,
310,GUJARAT,KALOL,GJ-KALOL-9686,Water Supply,AMRUT 2.0 :WATER  SUPPLY SCHEME AT OLD TOWN HALL & RAILWAY EAST IN KALOL NAGARPALIKA,22-05-2025,Sandip Vadher,Team Leader,7043903718,gujarat.blg@gmail.com,Chirag Patel,9979955689,npkalol1911@gmail.com,Save As Draft,Save As Draft,Save As Draft,Pending Sent to State,Pending Submitted,Pending to be Submitted,,,Q1 - 2025-2026,,,,,
311,GUJARAT,KALOL,GJ-KALOL-9726,Parks & Green Space Development,AMRUT 2.0 : GARDEN DEVELOPMENT NEAR SARDA NAGARPALIKA PLOT ( OPP. JAIN VADI) AT KALOL NAGARPALIKA,17-12-2024,Sandip Vadher,Team Leader,7043903718,gujarat.blg@gmail.com,Chirag Patel,9979955689,npkalol1911@gmail.com,Submitted,Submitted,Save As Draft,Sent to State,Submitted,Report Submitted,Yes,Compliance accepted.,Q3 - 2024-2025,,,,,
312,GUJARAT,KALOL,GJ-KALOL-12413,Sewerage & Septage Management,Extension of Phase 1 : Kalol Nagarpalika Sewerage and Septage Management,28-08-2024,Mr. Sandeep Vadher,Deputy Team Leader,7043903718,gujarat.blg@gmail.com,Hiren Chaudhari,7778883322,vpp-gudc@gujarat.gov.in,Submitted,Submitted,Save As Draft,Sent to State,Submitted,Report Submitted,Yes,Compliance accepted.,Q2 - 2024-2025,,,,,
313,GUJARAT,KALOL,GJ-KALOL-14555,Sewerage & Septage Management,AMRUT 2.0: Tranche-3: Sewage Treatment Plant of 33.1 MLD for Kalol  Nagarpalika with 5 Years O & M,28-08-2024,Mr. Sandeep Vadher,Deputy Team Leader,7043903718,gujarat.blg@gmail.com,Hiren Chaudhari,7778883322,vpp-gudc@gujarat.gov.in,Submitted,Submitted,Save As Draft,Sent to State,Submitted,Report Submitted,Yes,Progress and improvement will examined in the upcoming visit.,Q2 - 2024-2025,,,,,
314,GUJARAT,MANSA_G,GJ-MANSA_G-4686,Water Supply,Water Supply Scheme Mansa Nagarpalika Nal Se Jal,31-07-2024,Sandip Vadher,Dy. Team leader,7043903718,gujarat.blg@gmail.com,ROHITBHAI,9824122413,manasa_nagarpalika@yahoo.co.in,Submitted,Submitted,Save As Draft,Sent to State,Submitted,Report Submitted,Yes,Compliance Accepted.,Q2 - 2024-2025,,,,,
315,GUJARAT,MANSA_G,GJ-MANSA_G-4700,Water Body Rejuvenation,Rejuvenation of Chandrasar Lake in Mansa Nagarpalika,31-07-2024,Sandip Vadher,Dy. Team leader,7043903718,gujarat.blg@gmail.com,ROHITBHA,9824122413,manasa_nagarpalika@yahoo.co.in,Submitted,Submitted,Save As Draft,Sent to State,Submitted,Report Submitted,Yes,Compliance Accepted,Q2 - 2024-2025,,,,,
316,GUJARAT,MANSA_G,GJ-MANSA_G-7941,Water Body Rejuvenation,"AMRIT SAROVAR : REJUVENATION OF CHANDRASAR LAKE PHASE-2, MANSA",31-07-2024,Sandip Vadher,Dy. Team leader,7043903718,gujarat.blg@gmail.com,Khushbu Patel,9427753906,manasa_nagarpalika@yahoo.co.in,Submitted,Submitted,Save As Draft,Sent to State,Submitted,Report Submitted,Yes,Accepted,Q2 - 2024-2025,,,,,
317,GUJARAT,MANSA_G,GJ-MANSA_G-10270,Water Supply,"AMRUT 2.0 : TRANCHE 2.0 : WATER SUPPLY PROJECT ESR-2 NOS, UGSR-1 NO, PUMP HOUSE AND REPLCEMENT OF PIPELINE IN MANSA MUNICIPALITY",31-07-2024,Sanadip Vadher,Dy. Team leader,7043903718,gujarat.blg@gmail.com,ROHITBHAI,98241224133,manasa_nagarpalika@yahoo.co.in,Submitted,Submitted,Save As Draft,Sent to State,Submitted,Report Submitted,Yes,ok,Q2 - 2024-2025,,,,,
318,GUJARAT,MANSA_G,GJ-MANSA_G-14207,Water Supply,"AMRUT 2.0 : TRANCHE 3 : MANSA MUNICIPALITY : WATER SUPPLY PROJECT: RENOVATION OF UGSR-3 NOS. (VEN PIMPALIYA, MALAV, SATI VAD) WATER WORKS AND 5",10-03-2025,Sandip Vadher,Team Leader ,7043903718,gujarat.blg@gmail.com,Rohit prajapati,9824122413,manasa_nagarpalika@yahoo.co.in,Submitted,Submitted,Save As Draft,Sent to State,Submitted,Report Submitted,Yes,Informative comment.,Q4 - 2024-2025,,,,,
319,GUJARAT,MANSA_G,GJ-MANSA_G-14210,Water Supply,AMRUT 2.0 : TRANCHE 3 : MANSA MUNICIPALITY SOURCE AUGMENTATION PROJECT AT 4 RESERVOIRS FOR POTABLE WATER SUPPLY,27-11-2025,Sandip Vadher,Team Leader,7043903718,gujarat.blg@gmail.com,Khushbu Patel,9427753906,manasa_nagarpalika@yahoo.co.in,Save As Draft,Save As Draft,Save As Draft,Pending Sent to State,Pending Submitted,Pending to be Submitted,,,Q3 - 2025-2026,,,,,
320,GUJARAT,GANDHINAGAR,GJ-GANDHINAGAR-3421,Water Supply,Providing and Laying Clear Water Trunk main from CWPS to Various WDS,18-06-2024,Sandeep Vadher,Team Leader,7043903718,vadher.sandip@gmail.com,R.M. Jadav,9824017761,gmc8gandhinagar@gmail.com,Submitted,Submitted,Save As Draft,Sent to State,Submitted,Report Submitted,Yes,"The comments are informatory in nature. No actions are required. Hence, Compliance accepted.",Q1 - 2024-2025,,,,,
321,GUJARAT,GANDHINAGAR,GJ-GANDHINAGAR-3426,Water Supply,"Providing & Laying Water Supply Distribution Network in  TP Scheme No. 47(Part), 48 (Part) (Koteshwar)",18-06-2024,Sandeep Vadher,Team Leader,7043903718,gujarat.blg@gmail.com,Kiranben Patel,9033424380,addcedp@ahmedabadcity.gov.in,Submitted,Submitted,Save As Draft,Sent to State,Submitted,Report Submitted,Yes,No action is required. The comments were informatory in nature. ,Q1 - 2024-2025,,,,,
322,GUJARAT,GANDHINAGAR,GJ-GANDHINAGAR-3431,Water Supply,"Providing & Laying Water Supply Distribution Network in Zundal Gamtal & Part of TP Scheme No. 410, 234, 74, 69 & 72",18-06-2024,Sandip Vadher ,Team leader,7043903718,gujarat.blg@gmail.com,R.M. Jadav,9824017761,gmc8gandhinagar@gmail.com,Submitted,Submitted,Save As Draft,Sent to State,Submitted,Report Submitted,Yes,These were comments providing information. No action required.,Q1 - 2024-2025,,,,,
323,GUJARAT,GANDHINAGAR,GJ-GANDHINAGAR-3538,Water Supply,Providing & Laying Water Supply Distribution Network in TP Scheme No. 63(Khoraj) & 303 of GMC Area,18-06-2024,Sandip Vadher ,Team leader,7043903718,gujarat.blg@gmail.com,R.M. Jadav,9824017761,gmc8gandhinagar@gmail.com,Submitted,Submitted,Save As Draft,Sent to State,Submitted,Report Submitted,Yes,Informatory comment. No action required.,Q1 - 2024-2025,,,,,
324,GUJARAT,GANDHINAGAR,GJ-GANDHINAGAR-3645,Water Supply,GMC: Construction of Water Distribution Station in FP 133 of TP-303 with Electrical & Mechanical Work,18-06-2024,Sandip Vadher ,Team leader,7043903718,gujarat.blg@gmail.com,R.M. Jadav,9824017761,gmc8gandhinagar@gmail.com,Submitted,Submitted,Save As Draft,Sent to State,Submitted,Report Submitted,Yes,This was an informatory comment. No action required.,Q1 - 2024-2025,,,,,
325,GUJARAT,GANDHINAGAR,GJ-GANDHINAGAR-3655,Sewerage & Septage Management,GMC: Construction of SPS with Electrical & Mechanical Work including O & M for 5 years in FP-116 of TP-80,01-02-2025,,,,,,,,Save As Draft,Save As Draft,Save As Draft,Pending Sent to State,Pending Submitted,Pending to be Submitted,,,Q4 - 2024-2025,,,,,
326,GUJARAT,GANDHINAGAR,GJ-GANDHINAGAR-3657,Sewerage & Septage Management,GMC: Construction of SPS with Electrical & Mechanical Work including O & M for 2 Years in TP-48 of Koteshwar,18-07-2024,Sandeep Vadher,Team Leader,7043903718,vadher.sandip@gmail.com,R.M. Jadav,9824017761,gujarat.blg@gmail.com,Submitted,Submitted,Save As Draft,Sent to State,Submitted,Report Submitted,Yes,Compliance Accepted.,Q2 - 2024-2025,,,,,
327,GUJARAT,GANDHINAGAR,GJ-GANDHINAGAR-3669,Sewerage & Septage Management,Construction of SEWAGE PUMPING STATION with Electrical & Mechanical Work for FP-60 of TP-62,19-06-2024,Sandeep Vadher,Team Leader,7043903718,vadher.sandip@gmail.com,R.M. Jadav,9824017761,gmc8gandhinagar@gmail.com,Submitted,Submitted,Save As Draft,Sent to State,Submitted,Report Submitted,Yes,"Informatory comments. No action required. Hence, compliance accepted.",Q1 - 2024-2025,,,,,
328,GUJARAT,GANDHINAGAR,GJ-GANDHINAGAR-3673,Sewerage & Septage Management,GMC: Construction of SPS with Electrical & Mechanical work including O & M for 5 years for Khoraj Gamtal,18-06-2024,Sandeep Vadher,Team Leader,7043903718,vadher.sandip@gmail.com,R.M. Jadav,9824017761,gmc8gandhinagar@gmail.com,Submitted,Submitted,Save As Draft,Sent to State,Submitted,Report Submitted,Yes,Compliance accepted.,Q1 - 2024-2025,,,,,
329,GUJARAT,GANDHINAGAR,GJ-GANDHINAGAR-3676,Sewerage & Septage Management,GMC: Construction of SPS with Electrical & Mechanical Work including O & M for 5 years in FP-491 of TP-41,18-06-2024,Sandeep Vadher,Team Leader,7043903718,vadher.sandip@gmail.com,R.M. Jadav,9824017761,gmc8gandhinagar@gmail.com,Submitted,Submitted,Save As Draft,Sent to State,Submitted,Report Submitted,Yes,Compliance accepted.,Q1 - 2024-2025,,,,,
330,GUJARAT,GANDHINAGAR,GJ-GANDHINAGAR-3679,Sewerage & Septage Management,"Providing and Laying Sewerage Network in TP Scheme -409A(Khoraj), 409B, 74 Part, 234 & 69(Zundal) Pa",18-06-2024,Sandeep Vadher,Team Leader,7043903718,vadher.sandip@gmail.com,R.M. Jadav,9824017761,gmc8gandhinagar@gmail.com,Submitted,Submitted,Save As Draft,Sent to State,Submitted,Report Submitted,Yes,"These comments are informatory in nature. No action is required. Hence, compliance accepted.",Q1 - 2024-2025,,,,,
331,GUJARAT,GANDHINAGAR,GJ-GANDHINAGAR-3740,Sewerage & Septage Management,GMC: Providing and Laying Sewerage Network in TP-410 (Amiyapur-Zundal-Sughad)Part of GMC area,18-06-2024,Sandeep Vadher,Team Leader,7043903718,vadher.sandip@gmail.com,R.M. Jadav,9824017761,gmc8gandhinagar@gmail.com,Submitted,Submitted,Save As Draft,Sent to State,Submitted,Report Submitted,Yes,Compliance accepted.,Q1 - 2024-2025,,,,,
332,GUJARAT,GANDHINAGAR,GJ-GANDHINAGAR-3742,Sewerage & Septage Management,"GMC: Providing and Laying Sewerage Network in TP Scheme - 61, 62, 63 & 57 (Khoraj) Part of GMC area",18-06-2024,Sandeep Vadher,Team Leader,7043903718,vadher.sandip@gmail.com,R.M. Jadav,9824017761,gmc8gandhinagar@gmail.com,Submitted,Submitted,Save As Draft,Sent to State,Submitted,Report Submitted,Yes,This was an informatory comment. No action required.,Q1 - 2024-2025,,,,,
333,GUJARAT,GANDHINAGAR,GJ-GANDHINAGAR-3746,Sewerage & Septage Management,"Providing and Laying Sewerage Network in TP-410 (Part), TP-46 (Part), TP-79, TP-80, TP-81, P-238, TP-239",18-06-2024,Sandeep Vadher,Team Leader,7043903718,vadher.sandip@gmail.com,R.M. Jadav,9824017761,gmc8gandhinagar@gmail.com,Submitted,Submitted,Save As Draft,Sent to State,Submitted,Report Submitted,Yes,Compliance accepted.,Q1 - 2024-2025,,,,,
334,GUJARAT,GANDHINAGAR,GJ-GANDHINAGAR-3749,Sewerage & Septage Management,Construction of SEWAGE PUMPING STATION with Electrical & Mechanical Work at FP-316 of TP-69,18-06-2024,Sandeep Vadher,Team Leader,7043903718,vadher.sandip@gmail.com,R.M. Jadav,9824017761,gmc8gandhinagar@gmail.com,Submitted,Submitted,Save As Draft,Sent to State,Submitted,Report Submitted,Yes,These were informatory comments. No action required.,Q1 - 2024-2025,,,,,
335,GUJARAT,GANDHINAGAR,GJ-GANDHINAGAR-3752,Sewerage & Septage Management,Construction of TSPS with Electrical & Mechanical Work including O & M in TP-79,18-06-2024,Sandeep Vadher,Team Leader,7043903718,vadher.sandip@gmail.com,R.M. Jadav,9824017761,gmc8gandhinagar@gmail.com,Submitted,Submitted,Save As Draft,Sent to State,Submitted,Report Submitted,Yes,Compliance accepted.,Q1 - 2024-2025,,,,,
336,GUJARAT,GANDHINAGAR,GJ-GANDHINAGAR-3758,Sewerage & Septage Management,AMRUT 2.0: Construction of 15 MLD STP at Pethapur in GMC Area,18-06-2024,Sandeep Vadher,Team Leader,7043903718,vadher.sandip@gmail.com,R.M. Jadav,9824017761,gmc8gandhinagar@gmail.com,Submitted,Submitted,Save As Draft,Sent to State,Submitted,Report Submitted,Yes,Informative comment.,Q1 - 2024-2025,,,,,
337,GUJARAT,GANDHINAGAR,GJ-GANDHINAGAR-3763,Sewerage & Septage Management,"Construction of STP at Bhat Koteshwar T.P-79, F.P 59 in GMC Area",18-06-2024,Sandeep Vadher,Team Leader,7043903718,vadher.sandip@gmail.com,R.M. Jadav,9824017761,gmc8gandhinagar@gmail.com,Submitted,Submitted,Save As Draft,Sent to State,Submitted,Report Submitted,Yes,Compliance Accepted.,Q1 - 2024-2025,,,,,
338,GUJARAT,GANDHINAGAR,GJ-GANDHINAGAR-3782,Water Supply,Construction of Clear Water Pump House & 40 MLD WTP at Sughad,18-06-2024,Sandip Vadher ,Team leader,7043903718,gujarat.blg@gmail.com,R.M. Jadav,9824017761,gmc8gandhinagar@gmail.com,Submitted,Submitted,Save As Draft,Sent to State,Submitted,Report Submitted,Yes,"These comments were provided for the sake of giving information. No action required. Hence, compliant.",Q1 - 2024-2025,,,,,
339,GUJARAT,GANDHINAGAR,GJ-GANDHINAGAR-3942,Water Supply,GMC: Providing & Laying Water Supply Distribution Network In Vavol Gamtal of GMC Area.,19-06-2024,Sandip Vadher ,Team leader,7043903718,gujarat.blg@gmail.com,R.M. Jadav,9824017761,gmc8gandhinagar@gmail.com,Submitted,Submitted,Save As Draft,Sent to State,Submitted,Report Submitted,Yes,"These were informatory comments. No action required . Hence, compliant.",Q1 - 2024-2025,,,,,
340,GUJARAT,GANDHINAGAR,GJ-GANDHINAGAR-3956,Sewerage & Septage Management,GMC: Providing & Laying Sewerage Network In Vavol  Gamtal of GMC Area.,19-06-2024,Sandeep Vadher,Team Leader,7043903718,vadher.sandip@gmail.com,R.M. Jadav,9824017761,gmc8gandhinagar@gmail.com,Submitted,Submitted,Save As Draft,Sent to State,Submitted,Report Submitted,Yes,Project photos for the purpose of information. Compliance accepted. No action required.,Q1 - 2024-2025,,,,,
341,GUJARAT,GANDHINAGAR,GJ-GANDHINAGAR-3963,Water Supply,GMC: Providing & Laying Water Supply Network in Khoraj Gamtal & TP-303(Khoraj) of GMC Area.,18-06-2024,Sandip Vadher,Dy. Team Leader,7043903718,gujarat.blg@gmail.com,R.M. Jadav,9824017761,gmc8gandhinagar@gmail.com ,Submitted,Submitted,Save As Draft,Sent to State,Submitted,Report Submitted,Yes,These were informatory comments. No action required.,Q1 - 2024-2025,,,,,
342,GUJARAT,GANDHINAGAR,GJ-GANDHINAGAR-3966,Sewerage & Septage Management,GMC: Providing & Laying Sewerage Network in Khoraj Gamtal & TP-303 (Khoraj) of GMC Area & Construction of SPS,18-06-2024,Sandeep Vadher,Team Leader,7043903718,vadher.sandip@gmail.com,R.M. Jadav,9824017761,gmc8gandhinagar@gmail.com,Submitted,Submitted,Save As Draft,Sent to State,Submitted,Report Submitted,Yes,Compliance accepted.,Q1 - 2024-2025,,,,,
343,GUJARAT,GANDHINAGAR,GJ-GANDHINAGAR-4095,Water Supply,GMC: Providing & Laying Water Supply Network in Bhat Gamtal,28-06-2024,Sandeep Vadher,Team Leader,7043903718,vadher.sandip@gmail.com,R.M. Jadav,9824017761,gmc8gandhinagar@gmail.com,Submitted,Submitted,Save As Draft,Sent to State,Submitted,Report Submitted,Yes,These were informatory comments. No action required.,Q1 - 2024-2025,,,,,
344,GUJARAT,GANDHINAGAR,GJ-GANDHINAGAR-4102,Sewerage & Septage Management,GMC: Providing & Laying Sewerage Network in Bhat Gamtal,18-06-2024,Sandeep Vadher,Team Leader,7043903718,vadher.sandip@gmail.com,R.M. Jadav,9824017761,gmc8gandhinagar@gmail.com,Submitted,Submitted,Save As Draft,Sent to State,Submitted,Report Submitted,Yes,Compliance accepted.,Q1 - 2024-2025,,,,,
345,GUJARAT,GANDHINAGAR,GJ-GANDHINAGAR-4104,Water Supply,GMC: Providing & Laying Water Supply Network in Sughad Gamtal in GMC Area,18-06-2024,Sandeep Vadher,Team Leader,7043903718,vadher.sandip@gmail.com,R.M. Jadav,9824017761,gmc8gandhinagar@gmail.com,Submitted,Submitted,Save As Draft,Sent to State,Submitted,Report Submitted,Yes,Above are informatory comments. No action is required.,Q1 - 2024-2025,,,,,
346,GUJARAT,GANDHINAGAR,GJ-GANDHINAGAR-4105,Sewerage & Septage Management,GMC: Providing & Laying Sewerage Network in Sughad Gamtal in GMC Area,18-06-2024,Sandeep Vadher,Team Leader,7043903718,vadher.sandip@gmail.com,R.M. Jadav,9824017761,gmc8gandhinagar@gmail.com,Submitted,Submitted,Save As Draft,Sent to State,Submitted,Report Submitted,Yes,Work has been completed. As far as Compliance accepted.,Q1 - 2024-2025,,,,,
347,GUJARAT,GANDHINAGAR,GJ-GANDHINAGAR-4110,Water Supply,GMC: Providing & Laying Water Supply Network in Koteshwar Gamtal in GMC Area,18-06-2024,Sandeep Vadher,Team Leader,7043903718,vadher.sandip@gmail.com,R.M. Jadav,9824017761,gmc8gandhinagar@gmail.com,Submitted,Submitted,Save As Draft,Sent to State,Submitted,Report Submitted,Yes,These were informatory comments . No action is required.,Q1 - 2024-2025,,,,,
348,GUJARAT,GANDHINAGAR,GJ-GANDHINAGAR-4111,Sewerage & Septage Management,GMC: Providing & Laying Sewerage Network in Koteshwar Gamtal in GMC Area,18-06-2024,Sandeep Vadher,Team Leader,7043903718,vadher.sandip@gmail.com,R.M. Jadav,9824017761,gmc8gandhinagar@gmail.com,Submitted,Submitted,Save As Draft,Sent to State,Submitted,Report Submitted,Yes,Work has been completed. Compliance accepted.,Q1 - 2024-2025,,,,,
349,GUJARAT,GANDHINAGAR,GJ-GANDHINAGAR-7846,Water Body Rejuvenation,AMRIT SAROVAR: Development of Lake at Kolavda at GMC ,19-06-2024,Sandip Vadher,Team Leader,7043903718,vadher.sandip@gmail.com,R.M. Jadav,9824017761,gmc8gandhinagar@gmail.com,Submitted,Submitted,Save As Draft,Sent to State,Submitted,Report Submitted,Yes,Accepted,Q1 - 2024-2025,,,,,
350,GUJARAT,GANDHINAGAR,GJ-GANDHINAGAR-8286,Water Body Rejuvenation,AMRIT SAROVAR: Development of Lake at pethapur,19-06-2024,Sandip Vadher,Team Leader,7043903718,vadher.sandip@gmail.com,R.M. Jadav,9824017761,gmc8gandhinagar@gmail.com,Submitted,Submitted,Save As Draft,Sent to State,Submitted,Report Submitted,Yes,Accepted,Q1 - 2024-2025,,,,,
351,GUJARAT,GANDHINAGAR,GJ-GANDHINAGAR-8291,Water Body Rejuvenation,AMRIT SAROVAR: Development of Lake at Pethapur-2,19-06-2024,Sandip Vadher,Team Leader,7043903718,vadher.sandip@gmail.com,R.M. Jadav,9824017761,gmc8gandhinagar@gmail.com,Submitted,Submitted,Save As Draft,Sent to State,Submitted,Report Submitted,Yes,Approved,Q1 - 2024-2025,,,,,
352,GUJARAT,GANDHINAGAR,GJ-GANDHINAGAR-8301,Water Body Rejuvenation,AMRIT SAROVAR: Development of Lake at Randheja GMC,19-06-2024,Sandip Vadher,Team Leader,7043903718,vadher.sandip@gmail.com,R.M. Jadav,9824017761,gmc8gandhinagar@gmail.com,Submitted,Submitted,Save As Draft,Sent to State,Submitted,Report Submitted,Yes,Compliance accepted.,Q1 - 2024-2025,,,,,
353,GUJARAT,GANDHINAGAR,GJ-GANDHINAGAR-18299,Water Supply,"GMC: Providing and Laying Water Supply Distribution Network in TPS - 239(p), 238, 79 (p), 46 (p), 410, 409 (B), 81 (p), 72 (p), 234 (p), 74 (p), 62, 61 (p), 57 (p) & 409 (A) including O & M for 5 years of GMC area",11-08-2025,Sandip Vadher,Team Leader,7043903718,gujarat.blg@gmail.com,NANDISH MANDALIYA,9099181799,gmccivil18@gmail.com,Submitted,Submitted,Save As Draft,Sent to State,Submitted,Report Submitted,Yes,Compliance accepted. The concerned authority needs to intervene and expedite the process from their end.,Q2 - 2025-2026,,,,,
354,GUJARAT,DAHEGAM,GJ-DAHEGAM-4774,Water Supply,Water Supply Project of Dahegam Municipality Based on NMC Jaludhara Head Works Nal Se Jal,29-08-2024,Mr. Sandeep Vadher,Deputy Team Leader,7043903718,gujarat.blg@gmail.com,Hiren Chaudhari,7778883322,vpp-gudc@gujarat.gov.in,Submitted,Submitted,Save As Draft,Sent to State,Submitted,Report Submitted,Yes,Compliance accepted.,Q2 - 2024-2025,,,,,
355,GUJARAT,VIRAMGAM,GJ-VIRAMGAM-5193,Water Supply,WATER SUPPLY SCHEME FOR HANSALPUR & BHOJVA AREA AT VIRAMGAM NAGARAPALIKA,09-08-2024,Mr. Ghanshyam Bhalgama,Technical Expert,9687228433,gujarat.blg@gmail.com,Darshan Patel,9979085532,np_vgam@yahoo.co.in,Submitted,Submitted,Save As Draft,Sent to State,Submitted,Report Submitted,Yes,Compliance accepted.,Q2 - 2024-2025,,,,,
356,GUJARAT,VIRAMGAM,GJ-VIRAMGAM-10916,Water Supply,AMRUT 2.0 :WATER SUPPLY SCHEME AT VIRAMGAM NAGARPALIKA,09-08-2024,Mr. Ghanshyam Bhalgama,Technical Expert,9687228433,gujarat.blg@gmail.com,Darshan Patel,9979085532,np_vgam@yahoo.co.in,Submitted,Submitted,Save As Draft,Sent to State,Submitted,Report Submitted,Yes,Compliance Accepted,Q2 - 2024-2025,,,,,
357,GUJARAT,VIRAMGAM,GJ-VIRAMGAM-10917,Water Body Rejuvenation,AMRUT 2.0 : GANGASAR LAKE DEVELOPMENT AT VIRAMGAM NAGARPALIKA,09-08-2024,Mr. Ghanshyam Bhalgama,Technical Expert,9687228433,gujarat.blg@gmail.com,Mr. Darshan Patel,9979085532,np_vgam@yahoo.co.in,Submitted,Submitted,Save As Draft,Sent to State,Submitted,Report Submitted,Yes,Compliance accepted.,Q2 - 2024-2025,,,,,
358,GUJARAT,VIRAMGAM,GJ-VIRAMGAM-10918,Parks & Green Space Development,AMRUT 2.0: SARDAR BAUG DEVELOPMENT AT VIRAMGAM NAGARPALIKA,09-08-2024,Mr. Ghanshyam Bhalgama,Technical Expert,9687228433,gujarat.blg@gmail.com,Darshan Patel,9979085532,np_vgam@yahoo.co.in,Submitted,Save As Draft,Save As Draft,Sent to State,Submitted,Report Submitted,Yes,Informative comment. No action required.,Q2 - 2024-2025,,,,,
359,GUJARAT,SANAND,GJ-SANAND-5203,Water Supply,Water Supply project for Sanand Nagarpalika,09-08-2024,Mr. Ghanshyam Bhalgama,Technical Expert,9687228433,gujarat.blg@gmail.com,Jeet Agrawal,9712929796,np_sanand@yahoo.co.in,Submitted,Save As Draft,Save As Draft,Sent to State,Submitted,Report Submitted,Yes,The comments are for providing information.,Q2 - 2024-2025,,,,,
360,GUJARAT,SANAND,GJ-SANAND-5211,Water Body Rejuvenation,REJUVENATION OF AMBA LAKE,24-12-2024,Mr. Ghanshyam Bhalgama,Technical Expert,9687228433,gujarat.blg@gmail.com,Jeet Agrawal,9712929796,np_sanand@yahoo.co.in,Submitted,Submitted,Save As Draft,Sent to State,Submitted,Report Submitted,Yes,"No action required, as comment is for providing information.",Q3 - 2024-2025,,,,,
361,GUJARAT,SANAND,GJ-SANAND-10518,Water Body Rejuvenation,AMRUT 2.0 : PHASE II REJUVENATION OF AMBA LAKE,09-08-2024,Mr. Ghanshyam Bhalgama,Technical Expert,9687228433,gujarat.blg@gmail.com,Jeet Agrawal,9712929796,np_sanand@yahoo.co.in,Submitted,Save As Draft,Save As Draft,Sent to State,Submitted,Report Submitted,Yes,Informative comment. No action required.,Q2 - 2024-2025,,,,,
362,GUJARAT,SANAND,GJ-SANAND-10520,Water Supply,Water Supply Network and Storage Sump and Machinery works Project in remaining area of TPS in Sanand Nagarpalika,24-12-2024,Mr. Ghanshyam Bhalgama,Technical Expert,9687228433,gujarat.blg@gmail.com,Jeet Agrawal,9712929796,np_sanand@yahoo.co.in,Submitted,Save As Draft,Save As Draft,Sent to State,Submitted,Report Submitted,Yes,The comments are for providing information.,Q3 - 2024-2025,,,,,
363,GUJARAT,AHMEDABAD,GJ-AHMEDABAD-3225,Water Supply,"AMRUT 2.0: AMC : Trench 2 : Construction of new Water distribution station at Naroda Muthiya, TP -75, FP – 75 including Civil works, network,",27-07-2024,Dy Team Leader,Technical Expert,7403903718,gujarat.blg@gmail.com,Jigar Patel,9712967130,addcedp@ahmedabadcity.gov.in,Submitted,Submitted,Save As Draft,Sent to State,Submitted,Report Submitted,Yes,Informative comment. No action required.,Q2 - 2024-2025,,,,,
364,GUJARAT,AHMEDABAD,GJ-AHMEDABAD-3228,Water Supply,AMC: Laying of trunk main line from Express highway to Oad Kamod circle for Raska WTP of Ahmedabad c,30-07-2024,Sandip Vadher,Team leader,7043903718,gujarat.blg@gmail.com,Sanjay Patel,9327414561,addcewp@ahmedabadcity.gov.in,Submitted,Submitted,Save As Draft,Sent to State,Submitted,Report Submitted,Yes,Informative comment. No action required.,Q2 - 2024-2025,,,,,
365,GUJARAT,AHMEDABAD,GJ-AHMEDABAD-3233,Water Supply,"AMRUT 2.0 : Construction of new Water distribution station at TP -55, FP – 298 including Civil works, network, Ele-Mech",30-07-2024,Sandip Vadher,Team leader,7043903718,gujarat.blg@gmail.com,Hitesh Gajjar,9377667640,addcewp@ahmedabadcity.gov.in,Submitted,Submitted,Save As Draft,Sent to State,Submitted,Report Submitted,Yes,Informative comment. No action required.,Q2 - 2024-2025,,,,,
366,GUJARAT,AHMEDABAD,GJ-AHMEDABAD-3234,Water Supply,"AMRUT 2.0 : TRANCHE 3: AMC: Construction of new Water distribution station at Sardarnagar Nana Chiloda TP -241, FP – 291 including Civil",30-07-2024,Sandip Vadher,Dy Team Leader,7043903718,gujarat.blg@gmail.com,Jigar Patel,9712967130,addcedp@ahmedabadcity.gov.in,Submitted,Submitted,Save As Draft,Sent to State,Submitted,Report Submitted,Yes,"No action required, as the purpose was to provide the information.",Q2 - 2024-2025,,,,,
367,GUJARAT,AHMEDABAD,GJ-AHMEDABAD-3236,Water Supply,"AMRUT 2.0 : Construction of new Water distribution station at Bhadaj TP -406 including Civil works, network, Ele-Mech works, SCADA and",30-07-2024,Sandip Vadher,Team Leader,7043903718,gujarat.blg@gmail.com,Hitesh Gajjar,9377667640,addcewp@ahmedabadcity.gov.in,Submitted,Submitted,Save As Draft,Sent to State,Submitted,Report Submitted,Yes,Informative comment. No action required.,Q2 - 2024-2025,,,,,
368,GUJARAT,AHMEDABAD,GJ-AHMEDABAD-3237,Water Supply,"AMC: Construction of new Water distribution station at Ashima Mill Compound TP -9, FP-61 at Amraiwad",30-07-2024,Sandip Vadher,Technical Expert,7043903718,gujarat.blg@gmail.com,Devang Bhai,9624487711,addcedp@ahmedabadcity.gov.in,Submitted,Submitted,Save As Draft,Sent to State,Submitted,Report Submitted,Yes,Informative comment. No action required.,Q2 - 2024-2025,,,,,
369,GUJARAT,AHMEDABAD,GJ-AHMEDABAD-3457,Sewerage & Septage Management,AMC: Construction of 500 KLD FSTP at Pirana,31-01-2025,,,,,,,,Save As Draft,Save As Draft,Save As Draft,Pending Sent to State,Pending Submitted,Pending to be Submitted,,,Q4 - 2024-2025,,,,,
370,GUJARAT,AHMEDABAD,GJ-AHMEDABAD-3460,Sewerage & Septage Management,AMC : Construction of new Drainage pumping station near SOBO center in South Bopal of AMC area.,30-07-2024,Sandip Vadher & Ratilal Khandhar,Team leader and Ass. Technical expert.,7043903718,gujarat.blg@gmail.com ,Haresh Purabiya,9979564421,addcedp@ahmedabadcity.gov.in,Submitted,Submitted,Save As Draft,Sent to State,Submitted,Report Submitted,Yes,Informative comment.,Q2 - 2024-2025,,,,,
371,GUJARAT,AHMEDABAD,GJ-AHMEDABAD-3461,Sewerage & Septage Management,"AMC : Construction New Pumping Station and Drainage network at Gyaspur, Saijpur, piplaj & Kamod at S",03-08-2024,Sandip Vadher,Team leader,7043903718,gujarat.blg@gmail.com ,Hemik Shah,9712967464,addcedp@ahmedabadcity.gov.in,Submitted,Submitted,Save As Draft,Sent to State,Submitted,Report Submitted,Yes,Informative comment. No action required.,Q2 - 2024-2025,,,,,
372,GUJARAT,AHMEDABAD,GJ-AHMEDABAD-3462,Sewerage & Septage Management,AMC: Construction new Drainage Pumping Station and laying  rising line Near Trikamlal Chokhta at Nor,30-07-2024,Sandip Vadher,Technical Expert,7043903718,gujarat.blg@gmail.com,Jitendra Vasaiya,7069093423,addcedp@ahmedabadcity.gov.in,Submitted,Submitted,Save As Draft,Sent to State,Submitted,Report Submitted,Yes,Informative comment. No action required.,Q2 - 2024-2025,,,,,
373,GUJARAT,AHMEDABAD,GJ-AHMEDABAD-3464,Sewerage & Septage Management,AMC: Construction new Drainage Pumping Station in Indrapuri drainage pumping station near Punitnagar,30-07-2024,Sandip Vadher,Technical Expert,7043903718,gujarat.blg@gmail.com,Hemik Shah,9712967464,addcedp@ahmedabadcity.gov.in,Submitted,Submitted,Save As Draft,Sent to State,Submitted,Report Submitted,Yes,Informative comment. No action required.,Q2 - 2024-2025,,,,,
374,GUJARAT,AHMEDABAD,GJ-AHMEDABAD-3465,Sewerage & Septage Management,AMRUT 2.0 : Drainage Trunk Main by Micro tunnel method 1) RV Denim to New Pirana STP 2) Jasodanagar to,03-08-2024,Sandip Vadher,Dy Team Leader,7043903718,gujarat.blg@gmail.com,Hemik Shah,9712967464,addcedp@ahmedabadcity.gov.in,Submitted,Submitted,Save As Draft,Sent to State,Submitted,Report Submitted,Yes,Compliance accepted.,Q2 - 2024-2025,,,,,
375,GUJARAT,AHMEDABAD,GJ-AHMEDABAD-3467,Sewerage & Septage Management,AMC : Micro tunneling of 1600 dia line from Bhut ni Amli to Gita-Mandir Cross road to Jamalpur Cross,31-01-2025,Sandip Vadher,Dy. Team leader,7043903718,gujarat.blg@gmail.com,test,test,test@gmail.com,Save As Draft,Save As Draft,Save As Draft,Pending Sent to State,Pending Submitted,Pending to be Submitted,,,Q4 - 2024-2025,,,,,
376,GUJARAT,AHMEDABAD,GJ-AHMEDABAD-3481,Sewerage & Septage Management,AMRUT 2.0: Rehabilitation 900mm dia Drainage trunk main line at by trenchless technology method Ladla Bridge to Namaste circle in,03-08-2024,Sandip Vadher & Ratilal Khandhar,Team leader and Ass. Technical expert.,7043903718,gujarat.blg@gmail.com,Kalpesh Sangada,9586330931,addcedp@ahmedabadcity.gov.in,Submitted,Submitted,Save As Draft,Sent to State,Submitted,Report Submitted,Yes,Approved,Q2 - 2024-2025,,,,,
377,GUJARAT,AHMEDABAD,GJ-AHMEDABAD-3484,Sewerage & Septage Management,AMC : Rehabilitation Drainage trunk main line at Sarangpur Circle to Kalupur Railway Station Compoun,03-08-2024,Sandip Vadher,Dy Team Leader,7043903718,gujarat.blg@gmail.com,Prakash Balsariya,9327513494,addcedp@ahmedabadcity.gov.in,Submitted,Submitted,Save As Draft,Sent to State,Submitted,Report Submitted,Yes,Informative comment. No action required.,Q2 - 2024-2025,,,,,
378,GUJARAT,AHMEDABAD,GJ-AHMEDABAD-3485,Sewerage & Septage Management,AMC: Rehabilitation Drainage trunk main line at Mirzapur to Bhadr to Gayakvad Haveli to Jamalpur SPS,03-08-2024,Sandip Vadher,Team leader,7043903718,gujarat.blg@gmail.com,Kalpesh Sangada,9586330931,addcedp@ahmedabadcity.gov.in,Submitted,Submitted,Save As Draft,Sent to State,Submitted,Report Submitted,Yes,Informative comment. No action required.,Q2 - 2024-2025,,,,,
379,GUJARAT,AHMEDABAD,GJ-AHMEDABAD-3487,Sewerage & Septage Management,AMRUT 2.0 : Rehabilitation work for existing drainage lineby Trenchless technology From Prabhat chawk to Umiya hall including 5 years,30-07-2024,Sandip Vadher,Team leader ,7043903718,gujarat.blg@gmail.com,Niraj Purohit,9327513492,addcedp@ahmedabadcity.gov.in,Submitted,Submitted,Save As Draft,Sent to State,Submitted,Report Submitted,Yes,Accepted,Q2 - 2024-2025,,,,,
380,GUJARAT,AHMEDABAD,GJ-AHMEDABAD-3489,Sewerage & Septage Management,"AMC: Rehabilitation of existing drainage line from hariom housing to akhbar nagar circle, bharvad va",30-07-2024,Sandip Vadher,Technical Expert,7043903718,gujarat.blg@gmail.com,Bhavesh Vyas,9327355004,addcedp@ahmedabadcity.gov.in,Submitted,Submitted,Save As Draft,Sent to State,Submitted,Report Submitted,Yes,"No action required, as comments are informative in nature.",Q2 - 2024-2025,,,,,
381,GUJARAT,AHMEDABAD,GJ-AHMEDABAD-3491,Sewerage & Septage Management,AMC: Buying new 3 nos Sewage submersible pumps at Vinzol terminal pumping station with capacity of 2,31-01-2025,Pushpendra,TL,9876541230,admin@gmail.com,tushar patel,9875623107,tushar@gmail.com,Save As Draft,Save As Draft,Save As Draft,Pending Sent to State,Pending Submitted,Pending to be Submitted,,,Q4 - 2024-2025,,,,,
382,GUJARAT,AHMEDABAD,GJ-AHMEDABAD-3509,Sewerage & Septage Management,AMRUT 2.0 : Providing & laying Drainage network at New Developing Area in East Zone,31-01-2025,test,test,test,test@gmail.com,test,test,test@gmail.com,Save As Draft,Save As Draft,Save As Draft,Pending Sent to State,Pending Submitted,Pending to be Submitted,,,Q4 - 2024-2025,,,,,
383,GUJARAT,AHMEDABAD,GJ-AHMEDABAD-3513,Sewerage & Septage Management,AMRUT 2.0 : Rehabilitation Drainage trunk main line by Trenchless technology at Rani na Hajira To Sankadi sheri to Madan,30-07-2024,Sandip Vadher,Dy team leader,7043903718,gujarat.blg@gmail.com,Bhavesh Vyas,9327355004,addcedp@ahmedabadcity.gov.in,Submitted,Submitted,Save As Draft,Sent to State,Submitted,Report Submitted,Yes,Informative comment. No action required.,Q2 - 2024-2025,,,,,
384,GUJARAT,AHMEDABAD,GJ-AHMEDABAD-3516,Sewerage & Septage Management,"AMC: Rehabilitation of Drainage line at Amin circle to darpan six road to vijay cross road,Remaining",03-08-2024,Sandip Vadher,Team leader,7043903718,gujarat.blg@gmail.com ,Dilip Baranda,9712967283,addcedp@ahmedabadcity.gov.in,Submitted,Submitted,Save As Draft,Sent to State,Submitted,Report Submitted,Yes,Informative comment. No action required.,Q2 - 2024-2025,,,,,
385,GUJARAT,AHMEDABAD,GJ-AHMEDABAD-3519,Sewerage & Septage Management,"AMC : Rehabilitation of existing drainage line and desilting at juna vadaj gam, udhyog bharti to inc",03-08-2024,Sandip Vadher,Dy Team Leader,7043903718,gujarat.blg@gmail.com,Dilip Baranda,9712967283,addcedp@ahmedabadcity.gov.in,Submitted,Submitted,Save As Draft,Sent to State,Submitted,Report Submitted,Yes,"No action required, as the comments are informative in nature.",Q2 - 2024-2025,,,,,
386,GUJARAT,AHMEDABAD,GJ-AHMEDABAD-3573,Water Body Rejuvenation,Lake Conservation of Bhadaj Gam Talav,30-07-2024,Sandip Vadher,Team leader ,7043903718,gujarat.blg@gmail.com,Kalpeshbhai Parmar,8780107063,addcedp@ahmedabadcity.gov.in,Submitted,Submitted,Save As Draft,Sent to State,Submitted,Report Submitted,Yes,Compliance accepted.,Q2 - 2024-2025,,,,,
387,GUJARAT,AHMEDABAD,GJ-AHMEDABAD-3577,Water Body Rejuvenation,Lake Conservation of Hathijan village lake ,09-05-2025,Sandip Vadher,Team Leader,7043903718,gujarat.blg@gmail.com,Alpesh  Makwana,9712967903,addceez@ahmedabadcity.gov.in,Submitted,Submitted,Save As Draft,Sent to State,Submitted,Report Submitted,Yes,Compliance accepted.,Q1 - 2025-2026,,,,,
388,GUJARAT,AHMEDABAD,GJ-AHMEDABAD-3580,Water Body Rejuvenation,Lake Conservation of Okaf Talav,30-07-2024,Sandip Vadher,Dy Team Leader,7043903718,gujarat.blg@gmail.com,Hiren Bhai,9099083092,addcedp@ahmedabadcity.gov.in,Submitted,Submitted,Save As Draft,Sent to State,Submitted,Report Submitted,Yes,The purpose of the comment was to provide information.,Q2 - 2024-2025,,,,,
389,GUJARAT,AHMEDABAD,GJ-AHMEDABAD-3585,Water Body Rejuvenation,Lake Conservation of Muthiya Gam Talav,09-05-2025,Sandip Vadher,Team Leader,7043903718,gujarat.blg@gmail.com,Jagdishkumar B Asari,9978982192,addcedp@ahmedabadcity.gov.in,Submitted,Submitted,Save As Draft,Sent to State,Submitted,Report Submitted,Yes,Compliance accepted.,Q1 - 2025-2026,,,,,
390,GUJARAT,AHMEDABAD,GJ-AHMEDABAD-3631,Water Body Rejuvenation,Lake Conservation of Ognaj village lake,30-07-2024,Sandip Vadher & Ratilal Khandhar ,Team leader and Ass. Technical expert.,7043903718,gujarat.blg@gmail.com,Bhavesh Vyas,9327355004,addcedp@ahmedabadcity.gov.in,Submitted,Submitted,Save As Draft,Sent to State,Submitted,Report Submitted,Yes,Informative comment. No action required.,Q2 - 2024-2025,,,,,
391,GUJARAT,AHMEDABAD,GJ-AHMEDABAD-4779,Sewerage & Septage Management,AMRUT 2.0 :  Rehabilitation work for existing drainage line by Trenchless technology From (1) Avkar hall to Hirabhai tower,31-07-2024,Sandip Vadher,Team leader,7043903718,gujarat.blg@gmail.com ,Jiten Sadat,9328399284,addcedp@ahmedabadcity.gov.in,Submitted,Submitted,Save As Draft,Sent to State,Submitted,Report Submitted,Yes,Informative comment. No action required.,Q2 - 2024-2025,,,,,
392,GUJARAT,AHMEDABAD,GJ-AHMEDABAD-7924,Water Body Rejuvenation,"AMRIT SAROVAR : MINI  STP AT ASARWA LAKE, ASARWA",30-07-2024,Sandip Vadher,Dy Team Leader,7043903718,gujarat.blg@gmail.com,Jignesh Padhar,9327038782,addcedp@ahmedabadcity.gov.in,Submitted,Submitted,Save As Draft,Sent to State,Submitted,Report Submitted,Yes,Compliance accepted.,Q2 - 2024-2025,,,,,
393,GUJARAT,AHMEDABAD,GJ-AHMEDABAD-7929,Water Body Rejuvenation,"AMRIT SAROVAR : MINI  STP AT SOLA VILLAGE  LAKE, SOLA",12-05-2025,test,test,test,test@gmail.com,test,test,test@gmail.com,Save As Draft,Save As Draft,Save As Draft,Pending Sent to State,Pending Submitted,Pending to be Submitted,,,Q1 - 2025-2026,,,,,
394,GUJARAT,AHMEDABAD,GJ-AHMEDABAD-7930,Water Body Rejuvenation,"AMRIT SAROVAR : MINI  STP AT MAHILA LAKE, BODAKDEV",12-05-2025,,,,,,,,Save As Draft,Save As Draft,Save As Draft,Pending Sent to State,Pending Submitted,Pending to be Submitted,,,Q1 - 2025-2026,,,,,
395,GUJARAT,AHMEDABAD,GJ-AHMEDABAD-9735,Sewerage & Septage Management,AMRUT 2.0: Rehabilitation Drainage trunk main line from APMC market to fatewadi canal.,30-07-2024,Sandip Vadher,Team leader,7043903718,gujarat.blg@gmail.com,Niraj Purohit,9327513492,addcedp@ahmedabadcity.gov.in,Submitted,Submitted,Save As Draft,Sent to State,Submitted,Report Submitted,Yes,Informative comment. No action required.,Q2 - 2024-2025,,,,,
396,GUJARAT,AHMEDABAD,GJ-AHMEDABAD-9743,Sewerage & Septage Management,AMRUT 2.0: Rehabilitation Drainage trunk main line by Trenchless technology from Express highway junction via lalgebi circle to Auda underpass including,30-07-2024,Sandip Vadher,Team leader,7043903718,gujarat.blg@gmail.com,Abbasali Dharkhad,9327513547,addcedp@ahmedabadcity.gov.in,Submitted,Submitted,Save As Draft,Sent to State,Submitted,Report Submitted,Yes,Informative comment. No action required.,Q2 - 2024-2025,,,,,
397,GUJARAT,AHMEDABAD,GJ-AHMEDABAD-9748,Sewerage & Septage Management,AMRUT 2.0: Rehabilitation Drainage trunk main line by Trenchless technology From Nikol Cross road via pam hotel to odhav 310 draingae,30-07-2024,Sandip Vadher,Dy Team Leader,7043903718,gujarat.blg@gmail.com,Palak Sarvaiya,9712967204,addcedp@ahmedabadcity.gov.in,Submitted,Submitted,Save As Draft,Sent to State,Submitted,Report Submitted,Yes,Informative comment. No action required.,Q2 - 2024-2025,,,,,
398,GUJARAT,AHMEDABAD,GJ-AHMEDABAD-9752,Sewerage & Septage Management,AMRUT 2.0: Rehabilitation Drainage trunk main line by Trenchless technology From Odhav Cross road to Panjarapol cross road via nishant cross,03-08-2024,Sandip Vadher,Team leader,7043903718,gujarat.blg@gmail.com,Nilkanth Patel,7984175806,addcedp@ahmedabadcity.gov.in,Submitted,Submitted,Save As Draft,Sent to State,Submitted,Report Submitted,Yes,Informative comment. No action required.,Q2 - 2024-2025,,,,,
399,GUJARAT,AHMEDABAD,GJ-AHMEDABAD-9753,Sewerage & Septage Management,AMRUT 2.0: Rehabilitation work by trenchless technology method for existing drainage line From Jasodanagr cross road to cozy hotel including 5,03-08-2024,Sandip Vadher,Team leader,7043903718,gujarat.blg@gmail.com,Abbasali Dharkhad,9327513547,addcedp@ahmedabadcity.gov.in,Submitted,Submitted,Save As Draft,Sent to State,Submitted,Report Submitted,Yes,Informative comment. No action required.,Q2 - 2024-2025,,,,,
400,GUJARAT,AHMEDABAD,GJ-AHMEDABAD-9756,Sewerage & Septage Management,AMRUT 2.0: Rehabilitation Drainage trunk main line From Shyam shikhar Cross road to Bapunagar cross road via ajitmill via Nagarvel hanuman,03-08-2024,Sandip Vadher ,Team leader,7043903718,gujarat.blg@gmail.com,Dilip Baranda,9712967283,addcedp@ahmedabadcity.gov.in,Submitted,Submitted,Save As Draft,Sent to State,Submitted,Report Submitted,Yes,Informative comment. No action required.,Q2 - 2024-2025,,,,,
401,GUJARAT,AHMEDABAD,GJ-AHMEDABAD-11695,Water Supply,"AMRUT 2.0: Construction of Water Distribution Station at draft TP-131 (Kathavada-singarva-bhulavadi) FP-53/1, near Hudko vasahat-kathvada in Nikol ward, East zone of AMC.",09-05-2025,Sandip Vadher,Team Leader,7043903718,gujarat.blg@gmail.com,Tushar Patel,8000995953,city.bmc@gmail.com,Save As Draft,Save As Draft,Save As Draft,Pending Sent to State,Pending Submitted,Pending to be Submitted,,,Q1 - 2025-2026,,,,,
402,GUJARAT,AHMEDABAD,GJ-AHMEDABAD-14012,Water Supply,AMRUT 2.0 : TRANCHE 3: AMC: Construction of 400 MLD water treatment plant at Kotarpur water works of AMC,30-07-2024,Sandip vadher,Dy. Team Leader,03718,gujarat.blg@gmail.com,Sanjay Patel,9327414561,addcewp@ahmedabadcity.gov,Submitted,Submitted,Save As Draft,Sent to State,Submitted,Report Submitted,Yes,Informative comment. No action required.,Q2 - 2024-2025,,,,,
403,GUJARAT,AHMEDABAD,GJ-AHMEDABAD-14014,Water Supply,AMRUT 2.0 : TRANCHE 3: AMC: Providing and laying the trunk main line from Narmada main canal to Jaspur water treatment plant to acquire the,09-05-2025,testing,testing,testing,testing@gmail.com,testing,testing,testing@gmail.com,Save As Draft,Save As Draft,Save As Draft,Pending Sent to State,Pending Submitted,Pending to be Submitted,,,Q1 - 2025-2026,,,,,
404,GUJARAT,AHMEDABAD,GJ-AHMEDABAD-14015,Water Supply,AMRUT 2.0 : TRANCHE 3: AMC: Construction of ZLD plant at Kotarpur water works of Ahmedabad city,30-07-2024,Sandip Vadher,Technical Expert,7043903718,gujarat.blg@gmail.com,Dhaval Doshi,9099083015,addcedp@ahmedabadcity.gov.in,Submitted,Submitted,Save As Draft,Sent to State,Submitted,Report Submitted,Yes,Informative comment. No action required.,Q2 - 2024-2025,,,,,
405,GUJARAT,AHMEDABAD,GJ-AHMEDABAD-14017,Water Supply,AMRUT 2.0 : TRANCHE 3: AMC: Construction of Water distribution station at Nava Vanzar of Sarkhej ward of Ahmedabad city,30-07-2024,Sandip Vadher,Dy Team Leader,7043903718,gujarat.blg@gmail.com,Rohan Mistry,9898131425,addcedp@ahmedabadcity.gov.in,Submitted,Submitted,Save As Draft,Sent to State,Submitted,Report Submitted,Yes,Informative comment. No action required.,Q2 - 2024-2025,,,,,
406,GUJARAT,AHMEDABAD,GJ-AHMEDABAD-14020,Water Supply,AMRUT 2.0 : TRANCHE 3: AMC: Construction of under ground tank with pump house at Dudheshwar water works,30-07-2024,Sandip Vadher,Dy Team Leader,7043903718,gujarat.blg@gmail.com,Jignesh Patel,9712967516,addcedp@ahmedabadcity.gov.in,Submitted,Submitted,Save As Draft,Sent to State,Submitted,Report Submitted,Yes,Informative comment. No action required.,Q2 - 2024-2025,,,,,
407,GUJARAT,AHMEDABAD,GJ-AHMEDABAD-14021,Water Supply,AMRUT 2.0 : TRANCHE 3: AMC: Augmentation of existing water distribution station and construction of over head tank at Gamtal area of Vejalpur ward of,30-07-2024,Sandip Vadher,Dy Team Leader,7043903718,gujarat.blg@gmail.com,Nana Vanzar,9374611405,addcedp@ahmedabadcity.gov.in,Submitted,Submitted,Save As Draft,Sent to State,Submitted,Report Submitted,Yes,Informative comment. No action required.,Q2 - 2024-2025,,,,,
408,GUJARAT,AHMEDABAD,GJ-AHMEDABAD-14026,Sewerage & Septage Management,AMRUT 2.0: TRANCHE 3: AMC: Rehabilitation of existing duct from Kanjinagar to Ghevar circle to Dafnala in Shahibagh ward.,31-01-2025,test1,test1,test1,test1@gmail.com,test1,test1,test1@gmail.com,Save As Draft,Save As Draft,Save As Draft,Pending Sent to State,Pending Submitted,Pending to be Submitted,,,Q4 - 2024-2025,,,,,
409,GUJARAT,AHMEDABAD,GJ-AHMEDABAD-14029,Sewerage & Septage Management,AMRUT 2.0: TRANCHE 3: AMC: 2000 mm dia drainage trunkmain from Sindhu Bhavan cross road to L. J. college in South West zone of AMC,31-01-2025,test,test,test,test@gmail.com,test,test,test@gmail.com,Save As Draft,Save As Draft,Save As Draft,Pending Sent to State,Pending Submitted,Pending to be Submitted,,,Q4 - 2024-2025,,,,,
410,GUJARAT,AHMEDABAD,GJ-AHMEDABAD-14033,Sewerage & Septage Management,AMRUT 2.0: TRANCHE 3: AMC: Micro tunneling work from Odhav 310 pumping to Vinzol STP.,03-08-2024,Sandip Vadher,Dy. Team Leader,7043903718,gujarat.blg@gmail.com,Sarvaiya,9712967204,addcedp@ahmedabadcity.gov.in,Submitted,Submitted,Save As Draft,Sent to State,Submitted,Report Submitted,Yes,Compliance accepted.,Q2 - 2024-2025,,,,,
411,GUJARAT,AHMEDABAD,GJ-AHMEDABAD-14035,Sewerage & Septage Management,AMRUT 2.0: TRANCHE 3: AMC: Rehabilitation of 1400 mm dia. MS/DI Rising line from Maninagar pumping Station to Pirana STP.,31-01-2025,test,test,test,test@gmail.com,test,test,test@gmail.com,Save As Draft,Save As Draft,Save As Draft,Pending Sent to State,Pending Submitted,Pending to be Submitted,,,Q4 - 2024-2025,,,,,
412,GUJARAT,AHMEDABAD,GJ-AHMEDABAD-14036,Sewerage & Septage Management,AMRUT 2.0: TRANCHE 3: AMC: Sewage pumping station & drainage Network in vastral ward near dashama temple in east zone of AMC area,03-08-2024,Sandip Vadher,Team leader,7043903718,gujarat.blg@gmail.com,Abbas,9327513547,addcedp@ahmedabadcity.gov.in,Submitted,Submitted,Save As Draft,Sent to State,Submitted,Report Submitted,Yes,Compliance accepted.,Q2 - 2024-2025,,,,,
413,GUJARAT,AHMEDABAD,GJ-AHMEDABAD-14037,Sewerage & Septage Management,AMRUT 2.0: TRANCHE 3: AMC: Construction of 2 SPS & sewage network with raising main line at TP-67-68 in Hansol area of Ahmedabad city,30-07-2024,Sandip Vadher,Dy Team Leader,7043903718,gujarat.blg@gmail.com,Jitendra Vasaiya,7069093423,addcedp@ahmedabadcity.gov.in,Submitted,Submitted,Save As Draft,Sent to State,Submitted,Report Submitted,Yes,Informative comment. No action required.,Q2 - 2024-2025,,,,,
414,GUJARAT,AHMEDABAD,GJ-AHMEDABAD-14039,Sewerage & Septage Management,AMRUT 2.0: TRANCHE 3: AMC: Rehabilitation of old Sewage trunk line from Sarangpur circle to Gita Mandir  Lathi bajar.,31-01-2025,test,test,test,test@gmail.com,test,test,test@gmail.com,Save As Draft,Save As Draft,Save As Draft,Pending Sent to State,Pending Submitted,Pending to be Submitted,,,Q4 - 2024-2025,,,,,
415,GUJARAT,AHMEDABAD,GJ-AHMEDABAD-14042,Sewerage & Septage Management,AMRUT 2.0: TRANCHE 3: AMC: Sewerage scheme from Shantipura junction to Sabarmati river in South West zone of AMC area with sewage trunk main line,03-08-2024,Sandip Vadher,Dy Team Leader,7043903718,gujarat.blg@gmail.com,GJ-AHMEDABAD-14042,GJ-AHMEDABAD-14042,addcedp@ahmedabadcity.gov.in,Submitted,Submitted,Save As Draft,Sent to State,Submitted,Report Submitted,Yes,Compliance accepted,Q2 - 2024-2025,,,,,
416,GUJARAT,AHMEDABAD,GJ-AHMEDABAD-14554,Sewerage & Septage Management,AMRUT 2.0: TRANCHE 3: AMC: Tertiary Treatment Plant for recycling & reuse for industrial grade water with transmission & Distribution network for including cost of,03-02-2026,Sandip Vadher,Team Leader,7043903718,gujarati.blg@gmail.com,Hemik Shah,9712967464,addcedp@ahmedabadcity.gov.in,Save As Draft,Save As Draft,Save As Draft,Pending Sent to State,Pending Submitted,Pending to be Submitted,,,Q4 - 2025-2026,,,,,
417,GUJARAT,AHMEDABAD,GJ-AHMEDABAD-18311,Water Supply,"AMRUT 2.0 : AMC : New Water Distribution Station in Green Belt area TP-26, last block no.-393/1 in Vasana ward.",09-05-2025,Sandip Vadher,Team Leader,7043903718,gujarat.blg@gmail.com,Naresh Raval,9374611405,addcewp@ahmedabadcity.gov.in,Submitted,Save As Draft,Save As Draft,Sent to State,Submitted,Report Submitted,Yes,Informative comment.,Q1 - 2025-2026,,,,,
418,GUJARAT,AHMEDABAD,GJ-AHMEDABAD-18316,Sewerage & Septage Management,AMRUT 2.0 : AMC : Rehabilitation of Existing Drainage line from (1) Danilimda cross road to chandola lake (2) Khokhra cross road to hatkeshwar circle (3) Rajeshwari colony to govindwadi to ishanpur bridge (4) Aperal park metro station to lokomal kumbhar chali to silver flat (5) Bhaipura ward office cross road to Dhiraj housing to model road and other area in SZ of AMC Area.,12-05-2025,Sandip Vadher,Team Leader,7043903718,gujarat.bl@gmail.com,Imran Malek,9328277213,addcedp@ahmedabadcity.gov.in,Submitted,Save As Draft,Save As Draft,Sent to State,Submitted,Report Submitted,Yes,Informative comment.,Q1 - 2025-2026,,,,,
419,GUJARAT,AHMEDABAD,GJ-AHMEDABAD-18317,Sewerage & Septage Management,AMRUT 2.0 : AMC : Rehabilitation of Existing Drainage line from (1) Khokhra cross road to Hatkeshwar circle (2) Pushpkunj Circle to kankaria lake to railway yard (3) Jashodanagar to Gorr na Kuva to Railway line and other  area in SZ of AMC Area.,12-05-2025,Sandip Vadher,Team Leader,7043903718,gujarat.blg@gmail.com,Imran Malek,9328277213,addcedp@ahmedabadcity.gov.in,Submitted,Save As Draft,Save As Draft,Sent to State,Submitted,Report Submitted,Yes,Informative comment.,Q1 - 2025-2026,,,,,
420,GUJARAT,AHMEDABAD,GJ-AHMEDABAD-18319,Sewerage & Septage Management,"AMRUT 2.0 : AMC : Rehabilitation of Old Sewer lines in Odhav ward Ganesh Circle to Ambika nagar Drainage pumping Station, 100 ft road Amul parlor to Ganesh circle and sardar estate in East zone",09-05-2025,Sandip Vadher,Team leader,7043903718,gujarat.blg@gmail.com ,Haresh Purabiya,9979564421,addcedp@ahmedabadcity.gov.in,Submitted,Save As Draft,Save As Draft,Sent to State,Submitted,Report Submitted,Yes,Informative comment.,Q1 - 2025-2026,,,,,
421,GUJARAT,AHMEDABAD,GJ-AHMEDABAD-18312,Water Supply,"AMRUT 2.0 : AMC : New Water Distribution Station in Bhammaria Chhapara ​​ in Vatva Ward, South Zone of AMC including 5 Years of O&M.",08-08-2025,Sandip Vadher,Team Leader,7043903718,gujarat.blg@gmail.com,Nana Vanzar,9374611405,addcedp@ahmedabadcity.gov.in,Submitted,Submitted,Save As Draft,Sent to State,Submitted,Report Submitted,Yes,Informative comment.,Q2 - 2025-2026,,,,,
422,GUJARAT,AHMEDABAD,GJ-AHMEDABAD-18313,Sewerage & Septage Management,AMRUT 2.0 : AMC : Rehabilitation of existing Drainage line from Sainik  Petrol Pump  to Shivrajni cross road to Andhjan mandal cross road  in NWZ of AMC Area.,09-05-2025,Sandip Vadher,Team leader,7043903718,gujarat.blg@gmail.com ,Haresh Purabiya,9979564421,addcedp@ahmedabadcity.gov.in,Submitted,Save As Draft,Save As Draft,Sent to State,Submitted,Report Submitted,Yes,Informative comment.,Q1 - 2025-2026,,,,,
423,GUJARAT,AHMEDABAD,GJ-AHMEDABAD-18314,Sewerage & Septage Management,AMRUT 2.0 : AMC : Rehabilitation of Existing Sewer/storm Water Drainage line at different locations in Asarva ward of Central Zone-Ahmedabad Municipal Corporation.,09-05-2025,Sandip Vadher,Team Leader,70439 03718,gujarat.blg@gmail.com ,Haresh Purabiya,9979564421,addcedp@ahmedabadcity.gov.in,Submitted,Save As Draft,Save As Draft,Sent to State,Submitted,Report Submitted,Yes,Informative comment.,Q1 - 2025-2026,,,,,
424,GUJARAT,AHMEDABAD,GJ-AHMEDABAD-18315,Sewerage & Septage Management,AMRUT 2.0 : AMC : Rehabilitation of Existing Drainage line from Andhjan mandal cross road to Helmet cross road & AEC Bridge to Pallav cross road in NWZ of AMC Area.,09-05-2025,Sandip Vadher,Team Leader,70439 03718,gujarat.blg@gmail.com ,Haresh Purabiya,9979564421,addcedp@ahmedabadcity.gov.in,Submitted,Save As Draft,Save As Draft,Sent to State,Submitted,Report Submitted,Yes,Informative comment.,Q1 - 2025-2026,,,,,
425,GUJARAT,AHMEDABAD,GJ-AHMEDABAD-18318,Sewerage & Septage Management,AMRUT 2.0 : AMC : Rehabilitation of Old Sewer lines in Ranip West Zone of AMC Areas from 1. Maganpura-Ramji Mandir Road to Bhakti Nagar Road (New Vidhya Vihar Soceity) 2. Joggers Park to Radha Swami Road to Bhakti Nagar Road (Umang Soceity) 3. Maganpura- Radha Swami Road to Bhakti Nagar Road (Umang Park Society),12-05-2025,Sandip Vadher,Team Leader,70439 03718,gujarat.blg@gmail.com ,Haresh Purabiya,9979564421,addcedp@ahmedabadcity.gov.in,Submitted,Save As Draft,Save As Draft,Sent to State,Submitted,Report Submitted,Yes,Informative comment.,Q1 - 2025-2026,,,,,
426,GUJARAT,AHMEDABAD,GJ-AHMEDABAD-18320,Water Supply,AMRUT 2.0 : AMC : Augmentation of New Suburban Water Distribution Station in Behrampura Ward of South Zone of AMC.,12-05-2025,Sandip Vadher,Team Leader,7043903718,gujarat.blg@gmail.com,Nana Vanzar,9374611405,addcedp@ahmedabadcity.gov.in,Submitted,Save As Draft,Save As Draft,Sent to State,Submitted,Report Submitted,Yes,Informative comment.,Q1 - 2025-2026,,,,,
427,GUJARAT,AHMEDABAD,GJ-AHMEDABAD-18321,Water Supply,"AMRUT 2.0 : AMC : Augmentation of TP-102 Water Distribution Station in Nikol Ward, East Zone of AMC",07-08-2025,Sandip Vadher,Team Leader,7043903718,gujarat.blg@gmail.com,Nana Vanzar,9374611405,addcedp@ahmedabadcity.gov.in,Submitted,Submitted,Save As Draft,Sent to State,Submitted,Report Submitted,Yes,Accepted.,Q2 - 2025-2026,,,,,
428,GUJARAT,AHMEDABAD,GJ-AHMEDABAD-18324,Water Body Rejuvenation,"AMRUT 2.0 : AMC :  AMRIT SAROVAR : Development of Vadu Talav, Ramol",07-08-2025,Sandip Vadher,Team Leader,7043903718,gujarat.blg@gmail.com,Jagdishkumar B Asari,9978982192,addcedp@ahmedabadcity.gov.in,Submitted,Submitted,Save As Draft,Sent to State,Submitted,Report Submitted,Yes,Informative comment.,Q2 - 2025-2026,,,,,
429,GUJARAT,AHMEDABAD,GJ-AHMEDABAD-18325,Water Body Rejuvenation,AMRUT 2.0 : AMC : AMRIT SAROVAR : Development of Ropada Talav Vejalpur ward of AMC.,06-08-2025,Sandip Vadher,Team Leader,7043903718,gujarat.blg@gmail.com,Jagdishkumar B Asari,9978982192,addcedp@ahmedabadcity.gov.in,Submitted,Save As Draft,Save As Draft,Sent to State,Submitted,Report Submitted,Yes,Attach Work order here.,Q2 - 2025-2026,,,,,
430,GUJARAT,BAREJA,GJ-BAREJA-5155,Water Supply,Bareja : Water Supply Project,08-08-2024,Mr. Ghanshyam Bhalgama,Technical Expert,9687228433,gujarat.blg@gmail.com,Hiren Chaudhari,7778883322,piuahd-gudc@gujarat.gov.in,Submitted,Save As Draft,Save As Draft,Sent to State,Submitted,Report Submitted,Yes,The comment is for providing information. No action needed.,Q2 - 2024-2025,,,,,
431,GUJARAT,BAREJA,GJ-BAREJA-8131,Water Body Rejuvenation,AMRUT 2.0 : Lake Development of Bhim Talav in Bareja Nagarpalika,08-08-2024,Mr. Ghanshyam Bhalgama,Technical Expert,9687228433,gujarat.blg@gmail.com,Vepari Alfaj,9998263059,np_bareja@yahoo.co.in,Submitted,Submitted,Save As Draft,Sent to State,Submitted,Report Submitted,Yes,Compliance accepted.,Q2 - 2024-2025,,,,,
432,GUJARAT,BAREJA,GJ-BAREJA-10358,Parks & Green Space Development,AMRUT 2.0: Garden Development Project at Singhoda Lake of Bareja Municipality,08-08-2024,Mr. Ghanshyam Bhalgama,Technical Expert,9687228433,gujarat.blg@gmail.com,Vepari Alfaj,9998263059,np_bareja@yahoo.co.in,Submitted,Submitted,Save As Draft,Sent to State,Submitted,Report Submitted,Yes,Compliance accepted.,Q2 - 2024-2025,,,,,
433,GUJARAT,DHOLKA,GJ-DHOLKA-5435,Water Supply,WATER SUPPLY SCHEME DHOLKA NAGARPALIKA,08-08-2024,Ghanshyam Bhalgama,Technical Expert,9687228433,gujarat.blg@gmail.com,Akash Patel,7069767574,np_dholka@yahoo.co.in,Submitted,Save As Draft,Save As Draft,Sent to State,Submitted,Report Submitted,Yes,Informative comment No action needed.,Q2 - 2024-2025,,,,,
434,GUJARAT,DHOLKA,GJ-DHOLKA-5607,Parks & Green Space Development,REDEVELOPMENT OF SWAMI VIVEKANAND GARDEN IN DHOLKA NAGARPALIKA,08-08-2024,Mr. Ghanshyam Bhalgama,Technical Expert,9687228433,gujarat.blg@gmail.com,Akash Patel,7069767574,np_dholka@yahoo.co.in,Submitted,Submitted,Save As Draft,Sent to State,Submitted,Report Submitted,Yes,Compliance accepted.,Q2 - 2024-2025,,,,,
435,GUJARAT,DHOLKA,GJ-DHOLKA-5685,Water Body Rejuvenation,AMRUT 2.0 :DEVELOPMENT OF SHANKAR TALAV IN DHOLKA NAGARPALIKA,08-08-2024,Mr. Ghanshyam Bhalgama,Technical Expert,9687228433,gujarat.blg@gmail.com,Akash Patel,7069767574,np_dholka@yahoo.co.in,Submitted,Save As Draft,Save As Draft,Sent to State,Submitted,Report Submitted,Yes,Compliance Accepted.,Q2 - 2024-2025,,,,,
436,GUJARAT,DHOLKA,GJ-DHOLKA-10342,Water Supply,WATER SUPPLY SCHEME AT DHOLKA NAGARPALIKA,23-12-2024,Ghanshyam Bhalgama,Technical Expert,9687228433,gujarat.blg@gmail.com,Rohit Patel,9624055177,piuahd-gudc@gujarat.gov.in,Submitted,Save As Draft,Save As Draft,Sent to State,Submitted,Report Submitted,Yes,Informative comment.,Q3 - 2024-2025,,,,,
437,GUJARAT,DHOLKA,GJ-DHOLKA-10345,Parks & Green Space Development,AMRUT 2.0: GREEN SPACE DEVELOPMENT AT DHOLKA NAGARPALIKA,08-08-2024,Mr. Ghanshyam Bhalgama,Technical Expert,9687228433,gujarat.blg@gmail.com,Akash Patel,7069767574,np_dholka@yahoo.co.in,Submitted,Save As Draft,Save As Draft,Sent to State,Submitted,Report Submitted,Yes,Compliance Accepted.,Q2 - 2024-2025,,,,,
438,GUJARAT,BAVLA,GJ-BAVLA-7901,Water Body Rejuvenation,AMRUT 2.0: Lake Development Project at Nanu Talav in Bavla Nagarpalika,08-08-2024,Mr. Ghanshyam Bhalgama,Technical Expert,9687228433,gujarat.blg@gmail.com, Krishna Sathwara,9998191284,np_bavla@yahoo.co.in,Submitted,Submitted,Save As Draft,Sent to State,Submitted,Report Submitted,Yes,Compliance accepted. ,Q2 - 2024-2025,,,,,
439,GUJARAT,BAVLA,GJ-BAVLA-10351,Water Supply,"AMRUT 2.0 : TRANCHE 2.O : CONSTRUCTION OF ESR, RAISING MAIN PIPELINE AND CROSSING WORK IN BAVLA MUNICIPALITY",08-08-2024,Mr. Ghanshyam Bhalgama,Technical Expert,9687228433,gujarat.blg@gmail.com,Krishna Sathwara,9998191284,np_bavla@yahoo.co.in,Submitted,Save As Draft,Save As Draft,Sent to State,Submitted,Report Submitted,Yes,The purpose of the comment is to provide information. No action required.,Q2 - 2024-2025,,,,,
440,GUJARAT,BAVLA,GJ-BAVLA-14246,Water Supply,AMRUT 2.0: TRANCHE 3: WATER SUPPLY SYSTEM BAVLA NAGARPALIKA,08-08-2024,Mr. Ghanshyam Bhalgama,Technical Expert,9687228433,gujarat.blg@gmail.com, Krishna Sathwara,9998191284,np_bavla@yahoo.co.in,Submitted,Save As Draft,Save As Draft,Sent to State,Submitted,Report Submitted,Yes,Informative comment. No action required.,Q2 - 2024-2025,,,,,
441,GUJARAT,BARVALA,GJ-BARVALA-3490,Water Supply,NAL SE JAL YOJANA FOR AMBEDKAR NAGAR-2 AND KHARA VISTAR,30-09-2024,Sandip Vadher,Dy. Team Leader,7043903718,gujarat.blg@gmail.com,MOREE YASHPALSINH,9428131217,np_barvala@yahoo.co.in,Submitted,Submitted,Save As Draft,Sent to State,Submitted,Report Submitted,Yes,Compliance Accepted,Q2 - 2024-2025,,,,,
442,GUJARAT,BARVALA,GJ-BARVALA-10348,Water Supply,AMRUT 2.0 : WATER SUPPLY SCHEME AT BARVALA NAGARPALIKA,30-09-2024,Sandip Vadher,Dy. Team Leader,7043903718,gujarat.blg@gmail.com,MOREE YASHPALSINH,9428131217,np_barvala@yahoo.co.in,Submitted,Submitted,Save As Draft,Sent to State,Submitted,Report Submitted,Yes,Compliance Accepted,Q2 - 2024-2025,,,,,
443,GUJARAT,DHANDHUKA,GJ-DHANDHUKA-4248,Water Body Rejuvenation,Rejuvenation of Maltan Lake at Dhandhuka,30-09-2024,Sandip Vadher,Dy. Team Leader,7043903718,gujarat.blg@gmail.com,Ashok  Makwana,9909664118,np_dhandhuka@yahoo.co.in,Submitted,Submitted,Save As Draft,Sent to State,Submitted,Report Submitted,Yes,Compliance accepted.,Q2 - 2024-2025,,,,,
444,GUJARAT,DHANDHUKA,GJ-DHANDHUKA-4257,Water Supply,Water Supply Distribution Network at Dhandhuka,25-02-2025,Ghanshyam Bhalgama,Technical Expert,9687228433,gujarat.blg@gmail.com,Rohit Patel,9624055177,piuahd-gudc@gujarat.gov.in,Submitted,Save As Draft,Save As Draft,Sent to State,Submitted,Report Submitted,Yes,Informative comment.,Q4 - 2024-2025,,,,,
445,GUJARAT,DHANDHUKA,GJ-DHANDHUKA-4265,Parks & Green Space Development,Development work of Lavingya Park at Dhandhuka,30-09-2024,Sandip Vadher,Dy. Team Leader,7043903718,gujarat.blg@gmail.com,Ashok  Makwana,9909664118,np_dhandhuka@yahoo.co.in,Submitted,Submitted,Save As Draft,Sent to State,Submitted,Report Submitted,Yes,Compliance accepted.,Q2 - 2024-2025,,,,,
446,GUJARAT,DHANDHUKA,GJ-DHANDHUKA-7922,Water Body Rejuvenation,AMRIT SAROVAR : Rejuvenation of Maltan Lake at Dhandhuka,30-09-2024,Sandip Vadher,Dy. Team Leader,7043903718,gujarat.blg@gmail.com,Ashok  Makwana,9909664118,np_dhandhuka@yahoo.co.in,Submitted,Submitted,Save As Draft,Sent to State,Submitted,Report Submitted,Yes,Compliance accepted.,Q2 - 2024-2025,,,,,
447,GUJARAT,HALVAD,GJ-HALVAD-5174,Water Supply,HALVAD NAGARPALIKA WATER SUPPLY PROJECT NAL SE JAL,06-09-2024,Mr. Ghanshyam Bhalgama,Technical Expert,9687228433,gujarat.blg@gmail.com,B D Rupala,9904482300,piurajkot-gudc@gujarat.gov.in,Submitted,Save As Draft,Save As Draft,Sent to State,Submitted,Report Submitted,Yes,Informative comment. No action required.,Q2 - 2024-2025,,,,,
448,GUJARAT,HALVAD,GJ-HALVAD-5199,Water Body Rejuvenation,HALVAD NAGARPALIKA WATER BODY DEVELOPMENT,15-12-2025, Ghanshyam Bhalgama,Technical Expert,9687228433,gujarat.blg@gmail.com,Kishan Mandli,9558464399,np_halvad02@yahoo.in,Save As Draft,Save As Draft,Save As Draft,Pending Sent to State,Pending Submitted,Pending to be Submitted,,,Q3 - 2025-2026,,,,,
449,GUJARAT,HALVAD,GJ-HALVAD-5204,Parks & Green Space Development,HALVAD NAGARPALIKA GARDEN DEVELOPMENT,06-09-2024,Mr. Ghanshyam Bhalgama,Technical Expert,9687228433,gujarat.blg@gmail.com,Kishan Mandli,9558464399,np_halvad02@yahoo.in,Submitted,Submitted,Save As Draft,Sent to State,Submitted,Report Submitted,Yes,Compliance accepted.,Q2 - 2024-2025,,,,,
450,GUJARAT,HALVAD,GJ-HALVAD-10503,Parks & Green Space Development,AMRUT 2.0: SAMATSAR GARDEN DEVELOPMENT AT HALVAD,06-09-2024,Mr. Ghanshyam Bhalgama,Technical Expert,9687228433,gujarat.blg@gmail.com,Kishan Mandli,9558464399,np_halvad02@yahoo.in,Submitted,Submitted,Save As Draft,Sent to State,Submitted,Report Submitted,Yes,Accepted,Q2 - 2024-2025,,,,,
451,GUJARAT,DHRANGADHRA,GJ-DHRANGADHRA-4463,Water Supply,Augmentation of water supply schemes Nal Se Jal in Dhrangadhra,14-05-2024,Sandip Vadhe,Team leader,7043903718,gujarat.blg@gmail.com,Kad Navghan,9974140752,np_dhangadhra@yahoo.co.in,Submitted,Submitted,Save As Draft,Sent to State,Submitted,Report Submitted,Yes,Compliance will be considered completed only when  required  test results and photos are attached of the rectified work. ,Q1 - 2024-2025,,,,,
452,GUJARAT,DHRANGADHRA,GJ-DHRANGADHRA-8133,Water Body Rejuvenation,AMRUT 2.0 :  DHRANGADHRA NAGARPALIKA JOGASAR TALAV WATER BODY REJUVENTION ,14-05-2024,Sandip Vadhe,Team leader ,7043903718,gujarat.blg@gmail.com,Kad Navghan,9974140752,np_dhangadhra@yahoo.co.in,Submitted,Submitted,Save As Draft,Sent to State,Submitted,Report Submitted,Yes,Informative comment. No action required.,Q1 - 2024-2025,,,,,
453,GUJARAT,DHRANGADHRA,GJ-DHRANGADHRA-10934,Water Supply,WATER SUPPLY SCHEME AT DHANGDHRA NAGARPALIKA,30-12-2024,Mr. Ghanshyam Bhalgama,Technical Expert,9687228433,gujarat.blg@gmail.com,Kad Navghan,9974140752,np_dhangadhra@yahoo.co.in,Submitted,Submitted,Save As Draft,Sent to State,Submitted,Report Submitted,Yes,"No action needed, as comments are for providing information.",Q3 - 2024-2025,,,,,
454,GUJARAT,DHRANGADHRA,GJ-DHRANGADHRA-14228,Water Supply,AMRUT 2.0 :TRANCHE 3 : WATER SUPPLY PROJECT OF DHRANGADHRA MUNICIPALITY,30-12-2024,Mr. Ghanshyam Bhalgama,Technical Expert,9687228433,gujarat.blg@gmail.com,Kad Navghan,9974140752,np_dhangadhra@yahoo.co.in,Submitted,Submitted,Save As Draft,Sent to State,Submitted,Report Submitted,Yes,"No action needed, as comments are for providing information.",Q3 - 2024-2025,,,,,
455,GUJARAT,PATDI,GJ-PATDI-4822,Water Supply,PATDI WATER SUPPLY SCHEME NAL SE JAL,14-05-2024,Sandip Vadher,Team leader,7043903718,gujarat.blg@gmail.com,Bhavesh Raval,8347259489,np_patadi@yahoo.co.in,Submitted,Submitted,Save As Draft,Sent to State,Submitted,Report Submitted,Yes,Compliance Accepted,Q1 - 2024-2025,,,,,
456,GUJARAT,PATDI,GJ-PATDI-4839,Water Body Rejuvenation,REJUVENATION OF PATDI VILLAGE LAKE ,20-08-2024,jodhpur it team,jodhpur it team,jodhpur it team,jodhpuritteam@gmail.com,jodhpur it team,jodhpur it team,jodhpuritteam@gmail.com,Submitted,Submitted,Save As Draft,Sent to State,Submitted,Report Submitted,Yes,"Compliance will be considered complete when, before and after photos of the rectification are attached.
",Q2 - 2024-2025,,,,,
457,GUJARAT,PATDI,GJ-PATDI-4844,Parks & Green Space Development,PATDI NAGARPALIKA PARK/GARDEN DEVELOPMENT SCHEME,20-08-2024,Sandip Vadher,Team Leader,7043903718,gujarat.blg@gmail.com,Rudrik Dave,6351242718,daverudrik@gmail.com,Submitted,Submitted,Save As Draft,Sent to State,Submitted,Report Submitted,Yes,Compliance accepted.,Q2 - 2024-2025,,,,,
458,GUJARAT,PATDI,GJ-PATDI-7916,Water Body Rejuvenation,AMRIT SAROVAR : Phase _ I of Patdi Nagarpalika Gam Talav Water Body Rejuvenation,14-05-2024,Sandip Vadher,Team leader ,7043903718,gujarat.blg@gmail.com,Bhavesh Raval,8347259489,np_patadi@yahoo.co.in,Submitted,Submitted,Save As Draft,Sent to State,Submitted,Report Submitted,Yes,Suggested test results should be available in the next site visit.,Q1 - 2024-2025,,,,,
459,GUJARAT,SURENDRANAGAR,GJ-SURENDRANAGAR-3079,Water Supply,Water supply project Nal Se Jal in surendranagar-Dudhrej-Wadhwan municipality area,14-05-2024,Sandip Vadher & Ratilal Khandhar ,Team leader and Ass. Technical expert.,7043903718,gujarat.blg@gmail.com,P M Patel(GUDC- Dy.Manager),9924203703,vpp-gudc@gujarat.gov.in,Submitted,Submitted,Save As Draft,Sent to State,Submitted,Report Submitted,Yes,Compliance accepted,Q1 - 2024-2025,,,,,
460,GUJARAT,SURENDRANAGAR,GJ-SURENDRANAGAR-3144,Sewerage & Septage Management,AMRUT 2.0 : Sewer collecting network in Surendranagar-Dudhrej-Wadhwan municipality area,30-12-2024,Ghanshyam Bhalgama,Technical Expert,9687228433,gujarat.blg@gmail.com,P M Patel,9924203703,piuahd-gudc@gujarat.gov.in,Submitted,Submitted,Save As Draft,Sent to State,Submitted,Report Submitted,Yes,This comment is for providing information.,Q3 - 2024-2025,,,,,
461,GUJARAT,SURENDRANAGAR,GJ-SURENDRANAGAR-3150,Water Body Rejuvenation,Rejuvenation of water body in Surendranagar-Dudhrej-Wadhwan municipality area.,14-05-2024,Sandip Vadher,Team Leader,7043903718,vadher.sandip@gmail.com,Shailesh Parmar,6359719354,surendranagar_nagarpalika@yahoo.com,Submitted,Submitted,Save As Draft,Sent to State,Submitted,Report Submitted,Yes,Suggestive comment.,Q1 - 2024-2025,,,,,
462,GUJARAT,SURENDRANAGAR,GJ-SURENDRANAGAR-3306,Parks & Green Space Development,AMRUT 2.0 : Garden Development of Wadhwan Dharam Talav Garden in Wadhwan,14-05-2024,Sandip Vadher,Team Leader,7043903718,vadher.sandip@gmail.com,Shailesh Parmar,6359719354,surendranagar_nagarpalika@yahoo.com,Submitted,Submitted,Save As Draft,Sent to State,Submitted,Report Submitted,Yes,Compliance accepted.,Q1 - 2024-2025,,,,,
463,GUJARAT,SURENDRANAGAR,GJ-SURENDRANAGAR-3324,Parks & Green Space Development,Redevelopment of Kavi Dalpatram Bag Near nagarpalika office wadhwan,14-05-2024,Sandip Vadher,Team Leader,7043903718,vadher.sandip@gmail.com,Shailesh Parmar,6359719354,surendranagar_nagarpalika@yahoo.com,Submitted,Submitted,Save As Draft,Sent to State,Submitted,Report Submitted,Yes,Informative comment. No action required.,Q1 - 2024-2025,,,,,
464,GUJARAT,SURENDRANAGAR,GJ-SURENDRANAGAR-3372,Sewerage & Septage Management,Sewage Treatment Plant at Mulchnad Road Wadhwan,30-12-2024,Ghanshyam Bhalgama,Technical Expert,9687228433,gujarat.blg@gmail.com,P M Patel,9924203703,piuahd-gudc@gujarat.gov.in,Submitted,Submitted,Save As Draft,Sent to State,Submitted,Report Submitted,Yes,Informative comment. No action required.,Q3 - 2024-2025,,,,,
465,GUJARAT,SURENDRANAGAR,GJ-SURENDRANAGAR-7886,Water Body Rejuvenation,AMRIT SAROVAR : Rejuvenation of water body in Surendranagar-Dudhrej-Wadhwan municipality area.,14-05-2024,Sandip Vadher,Team Leader,7043903718,vadher.sandip@gmail.com,Shailesh Parmar,6359719354,surendranagar_nagarpalika@yahoo.com,Submitted,Submitted,Save As Draft,Sent to State,Submitted,Report Submitted,Yes,Compliance accepted.,Q1 - 2024-2025,,,,,
466,GUJARAT,SURENDRANAGAR,GJ-SURENDRANAGAR-14111,Water Supply,AMRUT 2.0: TRANCHE 3: Phase - I Source Augmentation for Surendranagar Dudhrej Wadhwan Nagarpalika (SWAP III),20-08-2024,Sandip Vadher,Team leader,7043903718,gujarat.blg@gmail.com,Shailesh Parmar,6359719354,surendranagar_nagarpalika@yahoo.com,Submitted,Submitted,Save As Draft,Sent to State,Submitted,Report Submitted,Yes,Informative comment. No action required.,Q2 - 2024-2025,,,,,
467,GUJARAT,SURENDRANAGAR,GJ-SURENDRANAGAR-14115,Water Supply,AMRUT 2.0: TRANCHE 3: Phase II Proposed Water Distribution Network for Surendranagar Dudhrej Wadhwan Nagarpalika (SWAP III),20-08-2024,Sandip Vadher,Team Leader,7043903718,gujarat.blg@gmail.com,Parmar,6359719354,surendranagar_nagarpalika@yahoo.com,Submitted,Submitted,Save As Draft,Sent to State,Submitted,Report Submitted,Yes,Compliance accepted.,Q2 - 2024-2025,,,,,
468,GUJARAT,THANGADH,GJ-THANGADH-5396,Water Supply,Augmentation of Water Supply Scheme Thangadh Nagarpalika - Nal se Jal,21-08-2024,Mr. Ghanshyam Bhalgama Mr. Jaydeep Kabariya,Technical Expert,9687228433,gujarat.blg@gmail.com,Mr. Trikam Paragi,9574651769,np_than@yahoo.co.in,Submitted,Submitted,Save As Draft,Sent to State,Submitted,Report Submitted,Yes,Compliance accepted.,Q2 - 2024-2025,,,,,
469,GUJARAT,THANGADH,GJ-THANGADH-10318,Parks & Green Space Development,AMRUT 2.0 : HARINAGAR GARDEN REDEVELOPMENT IN THANGADH MUNICIPALITY,22-12-2025,Ghanshyam Bhalgama,Technical Expert,9687228433,gujarat.blg@gmail.com,Nitinbhai Parghi,9099154040,np_than@yahoo.co.in,Save As Draft,Save As Draft,Save As Draft,Pending Sent to State,Pending Submitted,Pending to be Submitted,,,Q3 - 2025-2026,,,,,
470,GUJARAT,THANGADH,GJ-THANGADH-10354,Water Supply,AMRUT 2.0 : TRANCHE 2 : WATER SUPPLY SCHEME AT THANGADH NAGARPALIKA,17-05-2024,Mr. Ghanshyam Bhalgama Mr. Jaydeep Kabariya,Technical Expert,9687228433,gujarat.blg@gmail.com,Mr. Trikam Par,9574651769,np_than@yahoo.co.in,Submitted,Submitted,Save As Draft,Sent to State,Submitted,Report Submitted,Yes,"he comments are for the purpose of providing information. No action required.
",Q1 - 2024-2025,,,,,
471,GUJARAT,THANGADH,GJ-THANGADH-14284,Water Supply,AMRUT 2.0: TRANCHE 3: WATER SUPPLY SYSTEM IN THANGHADH NAGARPALIKA FOR NEW DEVELOPED AREA,24-02-2025,Ghanshyam Bhalgama,Technical Expert,9687228433,gujarat.blg@gmail.com,Nitinbhai Parghi,9099154040,np_than@yahoo.co.in,Submitted,Submitted,Save As Draft,Sent to State,Submitted,Report Submitted,Yes,Compliance accepted.,Q4 - 2024-2025,,,,,
472,GUJARAT,CHOTILA,GJ-CHOTILA-5422,Water Supply,Augmentation of Water Supply Scheme at Chotila Town - Nal Se Jal,17-06-2024,Mr. Jaydeep Kabariya,Technical Expert,9687228433,gujarat.blg@gmail.com,Mr. Mayursinh Jadav (Municipal Engineer),9558955056,np_chotila@yahoo.com,Submitted,Submitted,Save As Draft,Sent to State,Submitted,Report Submitted,Yes,Compliance Accepted,Q1 - 2024-2025,,,,,
473,GUJARAT,CHOTILA,GJ-CHOTILA-10930,Water Body Rejuvenation,AMRUT 2.0 : Trench 2 : DEVELOPMENT OF  ARUDESHWAR TALAV AT CHOTILA NAGARPALIKA,17-05-2024,Mr. Ghanshyam Bhalgama,Technical Expert,9687228433,gujarat.blg@gmail.com,Mr. Mayursinh Jadav (Municipal Engineer),9558955056,np_chotila@yahoo.com,Submitted,Submitted,Save As Draft,Sent to State,Submitted,Report Submitted,Yes,Compliance accepted.,Q1 - 2024-2025,,,,,
474,GUJARAT,LIMBDI,GJ-LIMBDI-4510,Water Supply,Augmentation of Water Supply Schemes in Limbdi,24-02-2025,Ghanshyam Bhalgama ,Technical Expert,9687228433,gujarat.blg@gmail.com,Dharmrajsinh Zala,9909038797,piuahd-gudc@gujarat.gov.in,Submitted,Submitted,Save As Draft,Sent to State,Submitted,Report Submitted,Yes,Informative comment.,Q4 - 2024-2025,,,,,
475,GUJARAT,LIMBDI,GJ-LIMBDI-4546,Water Body Rejuvenation,LIMBDI WATER BODY REJUVENATION PROJECT AT DOLATSAGAR TALAV (RAJA TALAV),30-09-2024,Sandip Vadher,Team Leader,7043903718,gujarat.blg@gmail.com,Bhavesh Chauhan,7069004178,np_limadi@yahoo.co.in,Submitted,Submitted,Save As Draft,Sent to State,Submitted,Report Submitted,Yes,Compliance accepted. ,Q2 - 2024-2025,,,,,
476,GUJARAT,LIMBDI,GJ-LIMBDI-4556,Parks & Green Space Development,Renovation Of Parks & Green Space Development Project- DIGVIJAY BAUG,30-09-2024,Sandip Vadher,"Dy, Team Leader",7043903718,gujarat.blg@gmail.com,Bhavesh Chauhan,7069004178,np_limadi@yahoo.co.in,Submitted,Submitted,Save As Draft,Sent to State,Submitted,Report Submitted,Yes,Compliance accepted.,Q2 - 2024-2025,,,,,
477,GUJARAT,LIMBDI,GJ-LIMBDI-8624,Water Body Rejuvenation,AMRUT 2.0 : Phase- II Waterbody Rejuvenation project of Dolat Sagar Talav in Limbdi Nagarpalika,30-09-2024,Sandip Vadher,Team Leader,7043903718,gujarat.blg@gmail.com,Bhavesh Chauhan,7069004178,np_limadi@yahoo.co.in,Submitted,Submitted,Save As Draft,Sent to State,Submitted,Report Submitted,Yes,"An alternative solution needs to be planned, so that from now on work can be carried forward. The final layout plan for the water body development should be submitted.",Q2 - 2024-2025,,,,,
478,GUJARAT,LIMBDI,GJ-LIMBDI-10932,Parks & Green Space Development,AMRUT 2.0: GREEN SPACE DEVELOPMENT AT LIMBDI NAGARPALIKA,30-09-2024,Sandip Vadher,"Dy, Team Leader",7043903718,gujarat.blg@gmail.com,Bhavesh Chauhan,7069004178,np_limadi@yahoo.co.in,Submitted,Submitted,Save As Draft,Sent to State,Submitted,Report Submitted,Yes,Compliance accepted.,Q2 - 2024-2025,,,,,
479,GUJARAT,MALIYA MIYANA,GJ-MALIYA_MIYANA-5135,Water Supply,MALIYA MIYANA: Water Supply Project,04-09-2024,Mr. Ghanshyam Bhalgama,Technical Expert,9687228433,gujarat.blg@gmail.com,Vivek Gadhiya,7878705450,np_mmiyaa@yahoo.in,Submitted,Submitted,Save As Draft,Sent to State,Submitted,Report Submitted,Yes,Compliance accepted.,Q2 - 2024-2025,,,,,
480,GUJARAT,MALIYA MIYANA,GJ-MALIYA_MIYANA-10500,Water Body Rejuvenation,WB REJUVENATION OF GAM TALAV AT MALIYA MIYANA,04-09-2024,Mr. Ghanshyam Bhalgama,Technical Expert,9687228433,gujarat.blg@gmail.com,Vivek Gadhiya,7878705450,np_mmiyaa@yahoo.in,Submitted,Save As Draft,Save As Draft,Sent to State,Submitted,Report Submitted,Yes,Informative comment.,Q2 - 2024-2025,,,,,
481,GUJARAT,MALIYA MIYANA,GJ-MALIYA_MIYANA-10502,Parks & Green Space Development,AMRUT 2.0: TRANCHE 3: GREEN SPACE DEVELOPMENT AT MALIYA MIYANA NAGARPALIKA,04-09-2024,Mr. Ghanshyam Bhalgama,Technical Expert,9687228433,gujarat.blg@gmail.com,Vivek Gadhiya,7878705450,np_mmiyaa@yahoo.in,Submitted,Save As Draft,Save As Draft,Sent to State,Submitted,Report Submitted,Yes,Informative comment.,Q2 - 2024-2025,,,,,
482,GUJARAT,MORBI,GJ-MORBI-3550,Water Supply,WATER SUPPLY PIPELINE NETWORK IN MORBI MUNICIPALITY,04-09-2024,Mr. Ghanshyam Bhalgama,Technical Expert,9687228433,gujarat.blg@gmail.com,Kishan Fultariya,8000569988,np_morbi@yahoo.co.in,Submitted,Submitted,Save As Draft,Sent to State,Submitted,Report Submitted,Yes,Compliance accepted.,Q2 - 2024-2025,,,,,
483,GUJARAT,MORBI,GJ-MORBI-3558,Sewerage & Septage Management,UNDER GROUND DRAINAGE NETWORK FOR MUNICIPALITY,04-09-2024,Mr. Ghanshyam Bhalgama,Technical Expert,9687228433,gujarat.blg@gmail.com,Chirag Mordiya,9737042916,gudcpiurajkot@gmail.com,Submitted,Submitted,Save As Draft,Sent to State,Submitted,Report Submitted,Yes,Compliance accepted,Q2 - 2024-2025,,,,,
484,GUJARAT,MORBI,GJ-MORBI-3569,Water Body Rejuvenation,Water Body Rejuvenation AND DEVELOPMENT OF KAPORI TALAV,20-03-2025,,,,,,,,Save As Draft,Save As Draft,Save As Draft,Pending Sent to State,Pending Submitted,Pending to be Submitted,,,Q4 - 2024-2025,,,,,
485,GUJARAT,MORBI,GJ-MORBI-3570,Water Body Rejuvenation,AMRIT SAROVAR : Water Body Rejuvenation AND DEVELOPMENT OF PANCHASAR TALAV,20-03-2025,,,,,,,,Save As Draft,Save As Draft,Save As Draft,Pending Sent to State,Pending Submitted,Pending to be Submitted,,,Q4 - 2024-2025,,,,,
486,GUJARAT,MORBI,GJ-MORBI-3572,Parks & Green Space Development,PICNIC CENTER IN MORBI,20-03-2025,,,,,,,,Save As Draft,Save As Draft,Save As Draft,Pending Sent to State,Pending Submitted,Pending to be Submitted,,,Q4 - 2024-2025,,,,,
487,GUJARAT,MORBI,GJ-MORBI-3574,Parks & Green Space Development,AMRUT 2.0 : SARDAR BAGH GARDEN IN MORBI,04-09-2024,Ghanshyam Bhalgama,Technical Expert,9687228433,gujarat.blg@gmail.com,Kishan Fultariya,8000569988,np_morbi@yahoo.co.in,Submitted,Save As Draft,Save As Draft,Sent to State,Submitted,Report Submitted,Yes,Compliance accepted.,Q2 - 2024-2025,,,,,
488,GUJARAT,WANKANER,GJ-WANKANER-5123,Water Supply,WATER SUPPLY SCHEME NAL SE JAL WANKANER NAGARPALIKA,04-09-2024,Mr. Ghanshyam Bhalgama,Technical Expert,6872284393,gujarat.blg@gmail.com,Mahesh Patel,9712809910,np_vankaner@yahoo.co.in,Submitted,Save As Draft,Save As Draft,Sent to State,Submitted,Report Submitted,Yes,Informative comment. No action required.,Q2 - 2024-2025,,,,,
489,GUJARAT,RAJKOT,GJ-RAJKOT-3548,Water Supply,AMRUT 2.0 : WATER SUPPLY PROJECT - WTP BASED ON AJI -1 DAM,13-06-2025,Sandip Vadher,Team Leader,7043903718,gujarat.blg@gmail.com,Jayesh Chotaliya,9624798585,rmc_jnnurm@yahoo.com,Submitted,Save As Draft,Save As Draft,Sent to State,Submitted,Report Submitted,Yes,Informative comment.,Q1 - 2025-2026,,,,,
490,GUJARAT,RAJKOT,GJ-RAJKOT-3582,Water Supply,AMRUT 2.0 : WATER SUPPLY PROJECT - HEAD WORKS AT MADHAPAR,12-06-2025,Sandip Vadher,Team Leader,7043903718,gujarat.blg@gmail.com,Jayesh Chotaliya,9624798585,rmc_jnnurm@yahoo.com,Submitted,Save As Draft,Save As Draft,Sent to State,Submitted,Report Submitted,Yes,Informative comment.,Q1 - 2025-2026,,,,,
491,GUJARAT,RAJKOT,GJ-RAJKOT-3624,Water Supply,RMC: WATER SUPPLY PROJECT - INTAKE WELL AT NYARI-1 DAM,12-06-2025,Sandip Vadher,Team Leader,7043903718,gujarat.blg@gmail.com,NIKESH MAKWANA,9714835858,NIKESHM@RMC.GOV.IN,Submitted,Save As Draft,Save As Draft,Sent to State,Submitted,Report Submitted,Yes,Informative comment.,Q1 - 2025-2026,,,,,
492,GUJARAT,RAJKOT,GJ-RAJKOT-3628,Water Supply,RMC :  WATER SUPPLY PROJECT AUGMENTATION OF NYARI-1 DAM VALVE TOWER-2 PST,15-07-2024,Mr. Ghanshyam Bhalgama Mr. Jaydeep Kabariya,Technical Expert,9687228433,gujarat.blg@gmail.com,Mr. C. B. Mori (DEE),9624718189,cbmori@gmail.com,Submitted,Submitted,Save As Draft,Sent to State,Submitted,Report Submitted,Yes,"No action required, as the comments are informative in nature.",Q2 - 2024-2025,,,,,
493,GUJARAT,RAJKOT,GJ-RAJKOT-3633,Water Supply,RMC: WATER SUPPLY PROJECT AUGMENTATION OF MAVADI PUMPING STATION,16-07-2024,Mr. Ghanshyam Bhalgama Mr. Jaydeep Kabariya,Technical Expert,9687228433,gujarat.blg@gmail.com,Mr. C. B. Mori (DEE),9714636800,cbmori@gmail.com,Submitted,Submitted,Save As Draft,Sent to State,Submitted,Report Submitted,Yes,The comment is for providing information.,Q2 - 2024-2025,,,,,
494,GUJARAT,RAJKOT,GJ-RAJKOT-3637,Water Supply,RMC: WATER SUPPLY PROJECT AUGMENTATION OF NYARA OFF TAKE,16-07-2024,Mr. Ghanshyam Bhalgama Mr. Jaydeep Kabariya,Technical Expert,9687228433,gujarat.blg@gmail.com,Mr. V H Umat (DEE),9624082299,vhumat@gmail.com,Submitted,Submitted,Save As Draft,Sent to State,Submitted,Report Submitted,Yes,"No action required, as the comments are informative in nature.",Q2 - 2024-2025,,,,,
495,GUJARAT,RAJKOT,GJ-RAJKOT-3641,Water Supply,RMC: WATER SUPPLY PROJECT AUGMENTATION OF CHANDRESHNAGAR PUMPING STATION,16-07-2024,Mr. Ghanshyam Bhalgama Mr. Jaydeep Kabariya,Technical Expert,9687228433,gujarat.blg@gmail.com,Mr. C. B. Mori (DEE),9714636800,cbmori@gmail.com,Submitted,Submitted,Save As Draft,Sent to State,Submitted,Report Submitted,Yes,The comments are for providing information.,Q2 - 2024-2025,,,,,
496,GUJARAT,RAJKOT,GJ-RAJKOT-3644,Water Supply,RMC: WATER SUPPLY PROJECT AUGMENTATION OF  NYARI WTP PST 1 AND 2.,16-07-2024,Mr. Ghanshyam Bhalgama Mr. Jaydeep Kabariya,Technical Expert,9687228433,gujarat.blg@gmail.com,Mr. C. B. Mori (DEE) Mr. A. M. Kanzariya (AAE),9714636800,cbmori@gmail.com,Submitted,Submitted,Save As Draft,Sent to State,Submitted,Report Submitted,Yes,The comments are for providing information.,Q2 - 2024-2025,,,,,
497,GUJARAT,RAJKOT,GJ-RAJKOT-3648,Water Supply,RMC: WATER SUPPLY PROJECT AUGMENTATION OF RAIYADHAR WTP 1.,15-07-2024,Mr. Ghanshyam Bhalgama Mr. Jaydeep Kabariya,Technical Expert,9687228433,gujarat.blg@gmail.com,Mr. V H Umat,9624082299,vhumat@gmail.com,Submitted,Submitted,Save As Draft,Sent to State,Submitted,Report Submitted,Yes,A proper O&M plan should be devised and same should be shared with IRMA.,Q2 - 2024-2025,,,,,
498,GUJARAT,RAJKOT,GJ-RAJKOT-3650,Water Supply,AMRUT 2.0 : TRENCH-2 : NEW HEADWORKS AT  MOTAMAVA AREA,13-05-2024,Ghanshyam Bhalgama,Technical Expert,9687228433,gujarat.blg@gmail.com,P T Patel ,9723456990,kpdethariya@rmc.gov.in,Submitted,Save As Draft,Save As Draft,Sent to State,Submitted,Report Submitted,Yes,Accepted,Q1 - 2024-2025,,,,,
499,GUJARAT,RAJKOT,GJ-RAJKOT-3652,Water Supply,RMC: WATER SUPPLY PROJECT AUGMENTATION OF GHANTESHWAR WTP.,15-07-2024,Mr. Ghanshyam Bhalgama Mr. Jaydeep Kabariya,Technical Expert,9687228433,gujarat.blg@gmail.com,Mr. V H Umat,9624082299,vhumat@gmail.com,Submitted,Submitted,Save As Draft,Sent to State,Submitted,Report Submitted,Yes,A proper O&M plan needs to be devised and same should be shared with IRMA Officials.,Q2 - 2024-2025,,,,,
500,GUJARAT,RAJKOT,GJ-RAJKOT-3660,Water Supply,RMC: WATER SUPPLY PROJECT - NEW HEADWORKS  AT MUNJKA AREA,14-07-2024,Mr. Ghanshyam Bhalgama Mr. Jaydeep Kabariya,Technical Expert,9687228433,gujarat.blg@gmail.com,Mr.Piyush Dave (AE),9723456990,kpdethariya@rmc.gov.in,Submitted,Save As Draft,Save As Draft,Sent to State,Submitted,Report Submitted,Yes,Accepted,Q2 - 2024-2025,,,,,
501,GUJARAT,RAJKOT,GJ-RAJKOT-3665,Sewerage & Septage Management,RMC: DRAINAGE BRANCH STP AT GHANTESHWAR AREA,25-03-2025,,,,,,,,Save As Draft,Save As Draft,Save As Draft,Pending Sent to State,Pending Submitted,Pending to be Submitted,,,Q4 - 2024-2025,,,,,
502,GUJARAT,RAJKOT,GJ-RAJKOT-3666,Water Supply,AMRUT 2.0 : WATER SUPPLY PROJECT - TRANSMISSION LINE FROM NYARI1 DAM TO RAIYADHAR,15-07-2024,Ghanshyam Bhalgama,Technical Expert,9687228433,gujarat.blg@gmail.com,S B chhaiya,9624704047,sbchhaiya@rmc.gov.in,Save As Draft,Submitted,Save As Draft,Sent to State,Submitted,Report Submitted,Yes,The comment is for providing information.,Q2 - 2024-2025,,,,,
503,GUJARAT,RAJKOT,GJ-RAJKOT-3671,Water Supply,RMC: WATER SUPPLY PROJECT  - TRANSMISSION LINE FROM NYARI1 TO GETCO WTP,15-07-2024,Ghanshyam Bhalgama,Technical Expert,9687228433,gujarat.blg@gmail.com,S B Chhaiya ,9624704047,sbchhaiya@rmc.gov.in,Save As Draft,Submitted,Save As Draft,Sent to State,Submitted,Report Submitted,Yes,The comment is for providing information.,Q2 - 2024-2025,,,,,
504,GUJARAT,RAJKOT,GJ-RAJKOT-3681,Sewerage & Septage Management,AMRUT 2.0 : PUMPING STATION AT GHANTESHWAR AREA,14-05-2024,Ghanshyam Bhalgama,Technical Expert,9687228433,gujarat.blg@gmail.com,J J Parmar,9904055330,jjparmar@rmc.gov.in,Submitted,Save As Draft,Save As Draft,Sent to State,Submitted,Report Submitted,Yes,Accepted,Q1 - 2024-2025,,,,,
505,GUJARAT,RAJKOT,GJ-RAJKOT-3686,Sewerage & Septage Management,RMC: DRAINAGE PROJECT - PUMPING STATION AT GHANTESHWAR AREA,25-03-2025,,,,,,,,Save As Draft,Save As Draft,Save As Draft,Pending Sent to State,Pending Submitted,Pending to be Submitted,,,Q4 - 2024-2025,,,,,
506,GUJARAT,RAJKOT,GJ-RAJKOT-3754,Water Supply,"RMC : WATER SUPPLY, GURUKUL AREA",14-05-2024,Mr. Ghanshyam Bhalgama Mr. Jaydeep Kabariya,Technical Expert,9687228433,gujarat.blg@gmail.com,Mr. S S Gupta,9624718161,ssgupta@rmc.gov.in,Submitted,Save As Draft,Save As Draft,Sent to State,Submitted,Report Submitted,Yes,The comment is for providing information.,Q1 - 2024-2025,,,,,
507,GUJARAT,RAJKOT,GJ-RAJKOT-3757,Water Supply,RMC: WATER SUPPLY TRANSMISSION NETWORK IN RAILNAGAR AREA,25-03-2025,,,,,,,,Save As Draft,Save As Draft,Save As Draft,Pending Sent to State,Pending Submitted,Pending to be Submitted,,,Q4 - 2024-2025,,,,,
508,GUJARAT,RAJKOT,GJ-RAJKOT-3764,Water Supply,"AMRUT 2.0 : WATER SUPPLY PROJECT , RAIYADHAR WTP TO BANJARANG WADI HW",14-05-2024,Mr. Ghanshyam Bhalgama Mr. Jaydeep Kabariya,Technical Expert,9687228433,gujarat.blg@gmail.com,Mr. Ashok Jadav (AAE),9714105377,atulraval10@gmail.com,Submitted,Save As Draft,Save As Draft,Sent to State,Submitted,Report Submitted,Yes,No action required. As the comments are informatory in nature.,Q1 - 2024-2025,,,,,
509,GUJARAT,RAJKOT,GJ-RAJKOT-3770,Water Supply,"RMC : WATER SUPPLY,MANHAR AND MADHAPAR AREA",13-05-2024,Ghanshyam Bhalgama,Technical Expert,9687228433,gujarat.blg@gmail.com,Ashish Rupapra,8140797835,araval@gmail.com,Submitted,Save As Draft,Save As Draft,Sent to State,Submitted,Report Submitted,Yes,No action required as the comments are informatory in nature.,Q1 - 2024-2025,,,,,
510,GUJARAT,RAJKOT,GJ-RAJKOT-3798,Water Supply,RMC : WATER SUPPLY DISTRIBUTION NETWORK IN RAILNAGAR AREA,15-07-2024,Mr. Ghanshyam Bhalgama Mr. Jaydeep Kabariya,Technical Expert,9687228433,gujarat.blg@gmail.com,Mr. H M Kotak,9723458208,parthparmar86@gmail.com,Submitted,Submitted,Save As Draft,Sent to State,Submitted,Report Submitted,Yes,The comment is for providing information.,Q2 - 2024-2025,,,,,
511,GUJARAT,RAJKOT,GJ-RAJKOT-3802,Water Supply,"RMC : WATER SUPPLY, TP-31 AREA",16-07-2024,Mr. Ghanshyam Bhalgama Mr. Jaydeep Kabariya,Technical Expert,9687228433,gujarat.blg@gmail.com,Mr. Chirag Bathvar(AAE) Mr. S J Sitapara (DE),7383318893,sjsitapara@rmc.gov.in,Submitted,Submitted,Save As Draft,Sent to State,Submitted,Report Submitted,Yes,The comment is for providing information.,Q2 - 2024-2025,,,,,
512,GUJARAT,RAJKOT,GJ-RAJKOT-3805,Water Supply,"RMC : WATER SUPPLY, HARSIDDHI, RIDDHI-SIDDHI Ward 4",16-07-2024,Mr. Ghanshyam Bhalgama Mr. Jaydeep Kabariya,Technical Expert,9687228433,gujarat.blg@gmail.com,Mr. Chirag Bathvar(AAE) Mr. S J Sitapara (DE),7383318893,sjsitapara@rmc.gov.in,Submitted,Submitted,Save As Draft,Sent to State,Submitted,Report Submitted,Yes,The comment is for providing information.,Q2 - 2024-2025,,,,,
513,GUJARAT,RAJKOT,GJ-RAJKOT-3808,Water Supply,"RMC : WATER SUPPLY, REMAINING AREA OF TP-15",16-07-2024,Mr. Ghanshyam Bhalgama Mr. Jaydeep Kabariya,Technical Expert,9687228433,gujarat.blg@gmail.com,Mr. Chirag Bathvar(AAE) Mr. S J Sitapara (DE),7383318893,sjsitapara@rmc.gov.in,Submitted,Submitted,Save As Draft,Sent to State,Submitted,Report Submitted,Yes,The comment is for providing information.,Q2 - 2024-2025,,,,,
514,GUJARAT,RAJKOT,GJ-RAJKOT-3810,Water Supply,"AMRUT 2.0 : WATER SUPPLY, OLD AREA OF WARD-4",13-05-2024,Ghanshyam Bhalgama,Technical Expert,9687228433,gujarat.blg@gmail.com,Chirag Bathvar ,7383318893,rmc_jnnurm@yahoo.com,Submitted,Save As Draft,Save As Draft,Sent to State,Submitted,Report Submitted,Yes,This comment is for information purpose. No action required.,Q1 - 2024-2025,,,,,
515,GUJARAT,RAJKOT,GJ-RAJKOT-3813,Water Supply,"RMC : WATER SUPPLY, MANCHHANAGAR",14-07-2024,Ghanshyam Bhalgama,Technical Expert,9687228433,gujarat.blg@gmail.com,Ajay Vegad,9624096899,avegad@gmail.com,Submitted,Save As Draft,Save As Draft,Sent to State,Submitted,Report Submitted,Yes,The comments are informatory in nature. No action required.,Q2 - 2024-2025,,,,,
516,GUJARAT,RAJKOT,GJ-RAJKOT-3818,Water Supply,"AMRUT 2.0 : TRANCHE-3 : RAJKOT MUNICIPAL CORPORATION, WATER SUPPLY, PEDAK ROAD AREA",25-03-2025,Sandip Vadher,Team Leader,7043903718,gujarat.blg@gmail.com,Manoj Shrivastava,9624700522,manoj.s@rmc.gov.in,Submitted,Submitted,Save As Draft,Sent to State,Submitted,Report Submitted,Yes,Compliance accepted.,Q4 - 2024-2025,,,,,
517,GUJARAT,RAJKOT,GJ-RAJKOT-3819,Water Supply,"RMC : WATER SUPPLY, RAMVAN, WARD-15",13-05-2024,Ghanshyam Bhalgama,Technical Expert,9687228433,gujarat.blg@gmail.com,Jayesh Chotaliya,9624798585,rmc_jnnurm@yahoo.com,Submitted,Save As Draft,Save As Draft,Sent to State,Submitted,Report Submitted,Yes,The comment is informatory in nature. No action required.,Q1 - 2024-2025,,,,,
518,GUJARAT,RAJKOT,GJ-RAJKOT-3820,Sewerage & Septage Management,RMC: DRAINAGE PROJECT  - PUMPING STATION AT MUNJAKA AREA,14-07-2024,Ghanshyam Bhalgama,Technical Expert,9687228433,gujarat.blg@gmail.com,J J Parmar,9904055330,jjparmar@rmc.gov.in,Submitted,Save As Draft,Save As Draft,Sent to State,Submitted,Report Submitted,Yes,Accepted,Q2 - 2024-2025,,,,,
519,GUJARAT,RAJKOT,GJ-RAJKOT-3825,Water Supply,"RMC : WATER SUPPLY, DEVPARA MAIN ROAD AREA",14-05-2024,Mr. Ghanshyam Bhalgama Mr. Jaydeep Kabariya,Technical Expert,9687228433,gujarat.blg@gmail.com,Mr. Jatin Gedia,8347107770,pdadhia@rmc.gov.in ,Submitted,Save As Draft,Save As Draft,Sent to State,Submitted,Report Submitted,Yes,Accepted,Q1 - 2024-2025,,,,,
520,GUJARAT,RAJKOT,GJ-RAJKOT-3827,Water Supply,"RMC : WATER SUPPLY, BOLBALA ROAD AREA",13-05-2024,Ghanshyam Bhalgama,Technical Expert,9687228433,gujarat.blg@gmail.com,Dhaval Golaniya,7874282228,rmc_jnnurm@yahoo.com,Submitted,Save As Draft,Save As Draft,Sent to State,Submitted,Report Submitted,Yes,"No action required, as the comments are informative in nature.",Q1 - 2024-2025,,,,,
521,GUJARAT,RAJKOT,GJ-RAJKOT-3828,Sewerage & Septage Management,RMC: DRAINAGE BRANCH STP AT RAIYA AREA,17-05-2024,Mr. Ghanshyam Bhalgama,Technical Expert,9687228433,gujarat.blg@gmail.com,Mr. V P Babariya,9824625525,kpdethariya@rmc.gov.in,Submitted,Submitted,Save As Draft,Sent to State,Submitted,Report Submitted,Yes,Compliance Accepted,Q1 - 2024-2025,,,,,
522,GUJARAT,RAJKOT,GJ-RAJKOT-3830,Water Supply,"AMRUT 2.0 : TRANCHE-3 : RAJKOT MUNICIPAL CORPORATION, WATER SUPPLY, KHODIYAR IND.",13-05-2024,Ghanshyam Bhalgama,Technical Expert,9687228433,gujarat.blg@gmail.com,Dhaval Golaniya,7874282228,rmc_jnnurm@yahoo.com,Submitted,Save As Draft,Save As Draft,Sent to State,Submitted,Report Submitted,Yes,This is an informatory comment. No action required.,Q1 - 2024-2025,,,,,
523,GUJARAT,RAJKOT,GJ-RAJKOT-3832,Water Supply,"RMC : WATER SUPPLY, ROAD BOUNDRY AREA, WARD-18",15-07-2024,Mr. Ghanshyam Bhalgama Mr. Jaydeep Kabariya,Technical Expert,9687228433,gujarat.blg@gmail.com,Mr. Vipul Naik (AE),9104240902,pdadhia@rmc.gov.in,Submitted,Submitted,Save As Draft,Sent to State,Submitted,Report Submitted,Yes,Attach photos after carrying out the suggestive or the rectified work.,Q2 - 2024-2025,,,,,
524,GUJARAT,RAJKOT,GJ-RAJKOT-3836,Water Supply,"AMRUT 2.0 : TRANCHE-3 : RAJKOT MUNICIPAL CORPORATION, WATER SUPPLY, RADHESHYAM, SATYAM ETC",15-07-2024,Mr. Ghanshyam Bhalgama Mr. Jaydeep Kabariya,Technical Expert,9687228433,gujarat.blg@gmail.com,Mr. Vipul Naik (AE),9104240902,pdadhia@rmc.gov.in,Submitted,Submitted,Save As Draft,Sent to State,Submitted,Report Submitted,Yes,The comment is for providing information.,Q2 - 2024-2025,,,,,
525,GUJARAT,RAJKOT,GJ-RAJKOT-3838,Water Supply,"RMC : WATER SUPPLY, KHODALDHAM",04-05-2024,Ghanshyam Bhalgama,Technical Expert,9687228433,gujarat.blg@gmail.com, Vipul Naik,9104240902,pdadhia@rmc.gov.in,Submitted,Submitted,Save As Draft,Sent to State,Submitted,Report Submitted,Yes,The comment is for providing information.,Q1 - 2024-2025,,,,,
526,GUJARAT,RAJKOT,GJ-RAJKOT-3840,Water Supply,"AMRUT 2.0 : WATER SUPPLY, VINODNAGAR AND LALBAHADUR HEADWORKS",26-03-2025,Sandip Vadher,Team Leader,7043903718,gujarat.blg@gmail.com,NIKESH MAKWANA,9714835858,NIKESHM@RMC.GOV.IN,Submitted,Submitted,Save As Draft,Sent to State,Submitted,Report Submitted,Yes,Informative comment. No action needed.,Q4 - 2024-2025,,,,,
527,GUJARAT,RAJKOT,GJ-RAJKOT-3842,Water Supply,"RMC: WATER SUPPLY, NEW SOCIETIES",13-05-2024,Ghanshyam Bhalgama,Technical Expert,9687228433,gujarart.blg@gmail.com,Vipul Naik,9104240902,rmc_jnnurm@yahoo.com,Submitted,Save As Draft,Save As Draft,Sent to State,Submitted,Report Submitted,Yes,"No action required, as the comments are informative in nature.",Q1 - 2024-2025,,,,,
528,GUJARAT,RAJKOT,GJ-RAJKOT-3847,Sewerage & Septage Management,RMC: SEWERAGE LINE IN HARSIDDHI & RIDDHISIDDHI Ward 4,17-05-2024,Mr. Ghanshyam Bhalgama,Technical Expert,9687228433,gujarat.blg@gmail.com,Mr. Nilesh Bhasa,9723541927,pdadhia@rmc.gov.in,Submitted,Submitted,Save As Draft,Sent to State,Submitted,Report Submitted,Yes,The intent of the comment is to provide information. No action required.,Q1 - 2024-2025,,,,,
529,GUJARAT,RAJKOT,GJ-RAJKOT-3851,Sewerage & Septage Management,"RMC: SEWERAGE LINE IN NEW SOCIETIES, Ward-4",19-05-2024,Mr. Ghanshyam Bhalgama,Technical Expert,9687228433,gujarat.blg@gmail.com,Mr. Nilesh Bhasa,9723541927,pdadhia@rmc.gov.in,Submitted,Submitted,Save As Draft,Sent to State,Submitted,Report Submitted,Yes,As built drawing will be reviewed in the upcoming visit.,Q1 - 2024-2025,,,,,
530,GUJARAT,RAJKOT,GJ-RAJKOT-3856,Sewerage & Septage Management,"AMRUT 2.0 : SEWERAGE LINE, BHAGWATIPARA WARD 4.",19-05-2024,Mr. Ghanshyam Bhalgama,Technical Expert,9687228433,gujarat.blg@gmail.com,Mr. Nilesh Bhasa,9723541927,pdadhia@rmc.gov.in,Submitted,Submitted,Save As Draft,Sent to State,Submitted,Report Submitted,Yes,This is an informatory comment. No action required.,Q1 - 2024-2025,,,,,
531,GUJARAT,RAJKOT,GJ-RAJKOT-3861,Sewerage & Septage Management,RMC: SEWERAGE NETWORK IN MANHARPARA,25-03-2025,,,,,,,,Save As Draft,Save As Draft,Save As Draft,Pending Sent to State,Pending Submitted,Pending to be Submitted,,,Q4 - 2024-2025,,,,,
532,GUJARAT,RAJKOT,GJ-RAJKOT-3865,Sewerage & Septage Management,"AMRUT 2.0 : SEWERAGE LINE, GHANTESHWAR AREA Phase 2",13-05-2024,Mr. Ghanshyam Bhalgama Mr. Jaydeep Kabariya,Technical Expert,9687228433,gujarat.blg@gmail.com,Mr. V P Babariya ,9824625525,kpdethariya@rmc.gov.in,Submitted,Submitted,Save As Draft,Sent to State,Submitted,Report Submitted,Yes,Compliance accepted.,Q1 - 2024-2025,,,,,
533,GUJARAT,RAJKOT,GJ-RAJKOT-3873,Sewerage & Septage Management,"RMC: SEWERAGE NETWORK IN NEW SOCIETIES, Ward 18",13-05-2024,Ghanshyam Bhalgama,Technical Expert,9687228433,gujarat.blg@gmail.com,Vaibhav Ajmeri ,7359533399,rmc_jnnurm@yahoo.com,Submitted,Save As Draft,Save As Draft,Sent to State,Submitted,Report Submitted,Yes,This is an informatory comment. No action required.,Q1 - 2024-2025,,,,,
534,GUJARAT,RAJKOT,GJ-RAJKOT-3885,Sewerage & Septage Management,RMC: SEWERAGE NETWORK AT RAIYADHAR,25-03-2025,,,,,,,,Save As Draft,Save As Draft,Save As Draft,Pending Sent to State,Pending Submitted,Pending to be Submitted,,,Q4 - 2024-2025,,,,,
535,GUJARAT,RAJKOT,GJ-RAJKOT-3904,Sewerage & Septage Management,"AMRUT 2.0 : SEWERAGE NETWORK, WARD NO.01 & 03 Ghanteshwar, RAIYADHAR, MADHAPAR & MANHARPAR-1",19-05-2024,Mr. Ghanshyam Bhalgama,Technical Expert,9687228433,gujarat.blg@gmail.com,Mr. Kuntesh Mehta,9687228433,kkmehta@rmc.gov.in,Submitted,Submitted,Save As Draft,Sent to State,Submitted,Report Submitted,Yes,The comment is for providing information.,Q1 - 2024-2025,,,,,
536,GUJARAT,RAJKOT,GJ-RAJKOT-3923,Sewerage & Septage Management,RMC: SEWERAGE NETWORK IN WARD NO.09,19-05-2024,Mr. Ghanshyam Bhalgama,Technical Expert,9687228433,gujarat.blg@gmail.com,Mr. Suresh Parmar,7698877001,kkmehta@rmc.gov.in,Submitted,Submitted,Save As Draft,Sent to State,Submitted,Report Submitted,Yes,Informative comment. No action required.,Q1 - 2024-2025,,,,,
537,GUJARAT,RAJKOT,GJ-RAJKOT-3933,Sewerage & Septage Management,RMC: SEWERAGE NETWORK AT GETCO AREA,14-07-2024,Ghanshyam Bhalgama,Technical Expert,9687228433,gujarat.blg@gmail.com,Harsh Gohil,8347488484,kkmehta@rmc.gov.in,Submitted,Save As Draft,Save As Draft,Sent to State,Submitted,Report Submitted,Yes,This is an informatory comment. No action required.,Q2 - 2024-2025,,,,,
538,GUJARAT,RAJKOT,GJ-RAJKOT-3938,Water Supply,AMRUT 2.0 : WATER SUPPLY WARD NO -11 DISTRIBUTION NETWORK WARD 11,15-07-2024,Ghanshyam Bhalgama,Technical Expert,9687228433,gujarat.blg@gmail.com,Bhavesh Raval,9157171555,kkmehta@rmc.gov.in,Submitted,Submitted,Save As Draft,Sent to State,Submitted,Report Submitted,Yes,No action required. As the comments are for providing information.,Q2 - 2024-2025,,,,,
539,GUJARAT,RAJKOT,GJ-RAJKOT-3947,Water Supply,RMC : WATER SUPPLY WARD NO -09 DISTRIBUTION NETWORK,14-07-2024,Ghanshyam Bhalgama,Technical Expert,9687228433,gujarat.blg@gmail.com,Manoj Parmar,9624029188,kkmehta@rmc.gov.in,Submitted,Submitted,Save As Draft,Sent to State,Submitted,Report Submitted,Yes,Compliance accepted.,Q2 - 2024-2025,,,,,
540,GUJARAT,RAJKOT,GJ-RAJKOT-3948,Water Supply,AMRUT 2.0 : RAJKOT MUNICIPAL CORPORATION WATER SUPPLY WARD NO - 10 DISTRIBUTION NETWORK,13-05-2024,Ghanshyam Bhalgama,Technical Expert,9687228433,gujarat.blg@gmail.com,Bhavesh Raval,9157171555,kkmehta@rmc.gov.in,Submitted,Submitted,Save As Draft,Sent to State,Submitted,Report Submitted,Yes,"No action required, as the comments are informative in nature.",Q1 - 2024-2025,,,,,
541,GUJARAT,RAJKOT,GJ-RAJKOT-3951,Sewerage & Septage Management,RMC: SEWERAGE NETWORK AT NEW DEVELOP AREA,13-07-2024,Ghanshyam Bhalgama,Technical Expert,9687228433,gujarat.blg@gmail.com,Mukesh Vadukul,9723452814,kkmehta@rmc.gov.in,Submitted,Submitted,Save As Draft,Sent to State,Submitted,Report Submitted,Yes,These comments are informatory in nature. No action required.,Q2 - 2024-2025,,,,,
542,GUJARAT,RAJKOT,GJ-RAJKOT-3952,Water Supply,RMC : WATER SUPPLY WARD NO -11 DISTRIBUTION NETWORK,14-07-2024,Ghanshyam Bhalgama,Technical Expert,9687228433,gujarat.blg@gmail.com,H U Dohiya,9624711400,hudohiya@rmc.gov.in,Submitted,Submitted,Save As Draft,Sent to State,Submitted,Report Submitted,Yes,Informative Comment,Q2 - 2024-2025,,,,,
543,GUJARAT,RAJKOT,GJ-RAJKOT-3953,Water Supply,AMRUT 2.0 : WATER SUPPLY WARD NO -12  DISTRIBUTION NETWORK,13-05-2024,Ghanshyam Bhalgama,Technical Expert,9687228433,gujarat.blg@gmail.com,Vimal Agrawat,9624079600,kkmehta@rmc.gov.in,Submitted,Submitted,Save As Draft,Sent to State,Submitted,Report Submitted,Yes,The comment is for providing information.,Q1 - 2024-2025,,,,,
544,GUJARAT,RAJKOT,GJ-RAJKOT-4120,Sewerage & Septage Management,RMC: SEWERAGE NETWORK AT GHANTESHWAR VOKLA,13-05-2024,Mr. Ghanshyam Bhalgama Mr. Jaydeep Kabariya,Technical Expert,9687228433,gujarat.blg@gmail.com,Mr. Kapadiya Dhiren ,9723453584,kkmehta@rmc.gov.in,Submitted,Submitted,Save As Draft,Sent to State,Submitted,Report Submitted,Yes,Compliance accepted.,Q1 - 2024-2025,,,,,
545,GUJARAT,RAJKOT,GJ-RAJKOT-4266,Water Supply,AMRUT 2.0 : Water supply project RMC DI Pipeline Distribution network in remaining area Kothariya & Vavdi ward No.13,15-07-2024,Ghanshyam Bhalgama,Technical Expert,9687228433,gujarat.blg@gmail.com,JAYESH GOHIL ,9265013550,rmc_jnnurm@yahoo.com,Submitted,Save As Draft,Save As Draft,Sent to State,Submitted,Report Submitted,Yes,No action required. As the comments are for the purpose of providing information.,Q2 - 2024-2025,,,,,
546,GUJARAT,RAJKOT,GJ-RAJKOT-4279,Water Supply,"AMRUT 2.0 : WATER SUPPLY IN RANCHODNAGAR AND AAKASHDEEP ,WARD NO.06",12-06-2025,Sandip Vadher,Team Leader,7043903718,gujarat.blg@gmail.com,Kuntesh Mehta,9624029188,kkmehta@rmc.gov.in,Submitted,Save As Draft,Save As Draft,Sent to State,Submitted,Report Submitted,Yes,Informative comment.,Q1 - 2025-2026,,,,,
547,GUJARAT,RAJKOT,GJ-RAJKOT-8534,Water Body Rejuvenation,"AMRIT SAROVAR : REJUVENATION OF LAKE-2 NEAR PARSHURAM TEMPLE, RAJKOT",13-06-2025,,,,,,,,Save As Draft,Save As Draft,Save As Draft,Pending Sent to State,Pending Submitted,Pending to be Submitted,,,Q1 - 2025-2026,,,,,
548,GUJARAT,RAJKOT,GJ-RAJKOT-11153,Water Supply,AMRUT 2.0: TRANCHE 3: 610 MM DIA 3 LPE COATED M S PIPELINE in Vavdi  Area Works,13-05-2024,Mr. Ghanshyam Bhalgama Mr. Jaydeep Kabariya,Technical Expert,9687228433,gujarat.blg@gmail.com,Mr. K P Dethariya (ACE),9624738181,kpdethariya@rmc.gov.in,Submitted,Submitted,Save As Draft,Sent to State,Submitted,Report Submitted,Yes,The comment is for providing information.,Q1 - 2024-2025,,,,,
549,GUJARAT,RAJKOT,GJ-RAJKOT-11250,Sewerage & Septage Management,AMRUT 2.0 TRANCHE-3: Rajkot Municipal Corporation Sewerage Network at Motamava & Mujka,17-05-2024,Ghanshyam Bhalgama,Technical Expert,9687228433,gujarat.blg@gmail.com,Suresh Parmar,7698877001,hudodhiya@rmc.gov.in,Submitted,Submitted,Save As Draft,Sent to State,Submitted,Report Submitted,Yes,"No action required, as the comments are informative in nature.",Q1 - 2024-2025,,,,,
550,GUJARAT,RAJKOT,GJ-RAJKOT-11596,Water Supply,AMRUT 2.0 : TRANCHE-3 : WATER SUPPLY Distribution Line in ward no.15 Area  .,13-06-2025,Sandip Vadher,Team Leader,7043903718,gujarat.blg@gmail.com,Kuntesh Mehta,9624029188,kkmehta@rmc.gov.in,Submitted,Save As Draft,Save As Draft,Sent to State,Submitted,Report Submitted,Yes,Attach relevant document. The concerned authority needs to intervene and  expedite the matter from its end. ,Q1 - 2025-2026,,,,,
551,GUJARAT,RAJKOT,GJ-RAJKOT-13878,Water Supply,P1 AMRUT 2.0 TRENCH-3: PROPOSED GSR AT VARIOUS FILTER PLANT/HEAD WORKS 70ML,14-07-2024,Ghanshyam Bhalgama,Technical Expert,9687228433,gujarat.blg@gmail.com,Chintan Vaghela,9723199918,alpanamintra@gmail.com,Submitted,Submitted,Save As Draft,Sent to State,Submitted,Report Submitted,Yes,"No action required, as the comments are informative in nature.",Q2 - 2024-2025,,,,,
552,GUJARAT,RAJKOT,GJ-RAJKOT-14046,Water Supply,AMRUT 2.0 TRANCHE 3: NEW HEADWORKS AT  MOTAMAVA AREA - Phase 2,13-05-2024,Ghanshyam Bhalgama,Technical Expert,9687228433,gujarat.blg@gmail.com,A P Patel,9624085099,kpdethariya@rmc.o.gov.in,Submitted,Submitted,Save As Draft,Sent to State,Submitted,Report Submitted,Yes,Accepted,Q1 - 2024-2025,,,,,
553,GUJARAT,RAJKOT,GJ-RAJKOT-14558,Sewerage & Septage Management,"AMRUT 2.0: TRANCHE 3: PPP: Engineering, Procurement Construction Commissioning and Operation of TTP under PPP mode at various locations of the  Rajkot City",25-03-2025,,,,,,,,Save As Draft,Save As Draft,Save As Draft,Pending Sent to State,Pending Submitted,Pending to be Submitted,,,Q4 - 2024-2025,,,,,
554,GUJARAT,RAJKOT,GJ-RAJKOT-16006,Water Supply,P2 -WATER SUPPLY PROJECT - WTP BASED ON NYARI-1 DAM,18-09-2025,,,,,,,,Save As Draft,Save As Draft,Save As Draft,Pending Sent to State,Pending Submitted,Pending to be Submitted,,,Q2 - 2025-2026,,,,,
555,GUJARAT,RAJKOT,GJ-RAJKOT-17295,Water Supply,P1 - AMRUT 2.0 : WATER SUPPLY PROJECT - HEAD WORKS AT MADHAPAR PHASE-2,13-06-2025,Sandip Vadher,Team Leader,7043903718,gujarat.blg@gmail.com,Jayesh Chotaliya,9624798585,rmc_jnnurm@yahoo.com,Submitted,Save As Draft,Save As Draft,Sent to State,Submitted,Report Submitted,Yes,Informative comment.,Q1 - 2025-2026,,,,,
556,GUJARAT,RAJKOT,GJ-RAJKOT-14045,Water Supply,Water Supply Distribution Network in Ward - 14 & 17,01-12-2025,,,,,,,,Save As Draft,Save As Draft,Save As Draft,Pending Sent to State,Pending Submitted,Pending to be Submitted,,,Q3 - 2025-2026,,,,,
557,GUJARAT,JASDAN,GJ-JASDAN-3503,Water Supply,JASDAN: Water Supply scheme Nal Se Jal,22-08-2024,Mr. Ghanshyam Bhalgama,Technical Expert,9687228433,gujarat.blg@gmail.com,Mr. Nikunj S Dabhi,8200164255,"np_jasdan@yahoo.co.in				",Submitted,Submitted,Save As Draft,Sent to State,Submitted,Report Submitted,Yes,Compliance accepted.,Q2 - 2024-2025,,,,,
558,GUJARAT,JASDAN,GJ-JASDAN-4835,Parks & Green Space Development,Supply and Fixing children's play Equipment and open gym equipment in Jileswar park in Jasdan,03-03-2025,Sandip Vadher,Team Leader,7043903718,gujarat.blg@gmail.com,Nikunj S Dabhi,9106981007,np_jasdan@yahoo.co.in,Save As Draft,Save As Draft,Save As Draft,Pending Sent to State,Pending Submitted,Pending to be Submitted,,,Q4 - 2024-2025,,,,,
559,GUJARAT,JASDAN,GJ-JASDAN-10487,Water Supply,AMRUT 2.0: Jasdan Renovation of ESR Water Supply Project,03-03-2025,Sandip Vadher,Team Leader,7043903718,gujarat.blg@gmail.com,Nikunj S Dabhi,9106981007,np_jasdan@yahoo.co.in,Save As Draft,Save As Draft,Save As Draft,Pending Sent to State,Pending Submitted,Pending to be Submitted,,,Q4 - 2024-2025,,,,,
560,GUJARAT,GONDAL,GJ-GONDAL-3567,Water Supply,Gondal Water supply project - Nal Se Jal Yojana,27-05-2024,Mr. Ghanshyam Bhalgama,Technical Expert,9687228433,gujarat.blg@gmail.com,Mr. Pratik Kotecha,9601356367,np_gondal@yahoo.co.in,Submitted,Submitted,Save As Draft,Sent to State,Submitted,Report Submitted,Yes,Accepted,Q1 - 2024-2025,,,,,
561,GUJARAT,GONDAL,GJ-GONDAL-3623,Parks & Green Space Development,AMRUT 2.0: Harbhole Garden development in Gondal nagarpalika,25-11-2024,Sandip Vadher,Dy. Team Leader,7043903718,gujarat.blg@gmail.com,Mr. Pratik Kotecha,9601356367,np_gondal@yahoo.co.in,Submitted,Submitted,Save As Draft,Sent to State,Submitted,Report Submitted,Yes,Compliance accepted.,Q3 - 2024-2025,,,,,
562,GUJARAT,GONDAL,GJ-GONDAL-3635,Sewerage & Septage Management,GONDAL Sewer Network OG area,22-08-2024,Sandip Vadher,Dy. Team Leader,704390718,gujarat.blg@gmail.com,Mr. Pratik Kotecha,9601356367,np_gondal@yahoo.co.in,Submitted,Submitted,Save As Draft,Sent to State,Submitted,Report Submitted,Yes,Compliance accepted.,Q2 - 2024-2025,,,,,
563,GUJARAT,GONDAL,GJ-GONDAL-3647,Parks & Green Space Development,GARDEN DEVELOPMENT AT MUKTIDHAM ROAD GONDAL NAGARPALIKA,27-05-2024,Mr. Ghanshyam Bhalgama,Technical Expert,9687228433,gujarat.blg@gmail.com,Mr. Pratik Kotecha,9601356367,np_gondal@yahoo.co.in,Submitted,Submitted,Save As Draft,Sent to State,Submitted,Report Submitted,Yes,Compliance Accepted.,Q1 - 2024-2025,,,,,
564,GUJARAT,GONDAL,GJ-GONDAL-9917,Water Body Rejuvenation,AMRUT 2.0 : Phase I: Khimori lake development at Gondal nagarpalika,26-05-2025,Sandip vadher,Dy. Team Leader,7043903718,gujarat.blg@gmail.com,Mr. Pratik Kotecha,9601356367,np_gondal@yahoo.co.in,Save As Draft,Save As Draft,Save As Draft,Pending Sent to State,Pending Submitted,Pending to be Submitted,,,Q1 - 2025-2026,,,,,
565,GUJARAT,GONDAL,GJ-GONDAL-9929,Sewerage & Septage Management,AMRUT 2.0 : Gondal nagapalika sewarge network system Phase - 2.,22-08-2024,Sandip Vadher,Dy Tema Leader,7043903718,gujrat.blg@gmail.com,Mr. Pratik Kotecha,9601356367,np_gondal@yahoo.co.in,Submitted,Submitted,Save As Draft,Sent to State,Submitted,Report Submitted,Yes,Informative comment. No action required.,Q2 - 2024-2025,,,,,
566,GUJARAT,GONDAL,GJ-GONDAL-11532,Water Supply,AMRUT 2.0 : Water Supply Project for Gondal City,25-11-2024,Sandip Vadher,Team Leader,7043903718,gujrat.blg@gmail.com,Mr. Pratik Kotecha,9601356367,np_gondal@yahoo.co.in,Submitted,Submitted,Save As Draft,Sent to State,Submitted,Report Submitted,Yes,Informative comment. No action needed.,Q3 - 2024-2025,,,,,
567,GUJARAT,GONDAL,GJ-GONDAL-14097,Sewerage & Septage Management,AMRUT 2.0: TRANCHE 3: Laying of Sewerage network in Gondal Municipality area,25-11-2024,Sandip Vadher,Dy Tema Leader,7043903718,gujrat.blg@gmail.com,Mr. Pratik Kotecha,9601356367,np_gondal@yahoo.co.in,Submitted,Submitted,Save As Draft,Sent to State,Submitted,Report Submitted,Yes,Compliance accepted.,Q3 - 2024-2025,,,,,
568,GUJARAT,GONDAL,GJ-GONDAL-14125,Sewerage & Septage Management,AMRUT 2.0: TRANCHE 3: Gondli River bank area drainage work in Gondal Municipality,25-11-2024,Sandip Vadher,Team Leader,7043903718,gujarat.blg@gmail.com,Mr. Pratik Kotecha,9601356367,np_gondal@yahoo.co.in,Submitted,Save As Draft,Save As Draft,Sent to State,Submitted,Report Submitted,Yes,Informative comment.,Q3 - 2024-2025,,,,,
569,GUJARAT,BHAYAVADAR,GJ-BHAYAVADAR-5152,Water Supply,BHAYAVADAR: WATER SUPPLY PROJECT,21-09-2024,Mr. Ghanshyam Bhalgama,Technical Expert,9687228433,gujarat.blg@gmail.com,D K Parmar,8460016431,np_bhayavadar@yahoo.co.in,Submitted,Submitted,Save As Draft,Sent to State,Submitted,Report Submitted,Yes,Compliance accepted.,Q2 - 2024-2025,,,,,
570,GUJARAT,BHAYAVADAR,GJ-BHAYAVADAR-5162,Parks & Green Space Development,BHAYAVADAR JANTA GARDEN DEVELOPMENT PLAN,21-09-2024,Mr. Ghanshyam Bhalgama,Technical Expert,9687228433,gujarat.blg@gmail.com,D K Parmar,8460016431,np_bhayavadar@yahoo.co.in,Submitted,Submitted,Save As Draft,Sent to State,Submitted,Report Submitted,Yes,Accepted,Q2 - 2024-2025,,,,,
571,GUJARAT,BHAYAVADAR,GJ-BHAYAVADAR-10408,Water Supply,AMRUT 2.0: WATER SUPPLY SCHEME AT BHAYAVADAR NAGARPALIKA,21-09-2024,Mr. Ghanshyam Bhalgama,Technical Expert,9687228433,gujarat.blg@gmail.com,D K Parmar,8460016431,np_bhayavadar@yahoo.co.in,Submitted,Save As Draft,Save As Draft,Sent to State,Submitted,Report Submitted,Yes,Informative comment. No action required.,Q2 - 2024-2025,,,,,
572,GUJARAT,UPLETA,GJ-UPLETA-5197,Water Supply,Upleta Nagarapalika water supply scheme- Nal se jal,23-08-2024,Ghanshyam Bhalgama,Technical Expert,9687228433,gujarat.blg@gmail.com,Sagar Mehta,9724217393,gudcpiurajot@gmail.com,Submitted,Submitted,Save As Draft,Sent to State,Submitted,Report Submitted,Yes,Compliance accepted.,Q2 - 2024-2025,,,,,
573,GUJARAT,UPLETA,GJ-UPLETA-11484,Parks & Green Space Development,AMRUT 2.0: Animal Hostel Garden development work in Upleta Municipality,29-11-2024,Sandip Vadher,Dy. Team Leader,7043903718,gujarat.blg@gmail.com,Mahendra Dangar,7600998382,np_upleta@yahoo.co.in,Submitted,Save As Draft,Save As Draft,Sent to State,Submitted,Report Submitted,Yes,Compliance accepted.,Q3 - 2024-2025,,,,,
574,GUJARAT,DHORAJI,GJ-DHORAJI-5180,Water Supply,DHORAJI NAGARPALIKA NAL SE JAL,21-09-2024,Mr. Ghanshyam Bhalgama,Technical Expert,9687228433,gujarat.blg@gmail.com,Nilesh Bhai Bheda,9426713699,np_dhoraji@yahoo.co.in,Submitted,Submitted,Save As Draft,Sent to State,Submitted,Report Submitted,Yes,Compliance Accepted,Q2 - 2024-2025,,,,,
575,GUJARAT,DHORAJI,GJ-DHORAJI-11869,Water Supply,AMRUT 2.0: TRANCHE 3: Dudhivadar Gam fofad Dam to Dhoraji Main Head works Main Pipe Line Works,21-09-2024,Mr. Ghanshyam Bhalgama,Technical Expert,9687228433,gujarat.blg@gmail.com,Nilesh Bhai Bheda,9426713699,np_dhoraji@yahoo.co.in,Submitted,Save As Draft,Save As Draft,Sent to State,Submitted,Report Submitted,Yes,Informative comment. No action required.,Q2 - 2024-2025,,,,,
576,GUJARAT,JETPUR NAVAGADH,GJ-JETPUR_NAVAGADH-3587,Water Supply,JETPUR NAVAGADH WATER SUPPLY PROJECT NAL SE JAL YOJNA,22-08-2024,Mr. Ghanshyam Bhalgama,Technical Expert,9687228433,gujarat.blg@gmail.com,Mr. Nikunj Usadiya,9033333028,np_jetpur@yahoo.co.in,Submitted,Submitted,Save As Draft,Sent to State,Submitted,Report Submitted,Yes,Compliance accepted.,Q2 - 2024-2025,,,,,
577,GUJARAT,JETPUR NAVAGADH,GJ-JETPUR_NAVAGADH-3599,Water Supply,AMRUT 2.0 : WATER SUPPLY MAIN LINE FROM MAIN SOURCE TO FILTER PLANT,03-03-2025,Sandip vadher,Team Leader,7043903718,gujarat.blg@gmail.com,Mr. Nikunj Usadiya,9033333028,np_jetpur@yahoo.co.in,Submitted,Submitted,Save As Draft,Sent to State,Submitted,Report Submitted,Yes,Compliance accepted.,Q4 - 2024-2025,,,,,
578,GUJARAT,JETPUR NAVAGADH,GJ-JETPUR_NAVAGADH-3602,Sewerage & Septage Management,JETPUR NAVAGADH SEWERAGE NETWORK,25-11-2024,Sandip Vadher,Team Leader,7043903718,gujarat.blg@gmail.com,Mr. Nikunj Usadiya,9033333028,np_jetpur@yahoo.co.in,Submitted,Submitted,Save As Draft,Sent to State,Submitted,Report Submitted,Yes,Error in work order date. 22-11-2024,Q3 - 2024-2025,,,,,
579,GUJARAT,JETPUR NAVAGADH,GJ-JETPUR_NAVAGADH-3608,Water Body Rejuvenation,JETPUR NAVAGAD SARDHARPUR LAKE REJUVENATION,28-05-2024,Mr. Ghanshyam Bhalgama,Technical Expert,9687228433,gujarat.blg@gmail.com,Mr. Nikunj Usadiya,9033333028,np_jetpur@yahoo.co.in,Submitted,Submitted,Save As Draft,Sent to State,Submitted,Report Submitted,Yes,Compliance accepted.,Q1 - 2024-2025,,,,,
580,GUJARAT,JETPUR NAVAGADH,GJ-JETPUR_NAVAGADH-3614,Parks & Green Space Development,JETPUR NAVAGADH GARDEN BEHIND HOTEL UTSAV,28-05-2024,Ghanshyam Bhalgama,Technical Expert,9687228433,gujarat.blg@gmail.com,Mr. Nikunj Usadiya,9033333028,np_jetpur@yahoo.co.in,Submitted,Submitted,Save As Draft,Sent to State,Submitted,Report Submitted,Yes,Compliance accepted.,Q1 - 2024-2025,,,,,
581,GUJARAT,JETPUR NAVAGADH,GJ-JETPUR_NAVAGADH-3616,Parks & Green Space Development,JETPUR NAVAGADH GARDEN AT NEAR LOHANA MAHAJAN WADI,28-08-2024,Mr. Ghanshyam Bhalgama,Technical Expert,9687228433,gujarat.blg@gmail.com,Mr. Nikunj Usadiya,9033333028,np_jetpur@yahoo.co.in,Submitted,Submitted,Save As Draft,Sent to State,Submitted,Report Submitted,Yes,Compliance accepted.,Q2 - 2024-2025,,,,,
582,GUJARAT,JETPUR NAVAGADH,GJ-JETPUR_NAVAGADH-9704,Water Body Rejuvenation,AMRUT 2.0 :JETPUR NAVAGAD SARDHARPUR LAKE REJUVENATION PHASE 2,28-05-2024,Mr. Ghanshyam Bhalgama,Technical Expert,9687228433,gujarat.blg@gmail.com,Mr. Nikunj Usadiya,9033333028,np_jetpur@yahoo.co.in,Submitted,Submitted,Save As Draft,Sent to State,Submitted,Report Submitted,Yes,Compliance accepted.,Q1 - 2024-2025,,,,,
583,GUJARAT,JETPUR NAVAGADH,GJ-JETPUR_NAVAGADH-9737,Sewerage & Septage Management,AMRUT 2.0 :  JETPUR NAVAGADH SEWERAGE NETWORK (PHASE 2),25-11-2024,Sandip Vadher,Team Leader,7043903718,gujarat.blg@gmail.com,AAKRUTI,7575029915,np_jetpur@yahoo.co.in,Submitted,Submitted,Save As Draft,Sent to State,Submitted,Report Submitted,Yes,Compliance accepted.,Q3 - 2024-2025,,,,,
584,GUJARAT,OKHA,GJ-OKHA-5198,Water Supply,OKHA WATER SUPPLY SCHEME - NAL SE JAL,19-09-2024,Mr. Ghanshyam Bhalgama,Technical Expert,9687228433,gujarat.blg@gmail.com,Suresh Jethvani,9316020922,np_okha@yahoo.co.in,Submitted,Submitted,Save As Draft,Sent to State,Submitted,Report Submitted,Yes,Compliance accepted,Q2 - 2024-2025,,,,,
585,GUJARAT,OKHA,GJ-OKHA-5201,Water Body Rejuvenation,OKHA NAGARPALIKA WATER BODY REJUVENATION PROJECT AT BEYT DWARKA IN OKHA,19-09-2024,Mr. Ghanshyam Bhalgama,Technical Expert,9687228433,gujarat.blg@gmail.com,Suresh Jethvani,9316020922,np_okha@yahoo.co.in,Submitted,Save As Draft,Save As Draft,Sent to State,Submitted,Report Submitted,Yes,Revised bar chart along with actual start date not submitted.,Q2 - 2024-2025,,,,,
586,GUJARAT,OKHA,GJ-OKHA-5205,Parks & Green Space Development,OKHA NAGARPALIKA DEVELOPMENT WORK OF NEW GARDEN NEAR V.A HIGH SCHOOL IN OKHA,19-09-2024,Mr. Ghanshyam Bhalgama,Technical Expert,9687228433,gujarat.blg@gmail.com,Suresh Jethvani,9316020922,np_okha@yahoo.co.in,Submitted,Submitted,Save As Draft,Sent to State,Submitted,Report Submitted,Yes,Informative comment.,Q2 - 2024-2025,,,,,
587,GUJARAT,OKHA,GJ-OKHA-10663,Water Body Rejuvenation,AMRUT 2.0: OKHA NAGARPALIKA WATER BODY REJUVENATION PROJECT AT BEYT DWARKA IN OKHA(PHASE-2),18-03-2025,Mr. Ghanshyam Bhalgama,Technical Expert,9687228433,gujarat.blg@gmail.com,Suresh Jethvani,9316020922,np_okha@yahoo.co.in,Save As Draft,Save As Draft,Save As Draft,Pending Sent to State,Pending Submitted,Pending to be Submitted,,,Q4 - 2024-2025,,,,,
588,GUJARAT,DWARKA,GJ-DWARKA-3583,Water Supply,DWARKA: Water Supply Scheme Nal Se Jal,16-05-2024,Mr. Ghanshyam Bhalgama,Technical Expert,9687228433,gujarat.blg@gmail.com,D M Chavda,9427979606,dwarkanagarpalika@gmail.com,Submitted,Submitted,Save As Draft,Sent to State,Submitted,Report Submitted,Yes,Informative comment.,Q1 - 2024-2025,,,,,
589,GUJARAT,DWARKA,GJ-DWARKA-5215,Water Supply,AMRUT 2.0: Providing and Laying Water Distribution Network Water Supply Scheme in Dwarka nagarpalika,16-12-2024,Ghanshyam Bhalgama,Technical Expert,9687228433,gujarat.blg@gmail.com,D M Chavda,9427979606,dwarkanagarpalika@gmail.com,Submitted,Submitted,Save As Draft,Sent to State,Submitted,Report Submitted,Yes,"No action needed, as comments are for providing information.",Q3 - 2024-2025,,,,,
590,GUJARAT,DWARKA,GJ-DWARKA-5218,Parks & Green Space Development,Development of Garden Space Near Sun set point at Dwarka,16-05-2024,Mr. Jaydeep Kabariya,Technical Expert,9687228433,gujarat.blg@gmail.com,Mr. Rajesh R Makwana,9904188146,dwarkanagarpalika@gmail.com,Submitted,Submitted,Save As Draft,Sent to State,Submitted,Report Submitted,Yes,Compliance accepted.,Q1 - 2024-2025,,,,,
591,GUJARAT,DWARKA,GJ-DWARKA-6134,Water Body Rejuvenation,Water Body Rejuvenation at Dwarka Nagarpalika (Mayasar Lake),16-05-2024,Mr. Ghanshyam Bhalgama,Technical Expert,9687228433,gujarat.blg@gmail.com,Mr. Rajesh R Makwana,9904188146,dwarkanagarpalika@gmail.com,Submitted,Submitted,Save As Draft,Sent to State,Submitted,Report Submitted,Yes,Informative comment. No action required.,Q1 - 2024-2025,,,,,
592,GUJARAT,DWARKA,GJ-DWARKA-8357,Water Body Rejuvenation,AMRIT SAROVAR : Khara talav Development in Dwarka Nagarpalika (Phase - I),16-05-2024,Mr. Ghanshyam Bhalgama,Technical Expert,9687228433,gujarat.blg@gmail.com,Mr. Rajesh R Makwana,9904188146,dwarkanagarpalika@gmail.com,Submitted,Submitted,Save As Draft,Sent to State,Submitted,Report Submitted,Yes,Informative comment. No action required.,Q1 - 2024-2025,,,,,
593,GUJARAT,DWARKA,GJ-DWARKA-10196,Sewerage & Septage Management,AMRUT 2.0: Dwarka Municipality Sewerage Network and Pumping Station Project,18-03-2025,Sandip Vadher,Team Leader,7043903718,gujarat.blg@gmail.com,B D Rupala,9904482300,piurajkot-gudc@gujarat.gov.in,Submitted,Submitted,Save As Draft,Sent to State,Submitted,Report Submitted,Yes,Informative comment.,Q4 - 2024-2025,,,,,
594,GUJARAT,DWARKA,GJ-DWARKA-10200,Water Body Rejuvenation,Phase II WB: Water Body Rejuvenation at Dwarka Nagarpalika (Mayasar Lake),16-12-2024,Ghanshyam Bhalgama,Technical Expert,9687228433,gujarat.blg@gmail.com,Mr. Rajesh R Makwana,9904188146,dwarkanagarpalika@gmail.com,Submitted,Submitted,Save As Draft,Sent to State,Submitted,Report Submitted,Yes,"No action required, comments are informatory in nature.",Q3 - 2024-2025,,,,,
595,GUJARAT,DWARKA,GJ-DWARKA-10201,Parks & Green Space Development,AMRUT 2.0: Phase II: Development of Garden Space Near Sun set point at Dwarka,22-08-2024,Mr. Ghanshyam Bhalgama,Technical Expert,9687228433,gujarat.blg@gmail.com,Mr. Rajesh R Makwana,9904188146,dwarkanagarpalika@gmail.com,Submitted,Submitted,Save As Draft,Sent to State,Submitted,Report Submitted,Yes,Compliance will be considered completed only when  required  test results and photos are attached of the rectified work. ,Q2 - 2024-2025,,,,,
596,GUJARAT,SALAYA,GJ-SALAYA-5185,Water Supply,SALAYA: WATER SUPPLY SCHEME NAL SE JAL,19-09-2024,Mr. Ghanshyam Bhalgama,Technical Expert,9687228433,gujarat.blg@gmail.com,Ranjitsinh,6352551308,np_salaya@yahoo.co.in,Submitted,Submitted,Save As Draft,Sent to State,Submitted,Report Submitted,Yes,Compliance accepted. ,Q2 - 2024-2025,,,,,
597,GUJARAT,SALAYA,GJ-SALAYA-10419,Water Supply,AMRUT 2.0 : TRANSMISSION LINE FROM SINHAN DAM TO MANDHA NI DHAR HEAD WORKS IN SALAYA MUNICIPALITY,19-09-2024,Mr. Ghanshyam Bhalgama,Technical Expert,9687228433,gujarat.blg@gmail.com,Ranjitsinh,6352551308,np_salaya@yahoo.co.in,Submitted,Save As Draft,Save As Draft,Sent to State,Submitted,Report Submitted,Yes,Compliance accepted.,Q2 - 2024-2025,,,,,
598,GUJARAT,SALAYA,GJ-SALAYA-11769,Water Body Rejuvenation,AMRUT 2.0 : LAKE REJUNEVATION AND DEVLOPEMENT WORK AT SALAYA NAGARPALIKA,19-09-2024,Mr. Ghanshyam Bhalgama,Technical Expert,9687228433,gujarat.blg@gmail.com,Ranjitsinh,6352551308,np_salaya@yahoo.co.in,Submitted,Save As Draft,Save As Draft,Sent to State,Submitted,Report Submitted,Yes,Informative comment. No action required.,Q2 - 2024-2025,,,,,
599,GUJARAT,KHAMBHALIYA,GJ-KHAMBHALIYA-5290,Water Supply,Khambhaliya : Water Supply Scheme Under NAL SE JAL,20-09-2024,Mr. Ghanshyam Bhalgama,Technical Expert,9687228433,gujarat.blg@gmail.com,N R Nandania,9978982192,np_khambhaliya@yahoo.co.in,Submitted,Save As Draft,Save As Draft,Sent to State,Submitted,Report Submitted,Yes,Informative comment. No action required.,Q2 - 2024-2025,,,,,
600,GUJARAT,KHAMBHALIYA,GJ-KHAMBHALIYA-5299,Water Body Rejuvenation,Gardening of Ghee dam Lake,20-09-2024,Mr. Ghanshyam Bhalgama,Technical Expert,9687228433,gujarat.blg@gmail.com,N R Nandania,9978982192,np_khambhaliya@yahoo.co.in,Submitted,Submitted,Save As Draft,Sent to State,Submitted,Report Submitted,Yes,Compliance accepted.,Q2 - 2024-2025,,,,,
601,GUJARAT,KHAMBHALIYA,GJ-KHAMBHALIYA-10525,Water Supply,AMRUT 2.0 : WATER SUPPLY PROJECT PHASE-2 CONSTRUCTION OF CONTSTRUCTION OF ESR AND SUMP AND PIPELINE IN KHAMBHALIYA MUNICIPALITY,20-09-2024,Mr. Ghanshyam Bhalgama,Technical Expert,9687228433,gujarat.blg@gmail.com,Nandania bhai,9978982192,np_khambhaliya@yahoo.co.in,Submitted,Submitted,Save As Draft,Sent to State,Submitted,Report Submitted,Yes,Compliance accepted. ,Q2 - 2024-2025,,,,,
602,GUJARAT,KHAMBHALIYA,GJ-KHAMBHALIYA-11980,Water Body Rejuvenation,AMRUT 2.0 : Gardening of Ghee dam Lake (Phase-2 of Tranch-1),20-09-2024,Mr. Ghanshyam Bhalgama,Technical Expert,9687228433,gujarat.blg@gmail.com,N R Nandania,9978982192,np_khambhaliya@yahoo.co.in,Submitted,Save As Draft,Save As Draft,Sent to State,Submitted,Pending to be Submitted,Yes,,Q2 - 2024-2025,,,,,
603,GUJARAT,SIKKA,GJ-SIKKA-5156,Water Supply,SIKKA: Augmentation of Water Supply System Nal Se Jal,16-05-2024,Mr. Ghanshyam Bhalgama Mr. Jaydeep Kabariya,Technical Expert,9687228433,gujarat.blg@gmail.com,Mr. Mohit Makwana,9998227652,np_sikka@yahoo.co.in,Submitted,Submitted,Save As Draft,Sent to State,Submitted,Report Submitted,Yes,Compliance Accepted. No action required for informatory comments.,Q1 - 2024-2025,,,,,
604,GUJARAT,SIKKA,GJ-SIKKA-10454,Water Body Rejuvenation,AMRUT 2.0:Development of Sikka Saravajanik Lake at sikka nagarpalika ,16-05-2024,Mr. Ghanshyam Bhalgama Mr. Jaydeep Kabariya,Technical Expert,9687228433,gujarat.blg@gmail.com,Mr. Mohit Makwana,9998227652,np_sikka@yahoo.co.in,Submitted,Submitted,Save As Draft,Sent to State,Submitted,Report Submitted,Yes,Accepted,Q1 - 2024-2025,,,,,
605,GUJARAT,SIKKA,GJ-SIKKA-11764,Parks & Green Space Development,AMRUT 2.0: GREEN SPACE DEVELOPMENT AT WARD 1 IN SIKKA MUNICIPALITY,16-12-2024,Ghanshyam Bhalgama,Technical Expert,9687228433,gujarat.blg@gmail.com,Mohit Makwana,9998227652,np_sikka@yahoo.co.in,Submitted,Submitted,Save As Draft,Sent to State,Submitted,Report Submitted,Yes,Compliance Accepted,Q3 - 2024-2025,,,,,
606,GUJARAT,SIKKA,GJ-SIKKA-11765,Water Supply,AMRUT 2.0: STORAGE CAPACITY BUILDUP AT SIKKA NAGARPALIKA,16-05-2024,Mr. Ghanshyam Bhalgama Mr. Jaydeep Kabariya,Technical Expert,9687228433,gujarat.blg@gmail.com,Mr. Mohit Makwana,9998227652,np_sikka@yahoo.co.in,Submitted,Submitted,Save As Draft,Sent to State,Submitted,Report Submitted,Yes,Accepted,Q1 - 2024-2025,,,,,
607,GUJARAT,JAMNAGAR,GJ-JAMNAGAR-2996,Water Supply,JMC: Water supply Project DI Rising Main line K9 1000mm Dia From Ranjitsagar Dam to Pumphouse Filter Plant,15-05-2024,Mr. Ghanshyam Bhalgama Mr. Jaydeep Kabariya,Technical Expert,9687228433,gujrat.blg@gmail.com,Mr. Naresh M Patel (EE),9879114872,waterwork21jmc@gmail.com,Submitted,Submitted,Save As Draft,Sent to State,Submitted,Report Submitted,Yes,Informative comment. No action required.,Q1 - 2024-2025,,,,,
608,GUJARAT,JAMNAGAR,GJ-JAMNAGAR-3000,Water Supply,AMRUT 2.0: TRANCHE 2: Jamnagar Municipal Corportation  Filter Plant,15-05-2024,Mr. Ghanshyam Bhalgama Mr. Jaydeep Kabariya,Technical Expert ,9687228433,gujrat.blg@gmail.com,Mr. Naresh M Patel (EE),9879114872,waterwork21jmc@gmail.com,Submitted,Submitted,Save As Draft,Sent to State,Submitted,Report Submitted,Yes,Informative comment. No action required.,Q1 - 2024-2025,,,,,
609,GUJARAT,JAMNAGAR,GJ-JAMNAGAR-3003,Water Supply,JMC: Jamnagar Municipal Corporation Water Supply Project for laying DI Rising Main line,15-05-2024,Mr. Ghanshyam Bhalgama Mr. Jaydeep Kabariya,Technical Expert,9687228433,gujrat.blg@gmail.com,Mr. Naresh M Patel (EE),9879114872,waterwork21jmc@gmail.com,Submitted,Submitted,Save As Draft,Sent to State,Submitted,Report Submitted,Yes,Informative comment. No action required.,Q1 - 2024-2025,,,,,
610,GUJARAT,JAMNAGAR,GJ-JAMNAGAR-3013,Sewerage & Septage Management,JMC: Jamnagar Municipal Corportation Drainage Work,15-05-2024,Mr. Ghanshyam Bhalgama,Technical Expert,9687228433,gujarat.blg@gmail.com,Mr. Mukesh K Chavda,9825114209,xenugdjmc@gmail.com,Submitted,Submitted,Save As Draft,Sent to State,Submitted,Report Submitted,Yes,Compliance accepted.,Q1 - 2024-2025,,,,,
611,GUJARAT,JAMNAGAR,GJ-JAMNAGAR-3015,Sewerage & Septage Management,JMC: Jamnagar Municipal Corporation Sewage Pumping Station,18-12-2024,Ghanshyam Bhalgama,Technical Expert,9687228433,gujarat.blg@gmail.com,Mukesh K Chavda,9825114209,xenugdjmc@gmail.com,Submitted,Submitted,Save As Draft,Sent to State,Submitted,Report Submitted,Yes,Informative comment.,Q3 - 2024-2025,,,,,
612,GUJARAT,JAMNAGAR,GJ-JAMNAGAR-4748,Parks & Green Space Development,AMRUT 2.0: TRANCHE 2: DEVELOPMENT OF PARKS AND GREEN SPACE,18-12-2024,Ghanshyam Bhalgama,Technical Expert,9687228433,gujrat.blg@gmail.com,Mr. Dipak N. Singala,9825060366,cejmcjamnagar@gmail.com,Submitted,Submitted,Save As Draft,Sent to State,Submitted,Report Submitted,Yes,Compliance Accepted.,Q3 - 2024-2025,,,,,
613,GUJARAT,JAMNAGAR,GJ-JAMNAGAR-8415,Water Body Rejuvenation,"AMRIT SAROVAR : Water Body Rejuvenation in Jamnagar Municipality Ranmal Lake development phase -1, (Part-2)",15-05-2024,Mr. Ghanshyam Bhalgama Mr. Jaydeep Kabariya,Technical Expert,9687228433,gujarat.blg@gmail.com,Mr. Rajiv Jani (DEE),9427943323,jmc.projects27@gmail.com,Submitted,Submitted,Save As Draft,Sent to State,Submitted,Report Submitted,Yes,Informative comment. No action required.,Q1 - 2024-2025,,,,,
614,GUJARAT,JAMNAGAR,GJ-JAMNAGAR-9925,Sewerage & Septage Management,AMRUT 2.0: TRANCHE 2: Drainage Network Project,15-05-2024,Mr. Ghanshyam Bhalgama,Technical Expert,9687228433,gujarat.blg@gmail.com,Mr. Mukesh K Chavda (DEE),9825114209,xenugdjmc@gmail.com,Submitted,Submitted,Save As Draft,Sent to State,Submitted,Report Submitted,Yes,Informative comment. No action required.,Q1 - 2024-2025,,,,,
615,GUJARAT,JAMNAGAR,GJ-JAMNAGAR-9926,Sewerage & Septage Management,AMRUT 2.0: TRANCHE 2: Sewage Pumping Stations at various location of JMC,18-12-2024,Ghanshyam Bhalgama,Technical Expert,9687228433,gujarat.blg@gmail.com,Mukesh K Chavda,9825114209,xenugdjmc@gmail.com,Submitted,Submitted,Save As Draft,Sent to State,Submitted,Report Submitted,Yes,Informative comment. No action required.,Q3 - 2024-2025,,,,,
616,GUJARAT,JAMNAGAR,GJ-JAMNAGAR-9933,Sewerage & Septage Management,AMRUT 2.0: TRANCHE 2:  Sewage Treatment Plant at various locations,18-12-2024,Ghanshyam Bhalgama,Technical Expert,9687228433,gujarat.blg@gmail.com,Mukesh K Chavda,9825114209,xenugdjmc@gmail.com,Submitted,Submitted,Save As Draft,Sent to State,Submitted,Report Submitted,Yes,Compliance accepted.,Q3 - 2024-2025,,,,,
617,GUJARAT,JAMNAGAR,GJ-JAMNAGAR-9940,Water Supply,AMRUT 2.0: Water Supply Rising Main Project AT JAMNAGAR,15-05-2024,Mr. Ghanshyam Bhalgama Mr. Jaydeep Kabariya,Technical Expert,968722843,gujrat.blg@gmail.com,Mr. Naresh M Patel (EE),9879114872,waterwork21jmc@gmail.com,Submitted,Submitted,Save As Draft,Sent to State,Submitted,Report Submitted,Yes,Informative comment. No action required.,Q1 - 2024-2025,,,,,
618,GUJARAT,JAMNAGAR,GJ-JAMNAGAR-9949,Water Supply,AMRUT 2.0: SCADA System Water Supply Project FOR JAMNAGAR,15-05-2024,Mr. Ghanshyam Bhalgama Mr. Jaydeep Kabariya,Technical Expert,9687228433,gujrat.blg@gmail.com,Mr. Naresh M Patel (EE),9879114872,waterwork21jmc@gmail.com,Submitted,Submitted,Save As Draft,Sent to State,Submitted,Report Submitted,Yes,Informative comment. No action required.,Q1 - 2024-2025,,,,,
619,GUJARAT,DHROL,GJ-DHROL-3518,Water Supply,DHROL: Water Supply scheme Nal se Jal,14-05-2024,Mr. Ghanshyam Bhalgama,Technical Expert,9687228433,gujarat.blg@gamil.com,Mr. Ashish Harvara,9409177631,np_dhrol@yahoo.co.in,Submitted,Submitted,Save As Draft,Sent to State,Submitted,Report Submitted,Yes,Compliance will be considered complete only when photos of rectification work are attached for verification.,Q1 - 2024-2025,,,,,
620,GUJARAT,DHROL,GJ-DHROL-5102,Parks & Green Space Development,DHROL NAGARPALIKA KAMLA NEHRU PARK DEVLOMPENT,20-03-2025,Sandip Vadher,Team Leader,7043903718,gujarat.blg@gmail.com, Ashish Harvara,9409177631,np_dhrol@yahoo.co.in,Submitted,Save As Draft,Save As Draft,Sent to State,Submitted,Report Submitted,Yes,Informative comment.,Q4 - 2024-2025,,,,,
621,GUJARAT,DHROL,GJ-DHROL-5186,Water Supply,DHROL: Ajii-3 dhrol water supply scheme,20-03-2025,jodhpur it team,jodhpur it team,jodhpur it team,jodhpuritteam@gmail.com,jodhpur it team,jodhpur it team,jodhpuritteam@gmail.com,Save As Draft,Save As Draft,Save As Draft,Pending Sent to State,Pending Submitted,Pending to be Submitted,,,Q4 - 2024-2025,,,,,
622,GUJARAT,DHROL,GJ-DHROL-10450,Water Body Rejuvenation,AMRUT 2.0 : REJUVENATION OF PIRBAVA TALAV IN DHROL MUNICIPALITY,20-03-2025,jodhpur it team,jodhpur it team,jodhpur it team,jodhpuritteam@gmail.com,jodhpur it team,jodhpur it team,jodhpuritteam@gmail.com,Save As Draft,Save As Draft,Save As Draft,Pending Sent to State,Pending Submitted,Pending to be Submitted,,,Q4 - 2024-2025,,,,,
623,GUJARAT,DHROL,GJ-DHROL-10463,Parks & Green Space Development,AMRUT 2.0 : DEVELOPMENT OF KAMLA NEHRU PARK PHASE-2 IN DHROL MUNICIPALITY,11-06-2025,Sandip Vadher,Team Leader,7043903718,gujarat.blg@gmail.com, Ashish Harvara,9409177631,np_dhrol@yahoo.co.in,Submitted,Save As Draft,Save As Draft,Sent to State,Submitted,Report Submitted,Yes,Informative comment.,Q1 - 2025-2026,,,,,
624,GUJARAT,KALAVAD,GJ-KALAVAD-5138,Water Supply,KALAVAD: WATER SUPPLY SCHEME - NAL SE JAL,21-09-2024,Mr. Ghanshyam Bhalgama,Technical Expert,9687228433,gujarat.blg@gmail.com,Saurabhbhai,7990260553,np_kalavad@yahoo.co.in,Submitted,Submitted,Save As Draft,Sent to State,Submitted,Report Submitted,Yes,Informative comment. No action needed.,Q2 - 2024-2025,,,,,
625,GUJARAT,JAMRAVAL,GJ-JAMRAVAL-11876,Water Body Rejuvenation,Amrut 2.0 : Jalaramnagar Pond Beautification Work at jamraval nagarpalika,18-09-2024,Mr. Ghanshyam Bhalgama,Technical Expert,9687228433,gujarat.blg@gmail.com,Rayde S Karmur,9724555080,np_jamraval@yahoo.co.in,Submitted,Save As Draft,Save As Draft,Sent to State,Submitted,Report Submitted,Yes,Compliance accepted.,Q2 - 2024-2025,,,,,
626,GUJARAT,JAMRAVAL,GJ-JAMRAVAL-14131,Water Supply,AMRUT 2.0: TRANCHE 3: Water Supply Projects  in Jamraval Municipality Area,18-03-2025,Mr. Ghanshyam Bhalgama,Technical Expert,9687228433,gujarat.blg@gmail.com,Raydan bhai,9724555080,np_jamraval@yahoo.co.in,Save As Draft,Save As Draft,Save As Draft,Pending Sent to State,Pending Submitted,Pending to be Submitted,,,Q4 - 2024-2025,,,,,
627,GUJARAT,BHANVAD,GJ-BHANVAD-5110,Water Supply,BHANVAD: WATER SUPPLY SCHEME - NAL SE JAL,20-09-2024,Mr. Ghanshyam Bhalgama,Technical Expert,9687228433,gujarat.blg@gmail.com,Sahilbhai,8141147515,bhanvadmunicipal_borough@yahoo.com,Submitted,Submitted,Save As Draft,Sent to State,Submitted,Report Submitted,Yes,Compliance accepted.,Q2 - 2024-2025,,,,,
628,GUJARAT,JAMJODHPUR,GJ-JAMJODHPUR-10429,Water Supply,AMRUT 2.0 : WATER SUPPLY PROJECT IN JAMJODHPUR MUNICIPALITY,19-02-2026,Ghanshyam Bhalgama,Technical Expert,9687228433,gujarat.blg@gmail.com,Dipen Sakariya,8238331453,np_jjodhpur@yahoo.co.in,Save As Draft,Save As Draft,Save As Draft,Pending Sent to State,Pending Submitted,Pending to be Submitted,,,Q4 - 2025-2026,,,,,
629,GUJARAT,PORBANDAR,GJ-PORBANDAR-2742,Water Supply,PORBANDAR CHHAYA WATER SUPPLY SCHEME PROJECT NAL SE JAL,18-09-2024,Mr. Ghanshyam Bhalgama,Technical Expert,9687228433,gujarat.blg@gmail.com,Devang Radia,8140220333,co_porbandarnagarsevasadan@yahoo.com,Submitted,Save As Draft,Save As Draft,Sent to State,Submitted,Report Submitted,Yes,Informative comment. No action required.,Q2 - 2024-2025,,,,,
630,GUJARAT,PORBANDAR,GJ-PORBANDAR-3564,Parks & Green Space Development,PORBANDAR CHHAYA PARKS AND GREEN SPACE DEVELOPMENT,18-09-2024,Mr. Ghanshyam Bhalgama,Technical Expert,9687228433,gujarat.blg@gmail.com,Devang Radia,8140220333,co_porbandarnagarsevasadan@yahoo.com,Submitted,Submitted,Save As Draft,Sent to State,Submitted,Report Submitted,Yes,Compliance accepted.,Q2 - 2024-2025,,,,,
631,GUJARAT,PORBANDAR,GJ-PORBANDAR-3565,Sewerage & Septage Management,PORBANDAR CHHAYA EXISTING SEWAGE NETWORK EXPANSION PROJECT,18-09-2024,Mr. Ghanshyam Bhalgama,Technical Expert,9687228433,gujarat.blg@gmail.com,Devang Radia,8140220333,co_porbandarnagarsevasadan@yahoo.com,Submitted,Submitted,Save As Draft,Sent to State,Submitted,Report Submitted,Yes,"Compliance will be considered complete, when photos of the rectified work are attached for verification.",Q2 - 2024-2025,,,,,
632,GUJARAT,PORBANDAR,GJ-PORBANDAR-3598,Water Body Rejuvenation,PORBANDAR CHHAYA RANN LAKE PROJECT,17-03-2025,Sandip Vadher,Team Leader,7043903718,gujarat.blg@gmail.com,Devang Radia,8140220333,co_porbandarnagarsevasadan@yahoo.com,Submitted,Save As Draft,Save As Draft,Sent to State,Submitted,Report Submitted,Yes,Informative comment.,Q4 - 2024-2025,,,,,
633,GUJARAT,PORBANDAR,GJ-PORBANDAR-14091,Water Supply,AMRUT 2.0: TRANCHE 3: Providing and Laying Rising Main Pipeline network etc in Porbandar Municipality,17-03-2025,Sandip Vadher,Team Leader,9687228433,gujarat.blg@gmail.com,B D Rupala,9904482300,piurajkot-gudc@gujarat.gov.in,Submitted,Save As Draft,Save As Draft,Sent to State,Submitted,Report Submitted,Yes,Informative comment.,Q4 - 2024-2025,,,,,
634,GUJARAT,PORBANDAR,GJ-PORBANDAR-14557,Water Supply,AMRUT 2.0 : SWAP-3 : RISING MAIN AND DISTRIBUTION NETWORK IN PORBANDAR MUNICIPALITY,17-03-2025,Sandip Vadher,Team Leader,7043903718,gujarat.blg@gmail.com,B D Rupala,9904482300,piurajkot-gudc@gujarat.gov.in,Submitted,Save As Draft,Save As Draft,Sent to State,Submitted,Report Submitted,Yes,Informative comment.,Q4 - 2024-2025,,,,,
635,GUJARAT,RANAVAV,GJ-RANAVAV-4732,Parks & Green Space Development,RANAVAV NAGARPALIKA GARDEN,17-09-2024,Mr. Ghanshyam Bhalgama,Technical Expert,9687228433,gujarat.blg@gmail.com,Sarman Modhvadiya,9737588855,np_ranavav@yahoo.co.in,Submitted,Save As Draft,Save As Draft,Sent to State,Submitted,Report Submitted,Yes,Compliance Accepted.,Q2 - 2024-2025,,,,,
636,GUJARAT,RANAVAV,GJ-RANAVAV-4742,Water Body Rejuvenation,RANAVAV WATER BODY REJUVENATION PROJECT,27-11-2024,Sandip Vadher,Dy Team Leader,9687228433,gujarat.blg@gmail.com,Sarman Modhvadiya,9737588855,np_ranavav@yahoo.co.in,Submitted,Save As Draft,Save As Draft,Sent to State,Submitted,Report Submitted,Yes,Informative comment. No action required.,Q3 - 2024-2025,,,,,
637,GUJARAT,RANAVAV,GJ-RANAVAV-4745,Water Supply,RANAVAV: WATER SUPPLY PROJECT,17-09-2024,Mr. Ghanshyam Bhalgama,Technical Expert,9687228433,gujarat.blg@gmail.com,Sarman Modhvadiya,9737588855,np_ranavav@yahoo.co.in,Submitted,Save As Draft,Save As Draft,Sent to State,Submitted,Report Submitted,Yes,Informative comment. No action required.,Q2 - 2024-2025,,,,,
638,GUJARAT,RANAVAV,GJ-RANAVAV-5164,Water Supply,AMRUT 2.0 : DISTRIBUTION NETWORK PROJECT IN RANAVAV MUNICIPALITY,17-09-2024,Mr. Ghanshyam Bhalgama,Technical Expert,9687228433,gujarat.blg@gmail.com,Sarman Modhvadiya,9737588855,np_ranavav@yahoo.co.in,Submitted,Save As Draft,Save As Draft,Sent to State,Submitted,Report Submitted,Yes,Informative comment. No action required.,Q2 - 2024-2025,,,,,
639,GUJARAT,KUTIYANA,GJ-KUTIYANA-5078,Water Supply,Kutiyana Water Supply Scheme Phase -1 Nal Se Jal,17-09-2024,Mr. Ghanshyam Bhalgama,Technical Expert,9687228433,gujarat.blg@gmail.com,Vaishaliben,8460096994,np_kutiyana@yahoo.co.in,Submitted,Submitted,Save As Draft,Sent to State,Submitted,Report Submitted,Yes,"Compliance will be considered complete, when before and after photos are attached.",Q2 - 2024-2025,,,,,
640,GUJARAT,BANTVA,GJ-BANTVA-5449,Water Supply,BANTWA MUNICIPALITY WATER SUPPLY SCHEME- NAL SE JAL,17-09-2024,Mr. Ghanshyam Bhalgama,Technical Expert,9687228433,gujarat.blg@gmail.com,Karanbhai,9687843262,bantwa_np@yahoo.com,Submitted,Submitted,Save As Draft,Sent to State,Submitted,Report Submitted,Yes,Compliance Accepted,Q2 - 2024-2025,,,,,
641,GUJARAT,BANTVA,GJ-BANTVA-14151,Water Supply,"AMRUT 2.0 : TRANCHE 3: WATER SUPPLY DISTRIBUTION SYSTEM AUGMENTATION, HOUSE HOLD CONNECTION AND FLOWMETER FOR BANTWA NAGARPALIKA IN SWAP 3",17-09-2024,Mr. Ghanshyam Bhalgama,Technical Expert,9687228433,gujarat.blg@gmail.com,Er. Karan bhai,9687843262,bantwa_np@yahoo.com,Submitted,Save As Draft,Save As Draft,Sent to State,Submitted,Report Submitted,Yes,Informative comment. No action required.,Q2 - 2024-2025,,,,,
642,GUJARAT,MANAVADAR,GJ-MANAVADAR-5399,Water Supply,MANAVADAR WATER SUPPLY PROJECT NAL SE JAL,28-05-2024,Mr. Ghanshyam Bhalgama,Technical Expert,9687228433,gujarat.blg@gmail.com, Karan Vasiya,9687843262,np_manavadar@yahoo.co.in,Submitted,Submitted,Save As Draft,Sent to State,Submitted,Report Submitted,Yes,Compliance accepted.,Q1 - 2024-2025,,,,,
643,GUJARAT,MANAVADAR,GJ-MANAVADAR-10426,Parks & Green Space Development,AMRUT 2.0: GREEN SPACE DEVELOPMENT AT MANAVADAR NAGAR PALIKA,28-05-2024,Mr. Ghanshyam Bhalgama,Technical Expert,9687228433,gujarat.blg@gmail.com,Karan Vasiya,9687843262,np_manavadar@yahoo.co.in,Submitted,Submitted,Save As Draft,Sent to State,Submitted,Report Submitted,Yes,Compliance accepted.,Q1 - 2024-2025,,,,,
644,GUJARAT,VANTHALI,GJ-VANTHALI-5455,Water Supply,VANTHALI MUNICIPALITY WATER SUPPLY SCHEME - NAL SE JAL,29-05-2024,Mr. Ghanshyam Bhalgama,Technical Expert,9687228433,gujarat.blg@gmail.com,Mr. Raju Odedara,8200627803,bk.vanthali@gmail.com,Submitted,Submitted,Save As Draft,Sent to State,Submitted,Report Submitted,Yes,Compliance accepted.,Q1 - 2024-2025,,,,,
645,GUJARAT,JUNAGADH,GJ-JUNAGADH-4162,Water Supply,JuMC: Dharagadh WTP to Uparkot Clear water Transmission main,30-05-2024,Mr. Ghanshyam Bhalgama,Technical Expert,9687228433,gujarat.blg@gmail.com,Mr. Aplesh Chavda (EE),9426027921,jmc.waterworksengi@gmail.com,Submitted,Submitted,Save As Draft,Sent to State,Submitted,Report Submitted,Yes, Informative comment. No action required.,Q1 - 2024-2025,,,,,
646,GUJARAT,JUNAGADH,GJ-JUNAGADH-4166,Water Supply,Junagadh Municipal Corporation Existing Water Supply Augmentation Ward 8,30-05-2024,Mr. Ghanshyam Bhalgama,Technical Expert,9687228433,gujarat.blg@gmail.com,Mr. Aplesh Chavda (EE),9426027921,jmc.waterworksengi@gmail.com,Submitted,Submitted,Save As Draft,Sent to State,Submitted,Report Submitted,Yes,Informative comment. No action required.,Q1 - 2024-2025,,,,,
647,GUJARAT,JUNAGADH,GJ-JUNAGADH-4171,Water Supply,JuMC: Junagadh Municipal Corporation Source Augmentation,30-05-2024,Mr. Ghanshyam Bhalgama,Technical Expert,9687228433,gujarat.blg@gmail.com,Mr. Aplesh Chavda (EE),9426027921,jmc.waterworksengi@gmail.com,Submitted,Submitted,Save As Draft,Sent to State,Submitted,Report Submitted,Yes,Informative comment. No action required.,Q1 - 2024-2025,,,,,
648,GUJARAT,JUNAGADH,GJ-JUNAGADH-4174,Water Supply,Junagadh Municipal Corporation Existing Water Supply Augmentation Ward 9,30-05-2024,Mr. Ghanshyam Bhalgama,Technical Expert,9687228433,gujarat.blg@gmail.com,Mr. Aplesh Chavda (EE),9426027921,jmc.waterworksengi@gmail.com,Submitted,Submitted,Save As Draft,Sent to State,Submitted,Report Submitted,Yes,Informative comment. No action required.,Q1 - 2024-2025,,,,,
649,GUJARAT,JUNAGADH,GJ-JUNAGADH-4186,Water Supply,Junagadh Municipal Corporation Existing Water Supply Augmentation Ward 10,30-05-2024,Mr. Ghanshyam Bhalgama,Technical Expert,9687228433,gujarat.blg@gmail.com,Mr. Aplesh Chavda (EE),9426027921,jmc.waterworksengi@gmail.com,Submitted,Submitted,Save As Draft,Sent to State,Submitted,Report Submitted,Yes,Informative comment. No action required.,Q1 - 2024-2025,,,,,
650,GUJARAT,JUNAGADH,GJ-JUNAGADH-4190,Water Supply,"Junagadh Municipal Corporation Existing Water Supply Augmentation Ward 6 ,7,12",30-05-2024,Mr. Ghanshyam Bhalgama,Technical Expert,9687228433,gujarat.blg@gmail.com,Mr. Aplesh Chavda (EE),9426027921,jmc.waterworksengi@gmail.com,Submitted,Submitted,Save As Draft,Sent to State,Submitted,Report Submitted,Yes,Informative comment. No action required.,Q1 - 2024-2025,,,,,
651,GUJARAT,JUNAGADH,GJ-JUNAGADH-4200,Water Supply,JuMC: Junagadh Municipal Corporation Storage Capacity At Dharagadh Head works,30-05-2024,Mr. Ghanshyam Bhalgama,Technical Expert,9687228433,gujarat.blg@gmail.com,Mr. Aplesh Chavda (EE),9426027921,jmc.waterworksengi@gmail.com,Submitted,Submitted,Save As Draft,Sent to State,Submitted,Report Submitted,Yes,Informative comment. No action needed.,Q1 - 2024-2025,,,,,
652,GUJARAT,JUNAGADH,GJ-JUNAGADH-4274,Sewerage & Septage Management,JuMC: Junagadh Municipal Corporation Sewer collection network Phase -2,30-05-2024,Mr. Ghanshyam Bhalgama,Technical Expert,9687228433,gujarat.blg@gmail.com,Mr. Aplesh Chavda (EE),9426027921,jmc.waterworksengi@gmail.com,Submitted,Submitted,Save As Draft,Sent to State,Submitted,Report Submitted,Yes,Compliance Accepted.,Q1 - 2024-2025,,,,,
653,GUJARAT,JUNAGADH,GJ-JUNAGADH-8374,Water Body Rejuvenation,AMRIT SAROVAR: Development of Vagheswari Talav in Junagadh City,30-05-2024,Mr. Ghanshyam Bhalgama,Technical Expert,9687228433,gujarat.blg@gmail.com,Mr. Aplesh Chavda (EE),9426027921,jmc.waterworksengi@gmail.com,Submitted,Submitted,Save As Draft,Sent to State,Submitted,Report Submitted,Yes,Accepted,Q1 - 2024-2025,,,,,
654,GUJARAT,JUNAGADH,GJ-JUNAGADH-9979,Water Supply,Junagadh Municipal Corporation Existing Water Supply Augmentation and Network in Ward 13 in Junagadh City.,30-05-2024,Mr. Ghanshyam Bhalgama,Technical Expert,9687228433,gujarat.blg@gmail.com,Mr. Aplesh Chavda (EE),9426027921,jmc.waterworksengi@gmail.com,Submitted,Submitted,Save As Draft,Sent to State,Submitted,Report Submitted,Yes,Informative comment. No action required.,Q1 - 2024-2025,,,,,
655,GUJARAT,JUNAGADH,GJ-JUNAGADH-9995,Water Supply,Junagadh Municipal Corporation Replacement of Water Supply Trunk Line Project,30-05-2024,Mr. Ghanshyam Bhalgama,Technical Expert,9687228433,gujarat.blg@gmail.com,Mr. Aplesh Chavda (EE),9426027921,jmc.waterworksengi@gmail.com,Submitted,Submitted,Save As Draft,Sent to State,Submitted,Report Submitted,Yes, Informative comment. No action required.,Q1 - 2024-2025,,,,,
656,GUJARAT,JUNAGADH,GJ-JUNAGADH-11873,Water Supply,"Junagadh Municipal Corporation Water Supply Project for Ward No.4 ,6 & 7",30-05-2024,Mr. Ghanshyam Bhalgama,Technical Expert,9687228433,gujarat.blg@gmail.com,Mr. Aplesh Chavda (EE),9426027921,jmc.waterworksengi@gmail.com,Submitted,Submitted,Save As Draft,Sent to State,Submitted,Report Submitted,Yes, Informative comment. No action required.,Q1 - 2024-2025,,,,,
657,GUJARAT,VISAVADAR,GJ-VISAVADAR-5380,Water Supply,WATER SUPPLY SCHEME NAL SE JAL VISAVADAR NAGARPALIKA,31-05-2024,Mr. Ghanshyam Bhalgama,Technical Expert,9687228433,gujarat.blg@gmail.com,Mr. Vishal K Phambhar,9033344780,np_visavadar@gmail.com,Submitted,Submitted,Save As Draft,Sent to State,Submitted,Report Submitted,Yes,Compliance accepted.,Q1 - 2024-2025,,,,,
658,GUJARAT,KESHOD,GJ-KESHOD-2689,Water Supply,Keshod Water Supply Scheme Nal Se Jal,29-05-2024,Mr. Ghanshyam Bhalgama,Technical Expert,9687228433,gujarat.blg@gmail.com,Mr. Alpesh Naghera,8200163871,municipality_ksb@yahoo.com,Submitted,Submitted,Save As Draft,Sent to State,Submitted,Report Submitted,Yes,Compliance accepted.,Q1 - 2024-2025,,,,,
659,GUJARAT,KESHOD,GJ-KESHOD-10428,Water Supply,WATER SUPPLY SCHEME AT KESHOD NAGARPALIKA,03-09-2024,Sandip Vadher ,Dy. Team Leader ,7043903718,gujarat.blg@gmail.com,Alpesh Naghera,8200163871,municipality_ksb@yahoo.com,Submitted,Submitted,Save As Draft,Sent to State,Submitted,Report Submitted,Yes,Compliance accepted.,Q2 - 2024-2025,,,,,
660,GUJARAT,KESHOD,GJ-KESHOD-10430,Water Supply,KESHOD NAGAR PALIKA WATER SUPPLY SCHEME,21-08-2024,Ghanshyam Bhalgama,Technical Expert,9687228433,gujarat.blg@gmail.com, Alpesh Naghera,8200163871,municipality_ksb@yahoo.com,Submitted,Submitted,Save As Draft,Sent to State,Submitted,Report Submitted,Yes,Compliance Accepted,Q2 - 2024-2025,,,,,
661,GUJARAT,KESHOD,GJ-KESHOD-10432,Parks & Green Space Development,AMRUT 2.0: GREEN SPACE DEVELOPMENT AT  KESHOD NAGARPALIKA,03-09-2024,Sandip vadher,Dy. Team Leader,7043903718,gujarat.blg@gmail.com,Alpesh Naghera,8200163871,municipality_ksb@yahoo.com,Submitted,Submitted,Save As Draft,Sent to State,Submitted,Report Submitted,Yes,Compliance accepted.,Q2 - 2024-2025,,,,,
662,GUJARAT,MANGROL_J,GJ-MANGROL_J-5295,Water Supply,"WATER SUPPLY SCHEME MANGROL NAGARPALIKA, NAL SE JAL",05-12-2024,Ghanshyam Bhalgama,Technical Expert,9687228433,gujarat.blg@gmail.com,Govind bhai Patel,8487883118,vpp-gudc@gujarat.gov.in,Submitted,Save As Draft,Save As Draft,Sent to State,Submitted,Report Submitted,Yes,Informative comment.,Q3 - 2024-2025,,,,,
663,GUJARAT,CHORVAD,GJ-CHORVAD-5288,Water Supply,WATER SUPPLY SCHEME CHORWAD NAGARPALIKA NAL SE JAL YOJNA(SJMMSVY),04-09-2024,Sandip Vadher ,Dy. Team Leader,7043903718,gujarat.blg@gmail.com,Raghu V Khambhala,9537341900,np_chorvad@yahoo.com,Submitted,Submitted,Save As Draft,Sent to State,Submitted,Report Submitted,Yes,Compliance accepted.,Q2 - 2024-2025,,,,,
664,GUJARAT,TALALA,GJ-TALALA-5303,Water Supply,Talala NagarPalika Water Supply Scheme,06-03-2025,Ghanshyam Bhalgama,Technical Expert,9687228433,gujarat.blg@gmail.com,Bhagirathshigh Padhiyar,8140515451,nptalala@yahoo.com,Submitted,Save As Draft,Save As Draft,Sent to State,Submitted,Report Submitted,Yes,Informative comment.,Q4 - 2024-2025,,,,,
665,GUJARAT,TALALA,GJ-TALALA-5304,Water Supply,Talala Nagarpalika Water Treatment Plant,06-03-2025,Ghanshyam Bhalgama,Technical Expert,9687228433,gujarat.blg@gmail.com,Bhagirathshigh Padhiyar,8140515451,nptalala@yahoo.com,Submitted,Save As Draft,Save As Draft,Sent to State,Submitted,Report Submitted,Yes,Informative comment. No action needed.,Q4 - 2024-2025,,,,,
666,GUJARAT,TALALA,GJ-TALALA-5307,Parks & Green Space Development,Talala Nagarpalika Garden Development Near Shmashan.,05-09-2024,Sandip Vadher,Dy. Team leader,7043903718,gujarat.blg@gmail.com,Mayurbhai,8780208076,nptalala@yahoo.com,Submitted,Submitted,Save As Draft,Sent to State,Submitted,Report Submitted,Yes,Compliance accepted.,Q2 - 2024-2025,,,,,
667,GUJARAT,VERAVAL,GJ-VERAVAL-8418,Water Body Rejuvenation,"AMRIT SAROVAR : REJUVENATION OF BHALKA TALAV, VERAVAL",06-03-2025,,,,,,,,Save As Draft,Save As Draft,Save As Draft,Pending Sent to State,Pending Submitted,Pending to be Submitted,,,Q4 - 2024-2025,,,,,
668,GUJARAT,VERAVAL,GJ-VERAVAL-9825,Water Supply,AMRUT 2.0 : WATER SUPPLY SCHEME AT VERAVAL-PATAN NAGARPALIKA,04-09-2024,Sandip Vadher ,Dy. Team leader ,+91 70439 03718,gujarat.blg@gmail.com,Govind Patel ,+91 84878 83118,vpp-gudc@gujarat.gov.in,Submitted,Submitted,Save As Draft,Sent to State,Submitted,Report Submitted,Yes,Compliance accepted.,Q2 - 2024-2025,,,,,
669,GUJARAT,VERAVAL,GJ-VERAVAL-9826,Water Supply,AMRUT 2.0 : WATER SUPPLY NETWORK AT VERVAL - PATAN NAGARPALIKA,04-09-2024,Sandip Vadher ,Dy. Team leader ,+91 70439 03718,gujarat.blg@gmail.com,Govind Patel ,+91 84878 83118,vpp-gudc@gujarat.gov.in,Submitted,Submitted,Save As Draft,Sent to State,Submitted,Report Submitted,Yes,Informative comment. No action required.,Q2 - 2024-2025,,,,,
670,GUJARAT,VERAVAL,GJ-VERAVAL-9832,Sewerage & Septage Management,AMRUT 2.0 : UNDERGROUND DRAINAGE NETWORK AT VERAVAL-PATAN NAGARPALIKA,04-09-2024,Sandip Vadher ,Dy. Team leader ,+91 70439 03718,gujarat.blg@gmail.com,Govind Patel ,+91 84878 83118,vpp-gudc@gujarat.gov.in,Submitted,Save As Draft,Save As Draft,Sent to State,Submitted,Report Submitted,Yes,Informative comment. No action required.,Q2 - 2024-2025,,,,,
671,GUJARAT,VERAVAL,GJ-VERAVAL-9855,Parks & Green Space Development,AMRUT 2.0 : GARDEN DEVELOPMENT AT VERAVAL-PATAN NAGARPALIKA,04-09-2024,Sandip Vadher ,Dy. Team leader , 70439 03718,gujarat.blg@gmail.com,Divyeshbhai Kidecha,7284907656,np_veraval@yahoo.co.in,Submitted,Submitted,Save As Draft,Sent to State,Submitted,Report Submitted,Yes,Compliance Accepted,Q2 - 2024-2025,,,,,
672,GUJARAT,VERAVAL,GJ-VERAVAL-14104,Sewerage & Septage Management,AMRUT 2.0 : TRANCHE 3: SETTING UP NEW STP AT VERAVAL-PATAN NAGARPALIKA SWAP-3,04-09-2024,Sandip Vadher ,Dy. Team leader ,+91 70439 03718,gujarat.blg@gmail.com,Govind Patel ,+91 84878 83118,vpp-gudc@gujarat.gov.in,Submitted,Save As Draft,Save As Draft,Sent to State,Submitted,Report Submitted,Yes,Compliance accepted.,Q2 - 2024-2025,,,,,
673,GUJARAT,SUTRAPADA,GJ-SUTRAPADA-5311,Water Supply,Sutrapada Nagarpalika Water Supply Network,04-09-2024,Sandip Vadher ,Dy. Team leader ,7043903718,gujarat.blg@gmail.com,Rajesh N Pandya,9825786565,np_sutrapada@yahoo.co.in,Submitted,Submitted,Save As Draft,Sent to State,Submitted,Report Submitted,Yes,Compliance accepted.,Q2 - 2024-2025,,,,,
674,GUJARAT,SUTRAPADA,GJ-SUTRAPADA-5331,Water Body Rejuvenation,Amrut 2.0 Nagathani Talav Development work Sutrapada Nagar Palika,05-03-2025,Ghanshyam Bhalgama,Technical Expert,9687228433,gujarat.blg@gmail.com,Rajesh N Pandya,9825786565,np_sutrapada@yahoo.co.in,Submitted,Save As Draft,Save As Draft,Sent to State,Submitted,Report Submitted,Yes,Informative comment. No action needed.,Q4 - 2024-2025,,,,,
675,GUJARAT,SUTRAPADA,GJ-SUTRAPADA-10516,Water Supply,WATER SUPPLY SCHEME AT SUTRAPADA NAGARPALIKA,04-09-2024,Sandip Vadher ,Dy. Team leader ,7043903718,gujarat.blg@gmail.com,Rajesh N Pandya,9825786565,np_sutrapada@yahoo.co.in,Submitted,Submitted,Save As Draft,Sent to State,Submitted,Report Submitted,Yes,Compliance accepted.,Q2 - 2024-2025,,,,,
676,GUJARAT,KODINAR,GJ-KODINAR-10528,Water Supply,KODINAR: WATER SUPPLY PROJECT OF NAL SE JAL YOJNA,03-09-2024,Sandip Vadher,Dy. Team Leader,7043903718,gujarat.blg@gmail.com,Piyushbhai,7435013094,np_kodinar@yahoo.co.in,Submitted,Save As Draft,Save As Draft,Sent to State,Submitted,Report Submitted,Yes,Informative comment.,Q2 - 2024-2025,,,,,
677,GUJARAT,KODINAR,GJ-KODINAR-11731,Parks & Green Space Development,AMRUT 2.0: Development of Nakshtra Van Garden at Bypass Area.,03-09-2024,Sandip Vadher,Dy. Team Leader,7043903718,gujarat.blg@gmail.com,Piyushbhai,7435013094,np_kodinar@yahoo.co.in,Submitted,Submitted,Save As Draft,Sent to State,Submitted,Report Submitted,Yes,Compliance Accepted,Q2 - 2024-2025,,,,,
678,GUJARAT,UNA_G,GJ-UNA_G-5277,Water Supply,Una NagarPalika Nal se Jal Water Supply Scheme,03-09-2024,Sandip Vadher,Dy. Team Leader,7043903718,gujarat.blg@gmail.com,Pratikbhai Parmar,9898788822,np_una@yahoo.co.in,Submitted,Submitted,Save As Draft,Sent to State,Submitted,Report Submitted,Yes,"After the work is completed, submit a soft copy of hydrostatic test and a hard copy of the same will be reviewed during the site visit.",Q2 - 2024-2025,,,,,
679,GUJARAT,UNA_G,GJ-UNA_G-10562,Parks & Green Space Development,AMRUT 2.0: GREEN SPACE DEVELOPMENT AT UNA NAGARPALIKA,03-09-2024,Sandip Vadher,Dy. Team Leader,7043903718,gujarat.blg@gmail.com,Pratikbhai Parmar,9898788822,np_una@yahoo.co.in,Submitted,Submitted,Save As Draft,Sent to State,Submitted,Report Submitted,Yes,Compliance Accepted,Q2 - 2024-2025,,,,,
680,GUJARAT,BABRA,GJ-BABRA-5298,Water Supply,WATER SUPPLY SCHEME BABRA NAGARPALIKA -  NAL SE JAL,26-06-2024,Sandip Vadherr it team,Team Leader,7043903718,jodhpuritteam@gmail.com,Jitubhai Rathodhpur it team,9512329108pur it tea,np_babara@yahoo.co.in,Submitted,Submitted,Save As Draft,Sent to State,Submitted,Report Submitted,Yes,Compliance accepted.,Q1 - 2024-2025,,,,,
681,GUJARAT,LATHI,GJ-LATHI-5306,Water Supply,WATER SUPPLY SCHEME LATHI NAGARPALIKA,06-09-2024,Sandip Vadher ,Dy. Team Leader,7043903718,gujarat.blg@gmail.com,Vishalbhai,7567501537,np_lathi@yahoo.co.in,Submitted,Submitted,Save As Draft,Sent to State,Submitted,Report Submitted,Yes,Theft is no excuse for non-compliance; the project team must promptly replace the information board and ensure continuous regulatory adherence. Compliance will be considered complete when photos and relevant documents of the rectified work are attached for verification. ,Q2 - 2024-2025,,,,,
682,GUJARAT,LATHI,GJ-LATHI-14127,Parks & Green Space Development,AMRUT 2.0: TRANCHE 3: BHAVANI GARDEN DEVELOPMENT,06-09-2024,Sandip Vadher ,Dy. Team Leader,7043903718,gujarat.blg@gmail.com,Vishalbhai,7567501537,np_lathi@yahoo.co.in,Submitted,Submitted,Save As Draft,Sent to State,Submitted,Report Submitted,Yes,"The comments are for the purpose of providing information. No action required.
",Q2 - 2024-2025,,,,,
683,GUJARAT,DAMNAGAR,GJ-DAMNAGAR-5441,Water Supply,WATER SUPPLY SCHEME DAMNAGAR NAGARPALIKA,06-09-2024,Sandip Vadher,Dy. Team Leader,7043903717,gujarat.blg@gmail.com,Prashantbhai,96622094430,np_damnagar@yahoo.co.in,Submitted,Submitted,Save As Draft,Sent to State,Submitted,Report Submitted,Yes,Compliance accepted,Q2 - 2024-2025,,,,,
684,GUJARAT,DAMNAGAR,GJ-DAMNAGAR-11121,Parks & Green Space Development,"AMRUT 2.0: Garden development, Tree Plantation and Civil works in Smashaan Dhamel Road in Damnagar Municipality",06-09-2024,Sandip Vadher,Dy. Team Leader,7043903717,gujarat.blg@gmail.com,Prashantbhai,96622094430,np_damnagar@yahoo.co.in,Submitted,Submitted,Save As Draft,Sent to State,Submitted,Report Submitted,Yes,Compliance accepted.,Q2 - 2024-2025,,,,,
685,GUJARAT,AMRELI,GJ-AMRELI-2977,Water Supply,AMRELI TOWN WATER SUPPLY SCHEME-1,24-05-2024,Mr. Ghanshyam Bhalgama,Technical Expert,9687228433,gujarat.blg@gmail.com,Mr. Chirag Gajera,9714208302,amrelimunicipality@yahoo.com,Submitted,Submitted,Save As Draft,Sent to State,Submitted,Report Submitted,Yes,Compliance is considered complete when before and after photos are attached.,Q1 - 2024-2025,,,,,
686,GUJARAT,AMRELI,GJ-AMRELI-3251,Parks & Green Space Development,GREEN SPACE & PARK DEVELOPMENT AT KERIYA ROAD AMRELI,31-05-2024,Mr. Ghanshyam Bhalgama,Technical Expert,9687228433,gujarat.blg@gmail.com,Mr. Chirag Gajera,9714208302,amrelimunicipality@yahoo.com,Submitted,Submitted,Save As Draft,Sent to State,Submitted,Report Submitted,Yes,Compliance accepted.,Q1 - 2024-2025,,,,,
687,GUJARAT,AMRELI,GJ-AMRELI-3543,Sewerage & Septage Management,AMRELI NAGARPALIKA SEWERAGE TREATMENT PLANT,13-05-2025, Ghanshyam Bhalgama,Technical Expert,9687228433,gujarat.blg@gmail.com, Chirag Gajera,9714208302,amrelimunicipality@yahoo.com,Save As Draft,Save As Draft,Save As Draft,Pending Sent to State,Pending Submitted,Pending to be Submitted,,,Q1 - 2025-2026,,,,,
688,GUJARAT,AMRELI,GJ-AMRELI-3592,Water Body Rejuvenation,AMRELI ROKADIYA LAKE DEVELOPMENT,03-03-2025,Ghanshyam Bhalgama,Technical Expert,9687228433,gujarat.blg@gmail.com,Chirag Gajera,9714208302,amrelimunicipality@yahoo.com,Submitted,Save As Draft,Save As Draft,Sent to State,Submitted,Report Submitted,Yes,Informative comment. No action needed.,Q4 - 2024-2025,,,,,
689,GUJARAT,AMRELI,GJ-AMRELI-8341,Water Body Rejuvenation,"AMRIT SAROVAR : REJUVENATION OF ROKADIYA LAKE PHASE-2, AMRELI",03-03-2025,Ghanshyam Bhalgama,Technical Expert,9687228433,gujarat.blg@gmail.com,Chirag Gajera,9714208302,amrelimunicipality@yahoo.com,Submitted,Save As Draft,Save As Draft,Sent to State,Submitted,Report Submitted,Yes,Informative comment. No action needed.,Q4 - 2024-2025,,,,,
690,GUJARAT,AMRELI,GJ-AMRELI-9710,Water Supply,AMRUT 2 .0 : AMRELI NAGARPALIKA : TRENCH 2 : REPLACEMENT OF EXITING OLD WATER SUPPLY NETWORK,31-05-2024,Mr. Ghanshyam Bhalgama,Technical Expert,9687228433,gujarat.blg@gmail.com,Mr. Chirag Gajera,9714208302,amrelimunicipality@yahoo.com,Submitted,Submitted,Save As Draft,Sent to State,Submitted,Report Submitted,Yes,Informative comment. No action required.,Q1 - 2024-2025,,,,,
691,GUJARAT,AMRELI,GJ-AMRELI-14518,Water Supply,AMRUT 2.0: TRANCHE 3: Augmentation of Water supply network in Amreli under SWAP-3,31-05-2024,Mr. Ghanshyam Bhalgama,Technical Expert,9687228433,gujarat.blg@gmail.com,Mr. Chirag Gajera,9714208302,amrelimunicipality@yahoo.com,Submitted,Submitted,Save As Draft,Sent to State,Submitted,Report Submitted,Yes,Compliance accepted.,Q1 - 2024-2025,,,,,
692,GUJARAT,BAGASRA,GJ-BAGASRA-5221,Water Supply,Bagasara NagarPalik Nal se Jal,05-09-2024,Sandip Vadher,Dy. Team leader,7043903718,gujarat.blg@gmail.com,Jitu bhai,9909930245,np_bagsara@yahoo.co.in,Submitted,Submitted,Save As Draft,Sent to State,Submitted,Report Submitted,Yes,Compliance accepted.,Q2 - 2024-2025,,,,,
693,GUJARAT,BAGASRA,GJ-BAGASRA-5223,Parks & Green Space Development,Atalji Park Garden,05-09-2024,Sandip Vadher,Dy. Team leader,7043903718,gujarat.blg@gmail.com,Jitu bhai,9909930245,np_bagsara@yahoo.co.in,Submitted,Save As Draft,Save As Draft,Sent to State,Submitted,Report Submitted,Yes,Compliance accepted.,Q2 - 2024-2025,,,,,
694,GUJARAT,BAGASRA,GJ-BAGASRA-10486,Water Supply,WATER SUPPLY SCHEME AT BAGASARA NAGARPALIKA,05-09-2024,Sandip Vadher,Dy. Team leader,7043903718,gujarat.blg@gmail.com,Jitu bhai,9909930245,np_bagsara@yahoo.co.in,Submitted,Submitted,Save As Draft,Sent to State,Submitted,Report Submitted,Yes,Compliance accepted.,Q2 - 2024-2025,,,,,
695,GUJARAT,BAGASRA,GJ-BAGASRA-11770,Parks & Green Space Development,AMRUT 2.0: ATALJI GARDEN DEVLOPMENT PROJECT IN BAGASRA MUNICIPALITY,05-09-2024,Sandip Vadher,Dy. Team leader,7043903718,gujarat.blg@gmail.com,Jitu bhai,9909930245,np_bagsara@yahoo.co.in,Submitted,Submitted,Save As Draft,Sent to State,Submitted,Report Submitted,Yes,The status of the time limit extension should be communicated.,Q2 - 2024-2025,,,,,
696,GUJARAT,CHALALA,GJ-CHALALA-5278,Water Supply,WATER SUPPLY SCHEME CHALALA NAGARPALIKA - NAL SE JAL,05-09-2024,Sandip vadher,Dy. Team Leader,7043903718,gujarat.blg@gmail.com,Rahulbhai,7698421997,np_chalala@yahoo.co.in,Submitted,Submitted,Save As Draft,Sent to State,Submitted,Report Submitted,Yes,Compliance Accepted,Q2 - 2024-2025,,,,,
697,GUJARAT,CHALALA,GJ-CHALALA-11020,Parks & Green Space Development,AMRUT 2.0 : DEVELOPMENT OF GARDEN IN FAJAL PARA AREA IN CHALALA MUNICIPALITY,05-09-2024,Sandip vadher,Dy. Team Leader,7043903718,gujarat.blg@gmail.com,Rahulbhai,7698421997,np_chalala@yahoo.co.in,Submitted,Save As Draft,Save As Draft,Sent to State,Submitted,Report Submitted,Yes,Informative comment. No action required.,Q2 - 2024-2025,,,,,
698,GUJARAT,CHALALA,GJ-CHALALA-11758,Water Supply,AMRUT 2 .0 CHALALA NAGARPALIKA WATERSUPPLY SCHEME,05-09-2024,Sandip vadher,Dy. Team Leader,7043903718,gujarat.blg@gmail.com,Rahulbhai,7698421997,np_chalala@yahoo.co.in,Submitted,Save As Draft,Save As Draft,Sent to State,Submitted,Report Submitted,Yes,Informative comment. No action required.,Q2 - 2024-2025,,,,,
699,GUJARAT,CHALALA,GJ-CHALALA-11759,Water Body Rejuvenation,AMRUT 2 .0 : CHALALA NAGARPALIKA : TRENCH 2 : CHALALA DAAN SAROVAR DEVLOPMENT,13-05-2025,Ghanshyam Bhalgama ,Technical Expert,9687228433,gujarat.blg@gmail.com,Rahulbhai,7698421997,np_chalala@yahoo.co.in,Save As Draft,Save As Draft,Save As Draft,Pending Sent to State,Pending Submitted,Pending to be Submitted,,,Q1 - 2025-2026,,,,,
700,GUJARAT,SAVARKUNDLA,GJ-SAVARKUNDLA-5212,Water Supply,WATER SUPPLY SCHEME SAVARKUNDLA NAGARPALIKA NAL SE JAL,31-05-2024,Mr. Ghanshyam Bhalgama,Technical Expert,9687228433,gujarat.blg@gmail.com,Mr. H P Borad,9054570111,np_skundala@yahoo.co.in,Submitted,Submitted,Save As Draft,Sent to State,Submitted,Report Submitted,Yes,Compliance accepted.,Q1 - 2024-2025,,,,,
701,GUJARAT,SAVARKUNDLA,GJ-SAVARKUNDLA-10535,Parks & Green Space Development,AMRUT 2.0: SAVARKUNDLA URBAN FOREST PROJECT,31-05-2024,Mr. Ghanshyam Bhalgama,Technical Expert,9687228433,gujarat.blg@gmail.com,Mr. H P Borad,9054570111,np_skundla@yahoo.co.in,Submitted,Submitted,Save As Draft,Sent to State,Submitted,Report Submitted,Yes,Compliance accepted.,Q1 - 2024-2025,,,,,
702,GUJARAT,SAVARKUNDLA,GJ-SAVARKUNDLA-11751,Water Supply,AMRUT 2 .0 : WATERSUPPLY SCHEME AT SAVARKUNDLA NAGARPALIKA,03-12-2024,Mr. Ghanshyam Bhalgama,Technical Expert,9687228433,gujarat.blg@gmail.com,Mr. H P Borad,9054570111,np_skundala@yahoo.co.in,Submitted,Submitted,Save As Draft,Sent to State,Submitted,Report Submitted,Yes,Compliance accepted.,Q3 - 2024-2025,,,,,
703,GUJARAT,SAVARKUNDLA,GJ-SAVARKUNDLA-11752,Water Body Rejuvenation,AMRUT 2 .0 :TRENCH 2 : SAVARKUNDLA SUK NAHERA SAROVAR DEVLOPMENT,31-05-2024,Mr. Ghanshyam Bhalgama,Technical Expert,9687228433,gujarat.blg@gmail.com,Mr. H P Borad,9054570111,np_skundla@yahoo.co.in,Submitted,Submitted,Save As Draft,Sent to State,Submitted,Report Submitted,Yes,Compliance accepted.,Q1 - 2024-2025,,,,,
704,GUJARAT,JAFARABAD,GJ-JAFARABAD-5258,Water Supply,WATER SUPPLY SCHEME JAFARABADA NAGARPALIKA NAL SE JAL,03-09-2024,Sandip vadher,Dy. Team Leader,7043903718,gujarat.blg@gmail.com,Jayeshbhai,7567951367,np_jafarabad@yahoo.co.in,Submitted,Submitted,Save As Draft,Sent to State,Submitted,Report Submitted,Yes,Compliance accepted,Q2 - 2024-2025,,,,,
705,GUJARAT,JAFARABAD,GJ-JAFARABAD-5280,Parks & Green Space Development,REDEVELOPMENT OF HARKOR BAUGE IN JAFARABABD NAGARPALIKA,03-09-2024,Sandip vadher,Dy. Team Leader,7043903718,gujarat.blg@gmail.com,Jayeshbhai,7567951367,np_jafarabad@yahoo.co.in,Submitted,Submitted,Save As Draft,Sent to State,Submitted,Report Submitted,Yes,Compliance Accepted,Q2 - 2024-2025,,,,,
706,GUJARAT,JAFARABAD,GJ-JAFARABAD-14139,Water Supply,AMRUT 2.0 : TRANCHE 3: DISTRIBUTION NETWORK IN VARIOUS LOCATIONS  JAFRABAD NAGARPALIKA,03-09-2024,Sandip vadher,Dy. Team Leader,7043903718,gujarat.blg@gmail.com,Jayeshbhai,7567951367,np_jafarabad@yahoo.co.in,Submitted,Save As Draft,Save As Draft,Sent to State,Submitted,Report Submitted,Yes,"No action needed, comment is for the purpose of providing information.",Q2 - 2024-2025,,,,,
707,GUJARAT,RAJULA,GJ-RAJULA-5347,Water Supply,Rajula NagarPalika Water Supply Scheme,02-09-2024,Sandip Vadher,Dy. Team Leader,7043903718,gujarat.blg@gmail.com,Govind Patel,8487883118,vpp-gudc@gujarat.gov.in,Submitted,Save As Draft,Save As Draft,Sent to State,Submitted,Report Submitted,Yes,Informative comment. No action required.,Q2 - 2024-2025,,,,,
708,GUJARAT,RAJULA,GJ-RAJULA-5369,Water Body Rejuvenation,Rajula Nagarpalika Maruti Dham Beautification Project,02-09-2024,Sandip Vadher,Dy. Team Leader,7043903718,gujarat.blg@gmail.com,Prabhatbhai,7720988888,np_rajula@yahoo.co.in,Submitted,Submitted,Save As Draft,Sent to State,Submitted,Report Submitted,Yes,Compliance accepted.,Q2 - 2024-2025,,,,,
709,GUJARAT,RAJULA,GJ-RAJULA-5377,Parks & Green Space Development,Tulsi Baug Garden Renovation Project in Rajula Nagarpalika,02-09-2024,Sandip Vadher,Dy. Team Leader,7043903718,gujarat.blg@gmail.com,Prabhatbhai,7720988888,np_rajula@yahoo.co.in,Submitted,Save As Draft,Save As Draft,Sent to State,Submitted,Report Submitted,Yes,No action needed. As comment is for providing the information.,Q2 - 2024-2025,,,,,
710,GUJARAT,RAJULA,GJ-RAJULA-10540,Water Body Rejuvenation,Phase II: Rajula Nagarpalika Maruti Dham Beautification Project,02-09-2024,Sandip Vadher,Dy. Team Leader,7043903718,gujarat.blg@gmail.com,Prabhatbhai,7720988888,np_rajula@yahoo.co.in,Submitted,Submitted,Save As Draft,Sent to State,Submitted,Report Submitted,Yes,The Physical progress indicated on the portal is not in line with the one commented by the ULB. The discrepancy in the physical progress needs to be rectified. The status of the time limit extension should be shared with IRMA. ,Q2 - 2024-2025,,,,,
711,GUJARAT,RAJULA,GJ-RAJULA-11719,Parks & Green Space Development,AMRUT 2.0: HILL AREA KUMBHANATH SUKHANATH AREA GARDEN DEVELOPMENT IN RAJULA MUNICIPALITY,04-03-2025,Ghanshyam Bhalgama ,Technical Expert,9687228433,gujarat.blg@gmail.com,Prabhatbhai,7720988888,np_rajula@yahoo.co.in,Save As Draft,Save As Draft,Save As Draft,Pending Sent to State,Pending Submitted,Pending to be Submitted,,,Q4 - 2024-2025,,,,,
712,GUJARAT,RAJULA,GJ-RAJULA-11857,Water Supply,RAJULA MUNICIPALITY WATER DISTRIBUTION PROJECT,02-09-2024,Sandip Vadher,Dy. Team Leader,7043903718,gujarat.blg@gmail.com,Govind Patel,8487883118,vpp-gudc@gujarat.gov.in,Submitted,Save As Draft,Save As Draft,Sent to State,Submitted,Report Submitted,Yes,Informative comment. No action needed.,Q2 - 2024-2025,,,,,
713,GUJARAT,BOTAD,GJ-BOTAD-2719,Water Supply,Botad Water Supply scheme Nal Se Jal,26-06-2024,Sandip Vadher,Team Leader,7043903718,vadher.sandip@gmail.com,contract Awarded,9924203703,piuahd-gudc@gujarat.gov.in,Submitted,Submitted,Save As Draft,Sent to State,Submitted,Report Submitted,Yes,Informative comment.,Q1 - 2024-2025,,,,,
714,GUJARAT,BOTAD,GJ-BOTAD-11630,Sewerage & Septage Management,AMRUT 2.0 : UNDER GROUND DRAINAGE VARIOUS PLACES BOTAD MUNICIPALITY AREA.,26-06-2024,Sandip Vadher & Ratilal Khandhar,Team leader and Ass. Technical expert.,7043903718,gujarat.blg@gmail.com,Chinmay Joshi,8160410515,np_botad@yahoo.co.in,Submitted,Submitted,Save As Draft,Sent to State,Submitted,Report Submitted,Yes,Informative comment. No action needed.,Q1 - 2024-2025,,,,,
715,GUJARAT,BOTAD,GJ-BOTAD-14093,Sewerage & Septage Management,"AMRUT 2.0: TRANCE 3: Construction of Underground drainage network at GIDC,B/H Sankarpara and Various society on salangpur road.",26-06-2024,Sandip Vadher & Ratilal Khandhar,Team leader and Ass. Technical expert.,7043903718,gujarat.blg@gmail.com,Chinmay Joshi,8160410515,np_botad@yahoo.co.in,Submitted,Submitted,Save As Draft,Sent to State,Submitted,Report Submitted,Yes,Compliance accepted.,Q1 - 2024-2025,,,,,
716,GUJARAT,BOTAD,GJ-BOTAD-14123,Water Supply,AMRUT 2.0: TRANCE 3: WATER SUPPLY SYSTEM  AT BOTAD NAGARPALIKA  SWAP-3,24-02-2025,Ghanshyam Bhalgama ,Technical Expert,9687228433,gujarat.blg@gmail.com,Pritesh Patel,9924203703,piuahd-gudc@gujarat.gov.in,Submitted,Save As Draft,Save As Draft,Sent to State,Submitted,Report Submitted,Yes,Informative comment.,Q4 - 2024-2025,,,,,
717,GUJARAT,VALLABHIPUR,GJ-VALLABHIPUR-2790,Water Supply,WATER SUPPPLY SCHEME IN VALLBHIPUR NAGARPALIKA - NAL SE JAL,30-09-2024,Sandip Vadher,Dy. Team Leader,7043903718,gujarat.blg@gmail.com,Hardik Parekh,9898892919,np_valbhipur@yahoo.com,Submitted,Submitted,Save As Draft,Sent to State,Submitted,Report Submitted,Yes,Provide details of time limit extension.,Q2 - 2024-2025,,,,,
718,GUJARAT,VALLABHIPUR,GJ-VALLABHIPUR-14181,Water Supply,AMRUT 2.0 : TRANCHE 3: Augmentation of Potable Water Infrastructure in Vallabhipur,30-09-2024,Sandip Vadher,Team Leader,7043903718,gujarat.blg@gmail.com,Devakant Zinzala ,8238234092,vnpengineer1@gmail.com,Submitted,Submitted,Save As Draft,Sent to State,Submitted,Report Submitted,Yes,The concerned authority need to intervene to give land clearance.,Q2 - 2024-2025,,,,,
719,GUJARAT,GADHADA,GJ-GADHADA-2773,Water Supply,Gadhada Water Supply scheme Nal Se Jal,26-06-2024,Sandip Vadher,Team Leader,7043903718,vadher.sandip@gmail.com,Dharnesh Patel,7990241452,np_gadhada@yahoo.co.in,Submitted,Submitted,Save As Draft,Sent to State,Submitted,Report Submitted,Yes,Compliance has been accepted. The hydrotest must be completed within the stipulated timeframe and will be reviewed by IRMA during the upcoming site visit.,Q1 - 2024-2025,,,,,
720,GUJARAT,BHAVNAGAR,GJ-BHAVNAGAR-3841,Water Supply,BMC: Water storage and Transmission Network at RUVA TPS - 09,01-07-2024,Sandeep Vadher,Team Leader,7043903718,vadher.sandip@gmail.com,Tusharbhai Matholiya,8000995953,city.bmc@gmail.com,Submitted,Submitted,Save As Draft,Sent to State,Submitted,Report Submitted,Yes,Informative comment. No action required.,Q2 - 2024-2025,,,,,
721,GUJARAT,BHAVNAGAR,GJ-BHAVNAGAR-3850,Water Supply,BHAVNAGAR MUNICIPAL CORPORATION Distribution Network AT RUVA TPS-9,05-08-2024,Sandeep Vadher,Team Leader,7043903718,vadher.sandip@gmail.com,Tusharbhai Matholiya,8000995953,city.bmc@gmail.com,Submitted,Submitted,Save As Draft,Sent to State,Submitted,Report Submitted,Yes,Informative comment.,Q2 - 2024-2025,,,,,
722,GUJARAT,BHAVNAGAR,GJ-BHAVNAGAR-3855,Water Supply,BMC: WATER SUPPLY PROJECT AT ANANDNAGAR AREA,01-07-2024,Sandeep Vadher,Team Leader,7043903718,vadher.sandip@gmail.com,Khushbu Patel,9427753906,np_vijapur@yahoo.co.in,Submitted,Submitted,Save As Draft,Sent to State,Submitted,Report Submitted,Yes,Informative comment. No action required.,Q2 - 2024-2025,,,,,
723,GUJARAT,BHAVNAGAR,GJ-BHAVNAGAR-3859,Water Supply,BHAVNAGAR MUNICIPAL CORPORATION WATER SUPPLY PROJECT AT KUMBHARWADA AKSHAR PARK,01-07-2024,Sandeep Vadher,Team Leader,7043903718,vadher.sandip@gmail.com,suhagbhai,9825244545,city.bmc@gmail.com,Submitted,Submitted,Save As Draft,Sent to State,Submitted,Report Submitted,Yes,Informative comment.,Q2 - 2024-2025,,,,,
724,GUJARAT,BHAVNAGAR,GJ-BHAVNAGAR-3862,Water Supply,BHAVNAGAR MUNICIPAL CORPORATION WATER TREATMENT PLANT PROJECT AT TAKHTESHWAR FILTER PREMISES,05-08-2024,Sandeep Vadher,Team Leader,7043903718,vadher.sandip@gmail.com,Vishva Patel,9925185899,city.bmc@gmail.com,Submitted,Submitted,Save As Draft,Sent to State,Submitted,Report Submitted,Yes,Informative comment. No action required.,Q2 - 2024-2025,,,,,
725,GUJARAT,BHAVNAGAR,GJ-BHAVNAGAR-3863,Water Supply,BHAVNAGAR MUNICIPAL CORPORATION WATER SUPPLY PROJECT TPS AREA WITHIN BMC CITY LIMIT,01-07-2024,Sandeep Vadher,Team Leader,7043903718,vadher.sandip@gmail.com,Er. Vishva Patel,9925185899,city.bmc@gmail.com,Submitted,Submitted,Save As Draft,Sent to State,Submitted,Report Submitted,Yes,Compliance Accepted,Q2 - 2024-2025,,,,,
726,GUJARAT,BHAVNAGAR,GJ-BHAVNAGAR-3868,Water Supply,BMC: WATER SUPPLY PROJECT DISTRIBUTION NETWORK FROM DILBAHAR ESR TO JEWEL,01-07-2024,Sandeep Vadher,Team Leader,7043903718,vadher.sandip@gmail.com,V R Patel,9925185899,city.bmc@gmail.com,Submitted,Submitted,Save As Draft,Sent to State,Submitted,Report Submitted,Yes,Informative comment.,Q2 - 2024-2025,,,,,
727,GUJARAT,BHAVNAGAR,GJ-BHAVNAGAR-3872,Water Supply,BMC: WATER SUPPLY PROJECT DISTRIBUTION NETWORK FROM DILBAHAR ESR TO SARDA,24-03-2025,Sandip Vadher,Team Leader,7043903718,gujarat.blg@gmail.com,Vishva Patel,09925185899,waterworksbmc@gmail.com,Submitted,Submitted,Save As Draft,Sent to State,Submitted,Report Submitted,Yes,Informative comment.,Q4 - 2024-2025,,,,,
728,GUJARAT,BHAVNAGAR,GJ-BHAVNAGAR-3874,Water Supply,BMC: WATER SUPPLY PROJECT AT TARSAMIYA,01-07-2024,Sandeep Vadher,Team Leader,7043903718,vadher.sandip@gmail.com,Ajaysinh N. Thakor,9687886767,np_lunavada@yahoo.co.in,Submitted,Submitted,Save As Draft,Sent to State,Submitted,Report Submitted,Yes,Compliance accepted.,Q2 - 2024-2025,,,,,
729,GUJARAT,BHAVNAGAR,GJ-BHAVNAGAR-3876,Water Supply,BMC: WATER SUPPLY PROJECT AT AKWADA,01-07-2024,Sandeep Vadher,Team Leader,7043903718,vadher.sandip@gmail.com,Tusharbhai Matholiya,9925185899,city.bmc@gmail.com,Submitted,Submitted,Save As Draft,Sent to State,Submitted,Report Submitted,Yes,Informative comment. No action required.,Q2 - 2024-2025,,,,,
730,GUJARAT,BHAVNAGAR,GJ-BHAVNAGAR-3877,Water Supply,AMRUT 2.0: BHAVNAGAR MUNICIPAL CORPORATION WATER SUPPLY PROJECT REPLACEMENT OF OLD MAIN LINE,24-03-2025,Sandip Vadher ,Team Leader,7043903718,gujarat.blg@gmail.com,Zalabhai,8141550236,waterworksbmc@gmail.com,Submitted,Submitted,Save As Draft,Sent to State,Submitted,Report Submitted,Yes,Informative comment.,Q4 - 2024-2025,,,,,
731,GUJARAT,BHAVNAGAR,GJ-BHAVNAGAR-3879,Water Supply,BHAVNAGAR MUNICIPAL CORPORATION WATER SUPPLY PROJECT STRENGTHNING OF OLD ESR AT TAKHTESHWAR FILTER P,01-07-2024,Sandeep Vadher,Team Leader,7043903718,vadher.sandip@gmail.com,Amitkumar padsala,9978420402,city.bmc@gmail.com,Submitted,Submitted,Save As Draft,Sent to State,Submitted,Report Submitted,Yes,Compliance accepted.,Q2 - 2024-2025,,,,,
732,GUJARAT,BHAVNAGAR,GJ-BHAVNAGAR-3881,Water Supply,BHAVNAGAR MUNICIPAL CORPORATION WATER SUPPLY PROJECT STRENGTHNING OF UNDERGROUND CLEAR WATER SUMP AT,28-01-2025,Sandeep Vadher,Team Leader,7043903718,vadher.sandip@gmail.com,Amitkumar padsala,9978420402,city.bmc@gmail.com,Submitted,Submitted,Save As Draft,Sent to State,Submitted,Report Submitted,Yes,Informative comment. No action required.,Q4 - 2024-2025,,,,,
733,GUJARAT,BHAVNAGAR,GJ-BHAVNAGAR-3884,Water Supply,AMRUT 2.0: BHAVNAGAR MUNICIPAL CORPORATION WATER SUPPLY PROJECT STRENGTHNING OF WTP AT CHITRA,01-07-2024,Sandeep Vadher,Team Leader,7043903718,vadher.sandip@gmail.com,Vishwabhai,9925185899,city.bmc@gmail.com,Submitted,Submitted,Save As Draft,Sent to State,Submitted,Report Submitted,Yes,Compliance Accepted,Q2 - 2024-2025,,,,,
734,GUJARAT,BHAVNAGAR,GJ-BHAVNAGAR-3894,Water Body Rejuvenation,BHAVNAGAR MUNICIPAL CORPORATION WATER BODY REJUVENATION PROJECT OF GAURISHANKAR LAKE,01-07-2024,Sandeep Vadher,Team Leader,7043903718,vadher.sandip@gmail.com,Vishwabhai,9925185899,city.bmc@gmail.com,Submitted,Submitted,Save As Draft,Sent to State,Submitted,Report Submitted,Yes,Compliance accepted.,Q2 - 2024-2025,,,,,
735,GUJARAT,BHAVNAGAR,GJ-BHAVNAGAR-3936,Parks & Green Space Development,BHAVNAGAR MUNICIPAL CORPORATION GARDEN DEVELOPMENT PROJECT AT TPS 10 & 16 AT ADHEWADA,28-06-2024,Sandeep Vadher,Team Leader,7043903718,vadher.sandip@gmail.com,Tushar matholiya,8000995953,city.bmc@gmail.com,Submitted,Submitted,Save As Draft,Sent to State,Submitted,Report Submitted,Yes,Informative comment. No action required.,Q1 - 2024-2025,,,,,
736,GUJARAT,BHAVNAGAR,GJ-BHAVNAGAR-3958,Sewerage & Septage Management,BHAVNAGAR MUNICIPAL CORPORATION SEWERAGE NETWORK AT DIFFERENT LOCATIONS,03-08-2024,Sandip Vadher,Dy. Team Leader,7043903718,gujarat.blg@gmail.com,AMIT PADSARKAR,09978420402,yojana11bhavnagar@gmail.com,Submitted,Submitted,Save As Draft,Sent to State,Submitted,Report Submitted,Yes,Compliance accepted.,Q2 - 2024-2025,,,,,
737,GUJARAT,BHAVNAGAR,GJ-BHAVNAGAR-3971,Sewerage & Septage Management,BHAVNAGAR MUNICIPAL CORPORATION SEWERAGE NETWORK,03-08-2024,test,test,test,test@gmail.com,test,test,test@gmail.com,Submitted,Submitted,Save As Draft,Sent to State,Submitted,Report Submitted,Yes,Informative comment. No action required.,Q2 - 2024-2025,,,,,
738,GUJARAT,BHAVNAGAR,GJ-BHAVNAGAR-3998,Sewerage & Septage Management,BMC: BHAVNAGAR MUNICIPAL CORPORATION SEWERAGE NETWORK AT DIFFERENT TP AREAS.,28-06-2024,Sandip Vadher,Team Leader,7043903718,gujarat.blg@gmail.com,Amitbhai Padsar,9974842040,yojana11bhavnagar@gmail.com,Submitted,Save As Draft,Save As Draft,Sent to State,Submitted,Report Submitted,Yes,Compliance accepted.,Q1 - 2024-2025,,,,,
739,GUJARAT,BHAVNAGAR,GJ-BHAVNAGAR-4012,Water Supply,Bhavnagar Municipal Corporation Repalcement of Old Pumps AT Santruji Dam,03-08-2024,Sandeep Vadher,Team Leader,7043903718,vadher.sandip@gmail.com,Mr.Tushar Patel,8000995953,city.bmc@gmail.com,Submitted,Submitted,Save As Draft,Sent to State,Submitted,Report Submitted,Yes,Informative comment. No action required.,Q2 - 2024-2025,,,,,
740,GUJARAT,BHAVNAGAR,GJ-BHAVNAGAR-4014,Water Supply,Bhavnagar Municipal Corporation Repalcement of Old Pumps AT Takteshwar Filter Plant,03-08-2024,Sandeep Vadher,Team Leader,7043903718,vadher.sandip@gmail.com,Vishva Patel,9925185899,city.bmc@gmail.com,Submitted,Submitted,Save As Draft,Sent to State,Submitted,Report Submitted,Yes,Informative comment.,Q2 - 2024-2025,,,,,
741,GUJARAT,BHAVNAGAR,GJ-BHAVNAGAR-4235,Water Supply,"BMC: Bhavnagar Municipal Corporation Water storage at Sardar Patel School Circle,Kaliyabid.",24-03-2025,Sandip Vadher ,Team Leader,7043903718,gujarat.blg@gmail.com,Vishva  Patel,9925185899,waterworksbmc@gmail.com,Submitted,Submitted,Save As Draft,Sent to State,Submitted,Report Submitted,Yes,Informative comment.,Q4 - 2024-2025,,,,,
742,GUJARAT,BHAVNAGAR,GJ-BHAVNAGAR-8285,Water Body Rejuvenation,AMRIT SAROVAR : NARI KARDEJ ROAD TALAV AT BHAVNAGAR MUNICIPAL CORPORATION,05-08-2024,Sandeep Vadher,Dy. Team Leader,7043903718,vadher.sandip@gmail.com,suhagbhai,9825244545,city.bmc@gmail.com,Submitted,Submitted,Save As Draft,Sent to State,Submitted,Report Submitted,Yes,Informative comment.,Q2 - 2024-2025,,,,,
743,GUJARAT,BHAVNAGAR,GJ-BHAVNAGAR-8290,Water Body Rejuvenation,AMRIT SAROVAR :TARSAMIYA  TALAV AT BHAVNAGAR MUNICIPAL CORPORATION,01-07-2024,Sandeep Vadher,Team Leader,7043903718,vadher.sandip@gmail.com,Tushar matholiya,8000995953,city.bmc@gmail.com,Submitted,Submitted,Save As Draft,Sent to State,Submitted,Report Submitted,Yes,Compliance accepted.,Q2 - 2024-2025,,,,,
744,GUJARAT,BHAVNAGAR,GJ-BHAVNAGAR-8296,Water Body Rejuvenation,AMRIT SAROVAR : JAT VASAHAT TALAV- 1 AKWADA AT BHAVNAGAR MUNICIPAL CORPORATION,01-07-2024,Sandeep Vadher,Team Leader,7043903718,vadher.sandip@gmail.com,Tusharbhai Matholiya,8000995953,city.bmc@gmail.com,Submitted,Submitted,Save As Draft,Sent to State,Submitted,Report Submitted,Yes,Suggestive comment.,Q2 - 2024-2025,,,,,
745,GUJARAT,BHAVNAGAR,GJ-BHAVNAGAR-8298,Water Body Rejuvenation,AMRIT SAROVAR :JAT VASAHAT TALAV- 2 AKWADA AT BHAVNAGAR MUNICIPAL CORPORATION,01-07-2024,Sandeep Vadher,Team Leader,7043903718,vadher.sandip@gmail.com,Tusharbhai Matholiya,8000995953,city.bmc@gmail.com,Submitted,Submitted,Save As Draft,Sent to State,Submitted,Report Submitted,Yes,Suggestive comment.,Q2 - 2024-2025,,,,,
746,GUJARAT,BHAVNAGAR,GJ-BHAVNAGAR-8304,Water Body Rejuvenation,AMRIT SAROVAR: AKWADA MAIN TALAV AT BHAVNAGAR MUNICIPAL CORPORATION,07-08-2024,Sandip Vadher,Dy. Team leader,70439 03718,gujarat.blg@gmail.com,Shree Chiragbhai Gohel,8780597655,waterworksbmc@gmail.com,Submitted,Submitted,Save As Draft,Sent to State,Submitted,Report Submitted,Yes,Informative comment. No action required.,Q2 - 2024-2025,,,,,
747,GUJARAT,BHAVNAGAR,GJ-BHAVNAGAR-8307,Water Body Rejuvenation,AMRIT SAROVAR :AKWADA MALESHRI TALAV AT BHAVNAGAR MUNICIPAL CORPORATION,01-07-2024,Sandeep Vadher,Dy. Team Leader,7043903718,vadher.sandip@gmail.com,suhagbhai,9825244545,city.bmc@gmail.com,Submitted,Submitted,Save As Draft,Sent to State,Submitted,Report Submitted,Yes,Compliance accepted.,Q2 - 2024-2025,,,,,
748,GUJARAT,BHAVNAGAR,GJ-BHAVNAGAR-8312,Water Body Rejuvenation,AMRIT SAROVAR : RUVAPARI MANDIR TALAV AT BHAVANAGR MUNICIPAL CORPORTATION,01-07-2024,Sandip Vadher,Dy. Team leader,70439 03718,gujarat.blg@gmail.com,gujarat.blg@gmail.com,8780597655,waterworksbmc@gmail.com,Submitted,Submitted,Save As Draft,Sent to State,Submitted,Report Submitted,Yes,Informative comment. No action required.,Q2 - 2024-2025,,,,,
749,GUJARAT,BHAVNAGAR,GJ-BHAVNAGAR-8320,Water Body Rejuvenation,AMRIT SAROVAR : FULJARIYA ROAD TALAV - ADHEWADA AT BHAVANAGAR MUNICIPAL CORPORATION ,01-07-2024,Sandeep Vadher,Team Leader,7043903718,vadher.sandip@gmail.com,Tushar matholiya,8000995953,city.bmc@gmail.com,Submitted,Submitted,Save As Draft,Sent to State,Submitted,Report Submitted,Yes,Informative comment. No action required.,Q2 - 2024-2025,,,,,
750,GUJARAT,BHAVNAGAR,GJ-BHAVNAGAR-8326,Water Body Rejuvenation,AMRIT SAROVAR : BOR  TALAV - SIDSAR AT BHAVANAGAR MUNICIPAL CORPORATION ,01-07-2024,Sandip Vadher,Dy. Team leader,70439 03718,gujarat.blg@gmail.com,Shree Chiragbhai Gohel,8780597655,waterworksbmc@gmail.com,Submitted,Submitted,Save As Draft,Sent to State,Submitted,Report Submitted,Yes,Rectification work is not satisfactory.,Q2 - 2024-2025,,,,,
751,GUJARAT,BHAVNAGAR,GJ-BHAVNAGAR-8334,Water Body Rejuvenation,AMRIT SAROVAR :  TABUDI TALAV AT BHAVANAGAR MUNICIPAL CORPORATION ,03-08-2024,Sandip Vadher,Dy. Team leader,70439 03718,gujarat.blg@gmail.com,Shree Chiragbhai Gohel,8780597655,waterworksbmc@gmail.com,Submitted,Submitted,Save As Draft,Sent to State,Submitted,Report Submitted,Yes,Compliance accepted. ,Q2 - 2024-2025,,,,,
752,GUJARAT,BHAVNAGAR,GJ-BHAVNAGAR-8339,Water Body Rejuvenation,AMRIT SAROVAR : PURNA TALAV- RUVA AT BHAVANAGR MUNICIPAL CORPORTATION ,07-08-2024,Sandip Vadher,Dy. Team leader,70439 03718,gujarat.blg@gmail.com,Shree Chiragbhai Gohel,8780597655,waterworksbmc@gmail.com,Submitted,Submitted,Save As Draft,Sent to State,Submitted,Report Submitted,Yes,Compliance accepted,Q2 - 2024-2025,,,,,
753,GUJARAT,BHAVNAGAR,GJ-BHAVNAGAR-8343,Water Body Rejuvenation,AMRIT SAROVAR : HAJURIYA TALAV -RUVA  AT BHAVANAGR MUNICIPAL CORPORTATION ,07-08-2024,Sandip Vadher,Dy. Team leader,70439 03718,gujarat.blg@gmail.com,Shree Chiragbhai Gohel,8780597655,waterworksbmc@gmail.com,Submitted,Submitted,Save As Draft,Sent to State,Submitted,Report Submitted,Yes,Compliance will be considered complete when photos of the rectified work carried out are attached.,Q2 - 2024-2025,,,,,
754,GUJARAT,BHAVNAGAR,GJ-BHAVNAGAR-8348,Water Body Rejuvenation,AMRIT SAROVAR: ZANZARIYA TALAV-ADHEWADA AT BHAVANAGR MUNICIPAL CORPORTATION ,29-07-2024,Sandip Vadher,Dy. Team leader,70439 03718,gujarat.blg@gmail.com,Shree Chiragbhai Gohel,8780597655,waterworksbmc@gmail.com,Submitted,Submitted,Save As Draft,Sent to State,Submitted,Report Submitted,Yes,"No action required, as comments are informative in nature.",Q2 - 2024-2025,,,,,
755,GUJARAT,BHAVNAGAR,GJ-BHAVNAGAR-9872,Water Supply,AMRUT 2.0 : WATER SUPPLY SCHEME AT BHAVANAGR MUNICIPAL CORPORATION,29-06-2024,Sandeep Vadher,Team Leader,7043903718,vadher.sandip@gmail.com,Amitkumar padsala,9978420402,city.bmc@gmail.com,Submitted,Save As Draft,Save As Draft,Sent to State,Submitted,Report Submitted,Yes,"No action required, comments are only for providing information.",Q1 - 2024-2025,,,,,
756,GUJARAT,BHAVNAGAR,GJ-BHAVNAGAR-9875,Sewerage & Septage Management,AMRUT 2.0 : UNDERGROUND DRAINAGE NETWORK AT BMC,24-03-2025,Sandip Vadher,Team Leader,7043903718,gujarat.blg@gmail.com,Amit Padsarkar,9978420402,yojana11bhavnagar@gmail.com,Submitted,Submitted,Save As Draft,Sent to State,Submitted,Report Submitted,Yes,Informative comment. No action needed.,Q4 - 2024-2025,,,,,
757,GUJARAT,BHAVNAGAR,GJ-BHAVNAGAR-9878,Sewerage & Septage Management,AMRUT 2.0 : UGD NETWORK AT BMC,03-08-2024,Sandip Vadher,Dy. Team Leader,7043903718,gujarat.blg@gmail.com,Mr.Amit ,9978420402,waterworksbmc@gmail.com,Submitted,Submitted,Save As Draft,Sent to State,Submitted,Report Submitted,Yes,Compliance accepted.,Q2 - 2024-2025,,,,,
758,GUJARAT,BHAVNAGAR,GJ-BHAVNAGAR-9879,Water Supply,AMRUT 2.0 : WATER SUPPLY SCHEME AT BMC,29-07-2024,Sandeep Vadher,Team Leader,7043903718,vadher.sandip@gmail.com,Vishva Patel,9925185899,city.bmc@gmail.com,Submitted,Submitted,Save As Draft,Sent to State,Submitted,Report Submitted,Yes,Informative comment. No action required.,Q2 - 2024-2025,,,,,
759,GUJARAT,BHAVNAGAR,GJ-BHAVNAGAR-9880,Water Supply,AMRUT 2.0 : WATER SUPPLY STORAGE SCHEME AT BHAVANAGR MUNICIPAL CORPORATION,24-03-2025,Sandip Vadher,Team Leader,7043903718,gujarat.blg@gmail.com,Tushar bhai,8000995953,waterworksbmc@gmail.com,Submitted,Submitted,Save As Draft,Sent to State,Submitted,Report Submitted,Yes,Informative comment. No action needed.,Q4 - 2024-2025,,,,,
760,GUJARAT,BHAVNAGAR,GJ-BHAVNAGAR-9882,Water Supply,AMRUT 2.0 : WATER SUPPLY AT BHAVANAGAR MUNICIPAL CORPORATION,07-08-2024,Sandeep Vadher,Team Leader,7043903718,vadher.sandip@gmail.com,C.C. Devmurari,9879525199,city.bmc@gmail.com,Submitted,Submitted,Save As Draft,Sent to State,Submitted,Report Submitted,Yes,Informative comment.,Q2 - 2024-2025,,,,,
761,GUJARAT,BHAVNAGAR,GJ-BHAVNAGAR-9883,Water Supply,AMRUT 2.0 : WATER SUPPLY SYSTEM AT BHAVANAGAR MUNICIPAL CORPORATION,01-07-2024,Sandeep Vadher,Team Leader,7043903718,vadher.sandip@gmail.com,Vinay Patel,9978789714,city.bmc@gmail.com,Submitted,Submitted,Save As Draft,Sent to State,Submitted,Report Submitted,Yes,Compliance accepted.,Q2 - 2024-2025,,,,,
762,GUJARAT,BHAVNAGAR,GJ-BHAVNAGAR-9884,Water Supply,AMRUT 2.0 : BHAVANAGAR MUNICIPAL CORPORATION WATER SUPPLY SCHEME,01-07-2024,Sandeep Vadher,Team Leader,7043903718,vadher.sandip@gmail.com,Tusharbhai Matholiya,8000995953,city.bmc@gmail.com,Submitted,Submitted,Save As Draft,Sent to State,Submitted,Report Submitted,Yes,Informative comment.,Q2 - 2024-2025,,,,,
763,GUJARAT,BHAVNAGAR,GJ-BHAVNAGAR-9885,Water Supply,AMRUT 2.0 : BHAVANAGAR MUNICIPAL CORPORATION WATER SUPPLY STORAGE,05-08-2024,Sandeep Vadher,Team Leader,7043903718,vadher.sandip@gmail.com,Mr.Tushar Patel,8000995953,city.bmc@gmail.com,Submitted,Submitted,Save As Draft,Sent to State,Submitted,Report Submitted,Yes,Informative comment. No action required.,Q2 - 2024-2025,,,,,
764,GUJARAT,BHAVNAGAR,GJ-BHAVNAGAR-9890,Sewerage & Septage Management,AMRUT 2.0 : BHAVANGAR NAGAR PALIKA UGD NETWORK,29-07-2024,Sandip vadher,Dy. Team Leader,7043903718,gujarat.blg@gmail.com,I.R.Rathwa,9974059448,bmcdrainage@gmail.com,Submitted,Submitted,Save As Draft,Sent to State,Submitted,Report Submitted,Yes,Compliance accepted.,Q2 - 2024-2025,,,,,
765,GUJARAT,BHAVNAGAR,GJ-BHAVNAGAR-11862,Parks & Green Space Development,AMRUT 2.0 : GARDEN DEVELOPMENT AT MAHILA CIRCLE BMC.,01-07-2024,Sandeep Vadher,Team Leader,7043903718,vadher.sandip@gmail.com,Tushar matholiya,8000995953,city.bmc@gmail.com,Submitted,Submitted,Save As Draft,Sent to State,Submitted,Report Submitted,Yes,Informative comment. No action required.,Q2 - 2024-2025,,,,,
766,GUJARAT,BHAVNAGAR,GJ-BHAVNAGAR-11863,Parks & Green Space Development,AMRUT 2.0: GARDEN DEVELOPMENT AT SIDSAR TPS - 6 BMC,05-08-2024,Sandeep Vadher,Team Leader,7043903718,vadher.sandip@gmail.com,Tushar matholiya,8000995953,city.bmc@gmail.com,Submitted,Save As Draft,Save As Draft,Sent to State,Submitted,Pending to be Submitted,Yes,,Q2 - 2024-2025,,,,,
767,GUJARAT,BHAVNAGAR,GJ-BHAVNAGAR-14050,Water Supply,"AMRUT 2.0: TRANCH 3: BMC : Construction of Intake Well , Gaurishankar Lake",01-07-2024,Sandeep Vadher,Team Leader,7043903718,vadher.sandip@gmail.com,Vishva Patel,9925185899,city.bmc@gmail.com,Submitted,Submitted,Save As Draft,Sent to State,Submitted,Report Submitted,Yes,Compliance accepted.,Q2 - 2024-2025,,,,,
768,GUJARAT,BHAVNAGAR,GJ-BHAVNAGAR-14055,Sewerage & Septage Management,AMRUT 2.0: TRANCH 3 : Upgradation of Sewerage Network within Bhavnagar Municipal Corporation,03-08-2024,Sandip Vadher,Dy. Team Leader,7043903718,gujarat.blg@gmail.com,Amitbhai Padsar,9974842040,yojana11bhavnagar@gmail.com,Submitted,Submitted,Save As Draft,Sent to State,Submitted,Report Submitted,Yes,Informative comment. No action needed.,Q2 - 2024-2025,,,,,
769,GUJARAT,BHAVNAGAR,GJ-BHAVNAGAR-14559,Water Supply,AMRUT 2.0: TREANCH 3: BMC WATER TREATEMENT PLANT HAVING CAPACITY 35 MLD  AT TARASAMIYA,05-08-2024,test,test,test,test@gmail.com,test,test,test@gmail.com,Submitted,Submitted,Save As Draft,Sent to State,Submitted,Report Submitted,Yes,Informative comment. No action required.,Q2 - 2024-2025,,,,,
770,GUJARAT,BHAVNAGAR,GJ-BHAVNAGAR-18399,Water Supply,AMRUT 2.0 Water distribution network,24-06-2025,Sandip Vadher,Team Leader,7043903718,gujarat.blg@gmail.com,CHANDRASINH  GOHIL,9723629187,waterworksbmc@gmail.com,Submitted,Submitted,Save As Draft,Sent to State,Submitted,Report Submitted,Yes,Informative comment.,Q1 - 2025-2026,,,,,
771,GUJARAT,SIHOR,GJ-SIHOR-5321,Water Supply,Water Supply Scheme Shihor Nagarpalika Nal  Se Jal,02-09-2024,Sandip Vadher ,Dy Team leader,7043903718,gujarat.blg@gmail.com,Nitin bhai,9662593399,sihor_nagarpalika@yahoo.com,Submitted,Submitted,Save As Draft,Sent to State,Submitted,Report Submitted,Yes,Informative comment.,Q2 - 2024-2025,,,,,
772,GUJARAT,SIHOR,GJ-SIHOR-8292,Water Body Rejuvenation,"AMRUT 2.0  : REJUVENATION OF GAUTAMESHWAR TALAV, SIHOR",02-09-2024,Sandip Vadher ,Dy Team leader,7043903718,gujarat.blg@gmail.com,Nitin bhai,9662593399,sihor_nagarpalika@yahoo.com,Submitted,Submitted,Save As Draft,Sent to State,Submitted,Report Submitted,Yes,The concerned authority need to intervene to resolve the local issue.,Q2 - 2024-2025,,,,,
773,GUJARAT,SIHOR,GJ-SIHOR-11011,Parks & Green Space Development,"AMRUT 2.0 : DEVELOPEMENT OF GARDEN AT GAUTAM BAG, SIHOR",02-09-2024,Sandip Vadher ,Dy Team leader,7043903718,gujarat.blg@gmail.com,Nitin bhai,9662593399,sihor_nagarpalika@yahoo.com,Submitted,Submitted,Save As Draft,Sent to State,Submitted,Report Submitted,Yes,The concerned authority need to intervene to resolve the local issue so that there is no further delay.,Q2 - 2024-2025,,,,,
774,GUJARAT,SIHOR,GJ-SIHOR-14430,Water Supply,AMRUT 2.0: TRANCHE 3: Augmentation and Water supply scheme up-gradation for Sihor,02-09-2024,Sandip Vadher ,Dy Team leader,7043903718,gujarat.blg@gmail.com,Nitin bhai,9662593399,sihor_nagarpalika@yahoo.com,Submitted,Save As Draft,Save As Draft,Sent to State,Submitted,Report Submitted,Yes,Informative comment. No action needed.,Q2 - 2024-2025,,,,,
775,GUJARAT,GARIYADHAR,GJ-GARIYADHAR-5471,Water Supply,WATER SUPPLY SCHEME NAL SE JAL GARIYADHAR NAGARPALIKA,27-06-2024,Sandip Vadher,Team Leader,7043903718,vadher.sandip@gmail.com,Dhaval Chauhan,8460916484,np_gariyadhar@yahoo.co.in,Submitted,Submitted,Save As Draft,Sent to State,Submitted,Report Submitted,Yes,Compliance accepted.,Q1 - 2024-2025,,,,,
776,GUJARAT,GARIYADHAR,GJ-GARIYADHAR-10436,Water Supply,WATER SUPPLY SCHEME AT GARIYADHAR NAGARPALIKA,11-12-2024,Sandip Vadher,Team Leader,7043903718,gujarat.blg@gmail.com,Harshad  Bhai,9090448246,np_gariyadhar@yahoo.co.in,Submitted,Save As Draft,Save As Draft,Sent to State,Submitted,Report Submitted,Yes,Informative comment. No action required.,Q3 - 2024-2025,,,,,
777,GUJARAT,PALITANA,GJ-PALITANA-5402,Water Supply,Palitana NagarPalika Water Supply Scheme Nal se Jal,27-06-2024,Sandip Vadher,Team Leader,7043903718,vadher.sandip@gmail.com,Gaurav Kanada,8000396339,np_palitana@yahoo.co.in,Submitted,Submitted,Save As Draft,Sent to State,Submitted,Report Submitted,Yes,Compliance accepted.,Q1 - 2024-2025,,,,,
778,GUJARAT,PALITANA,GJ-PALITANA-11018,Water Supply,AMRUT 2.0 : WATER SUPPLY SCHEME AT PALITANA NAGARPALIKA,28-02-2025,Ghanshyam Bhalgama,Technical Expert,9687228433,gujarat.blg@gmail.com,Gaurav Kanada team,8000396339,np_palitana@yahoo.co.in,Submitted,Save As Draft,Save As Draft,Sent to State,Submitted,Report Submitted,Yes,Informative comment. No action needed.,Q4 - 2024-2025,,,,,
779,GUJARAT,PALITANA,GJ-PALITANA-11838,Water Body Rejuvenation,AMRUT 2.0 : WB REJUVENATION OF BHAVANI TALAV AT -PALITANA NAGARPALIKA,28-02-2025,Ghanshyam Bhalgama,Technical Expert,9687228433,gujarat.blg@gmail.com,Gaurav Kanada,8000396339,np_palitana@yahoo.co.in,Submitted,Save As Draft,Save As Draft,Sent to State,Submitted,Report Submitted,Yes,Informative comment. No action needed.,Q4 - 2024-2025,,,,,
780,GUJARAT,PALITANA,GJ-PALITANA-14428,Water Supply,AMRUT 2.0: TRANCHE 3: Augmentation and Water supply scheme up-gradation for Palitana Nagarpalika under SWAP-3,28-02-2025,Ghanshyam Bhalgama,Technical Expert,9687228433,gujarat.blg@gmail.com,Gaurav Kanada,8000396339,np_palitana@yahoo.co.in,Submitted,Save As Draft,Save As Draft,Sent to State,Submitted,Report Submitted,Yes,Informative comment.,Q4 - 2024-2025,,,,,
781,GUJARAT,TALAJA,GJ-TALAJA-5469,Water Supply,TALAJA NAGARPALIKA WATER DISTRIBUTION PROJECT,02-09-2024,Sandip Vadher,Dy. Team Leader,7043903718,gujarat.blg@gmail.com,Mayur bhai,7203004017,nptalala@yahoo.com,Submitted,Save As Draft,Save As Draft,Sent to State,Submitted,Report Submitted,Yes,Informative comment. No action needed.,Q2 - 2024-2025,,,,,
782,GUJARAT,MAHUVA,GJ-MAHUVA-5387,Water Supply,WATER SUPPLY PROJECT MAHUVA NAGARPALIKA - NAL SE JAL,27-06-2024,Sandip Vadher,Team Leader,7043903718,vadher.sandip@gmail.com,Nayan Parmar,7285013365,contact@gudcltd.com,Submitted,Submitted,Save As Draft,Sent to State,Submitted,Report Submitted,Yes,Compliance accepted.,Q1 - 2024-2025,,,,,
783,GUJARAT,SOJITRA,GJ-SOJITRA-10604,Water Body Rejuvenation,AMRUT 2.0: Water Body Rejuvenation of Moglai Talav in Sojitra,30-09-2024,Mr Ghanshyam Bhalgama,TEchnical Expert,9687228433,gujarat.blg@gmail.com,Kinjal Pithadiya,8320339594,np_sojitra@hotmail.com,Submitted,Save As Draft,Save As Draft,Sent to State,Submitted,Report Submitted,Yes,Informative comment.,Q2 - 2024-2025,,,,,
784,GUJARAT,SOJITRA,GJ-SOJITRA-10607,Parks & Green Space Development,AMRUT 2.0: DEVELOPMENT OF GARDEN BEHIND MAMLATDAR OFFICE IN SOJITRA NAGARPALIKA,17-03-2025,Ghanshyam Bhalgama,Technical Expert,9687228433,gujarat.blg@gmail.com,Kinjal Pithdiya,8320339594,np_sojitra@hotmail.com,Submitted,Submitted,Save As Draft,Sent to State,Submitted,Report Submitted,Yes,Compliance accepted.,Q4 - 2024-2025,,,,,
785,GUJARAT,UMRETH,GJ-UMRETH-8107,Water Body Rejuvenation,AMRUT 2.0  MALAVA TALAV AT UMRETH NAGARPALIKA,30-09-2024,Ghanshyam Bhalgama,Technical Expert,9687228433,gujarat.blg@gmail.com,Piyank S Patel,9512287544,np_umreth@yahoo.co.in,Submitted,Submitted,Save As Draft,Sent to State,Submitted,Report Submitted,Yes,Compliance accepted.,Q2 - 2024-2025,,,,,
786,GUJARAT,UMRETH,GJ-UMRETH-10940,Water Supply,AMRUT 2.0 :WATER SUPPLY PROJECT UMRETH MUNICIPALITY,01-10-2024,Mr Ghanshyam Bhalgama,Technical Expert,9687228433,gujarat.blg@gmail.com,Virendrasinh Rathod,8200909765,piuvadodara-gudc@gujarat.gov.in,Submitted,Save As Draft,Save As Draft,Sent to State,Submitted,Report Submitted,Yes,Compliance accepted.,Q3 - 2024-2025,,,,,
787,GUJARAT,BORIYAVI,GJ-BORIYAVI-6487,Water Supply,AMRUT 2.0 : WATER SUPPLY PROJECT IN BORIYAVI MUNICIPALITY,30-08-2024,Ghanshyam Bhalgama,Technical Expert,9687228433,gujarat.blg@gmail.com,Shridhan Trivedi,8460504454,piuvadodara-gudc@gujarat.gov.in,Submitted,Submitted,Save As Draft,Sent to State,Submitted,Report Submitted,Yes,Compliance accepted.,Q2 - 2024-2025,,,,,
788,GUJARAT,BORIYAVI,GJ-BORIYAVI-10586,Parks & Green Space Development,AMRUT 2.0: DEVELOPMENT OF GARDEN NEAR VERAI MATA TEMPLE IN BORIYAVI MUNICIPALITY,30-08-2024,Ghanshyam Bhalgama,Technical Expert,9687228433,gujarat.blg@gmail.com,Kalanidhi Chaudhari,6359470655,boriavinagarpalika@yahoo.com,Submitted,Submitted,Save As Draft,Sent to State,Submitted,Report Submitted,Yes,Compliance accepted.,Q2 - 2024-2025,,,,,
789,GUJARAT,BORIYAVI,GJ-BORIYAVI-10589,Water Body Rejuvenation,AMRUT 2.0 : TRANCHE 2.0 : REJUVENATION OF BORIYAVI TALAV PHASE-2 IN BORIYAVI MUNICIPALITY,30-08-2024,Ghanshyam Bhalgama,Technical Expert,9687228433,gujarat.blg@gmail.com,Kalanidhi Chaudhari,6359470655,boriavinagarpalika@yahoo.com,Submitted,Submitted,Save As Draft,Sent to State,Submitted,Report Submitted,Yes,Compliance accepted. ,Q2 - 2024-2025,,,,,
790,GUJARAT,ODE,GJ-ODE-4865,Water Supply,RCC ESR AND DISTRIBUTION NETWORK AT ODE NAGARPALIKA,13-12-2024,Mr Ghanshyam Bhalgama,Technical Expert,9687228433,gujarat.blg@gmail.com,Virendrasinh Rathod,8200909765,piuvadodara-gudc@gujarat.gov.in,Submitted,Submitted,Save As Draft,Sent to State,Submitted,Report Submitted,Yes,The comment is for providing information.,Q3 - 2024-2025,,,,,
791,GUJARAT,ODE,GJ-ODE-8433,Water Body Rejuvenation,AMRUT 2.0 : VIJASAR TALAV AT ODE NAGARPALIKA,30-09-2024,Ghanshyam Bhalgama,Technical Expert,9687228433,gujarat.blg@gmail.com,Vaishaliben Kanodiya,8320528875,np_oad@yahoo.co.in,Submitted,Submitted,Save As Draft,Sent to State,Submitted,Report Submitted,Yes,Compliance accepted.,Q2 - 2024-2025,,,,,
792,GUJARAT,ODE,GJ-ODE-11375,Water Supply,"AMRUT-2.0: TRANCHE - 3: Augmentation of Present Water Supply Scheme for Ode Municipality, Ode.",01-10-2024,Mr Ghanshyam Bhalgama,Technical Expert,9687228433,gujarat.blg@gmail.com,Virendrasinh Rathod,8200909765,piuvadodara-gudc@gujarat.gov.in,Submitted,Save As Draft,Save As Draft,Sent to State,Submitted,Report Submitted,Yes,"Informative comment, as the purpose of the comment is to provide information.",Q3 - 2024-2025,,,,,
793,GUJARAT,ANAND,GJ-ANAND-2775,Water Supply,Anand Water Supply Scheme Nal Se Jal,30-08-2024,Ghanshyam Bhalgama,Technical Expert,9687228433,gujarat.blg@gmail.com,Laxmansinh Dabhi,9737042039,piuvadodara-gudc@gujarat.gov.in,Submitted,Submitted,Save As Draft,Sent to State,Submitted,Report Submitted,Yes,Compliance accepted. ,Q2 - 2024-2025,,,,,
794,GUJARAT,ANAND,GJ-ANAND-3400,Water Body Rejuvenation,Development of Kanod Taval at Anand Municipality,30-08-2024,Ghanshyam Bhalgama,Technical Expert,9687228433,gujarat.blg@gmail.com,Pinal Sangani,7878139223,anand_nagarpalika@yahoo.co.in,Submitted,Submitted,Save As Draft,Sent to State,Submitted,Report Submitted,Yes,Compliance Accepted.,Q2 - 2024-2025,,,,,
795,GUJARAT,ANAND,GJ-ANAND-3412,Sewerage & Septage Management,Sewerage Management Project-Phase-2 at Anand Municipality,30-08-2024,Ghanshyam Bhalgama,Technical Expert,9687228433,gujarat.blg@gmail.com,Laxmansinh Dabhi,9737042039,anand_nagarpalika@yahoo.co.in,Submitted,Submitted,Save As Draft,Sent to State,Submitted,Report Submitted,Yes,Compliance accepted.,Q2 - 2024-2025,,,,,
796,GUJARAT,ANAND,GJ-ANAND-3420,Parks & Green Space Development,"Development of Garden, TP-9, FP-301 in Anand Municipality",30-08-2024,Ghanshyam Bhalgama,Technical Expert,9687228433,gujarat.blg@gmail.com,Pinal Sangani,7878139223,anand_nagarpalika@yahoo.co.in,Submitted,Submitted,Save As Draft,Sent to State,Submitted,Report Submitted,Yes,Compliance accepted.,Q2 - 2024-2025,,,,,
797,GUJARAT,ANAND,GJ-ANAND-10108,Water Body Rejuvenation,AMRUT 2.0 : PHASE II: Development of Kanod Taval Phase 2 at Anand Municipality,30-08-2024,Ghanshyam Bhalgama,Technical Expert,9687228433,gujarat.blg@gmail.com,Pinal Sangani,7878139223,anand_nagarpalika@yahoo.co.in,Submitted,Save As Draft,Save As Draft,Sent to State,Submitted,Report Submitted,Yes,Compliance accepted.,Q2 - 2024-2025,,,,,
798,GUJARAT,ANAND,GJ-ANAND-10115,Sewerage & Septage Management,AMRUT 2.0 : TRANSMMISION NETWORK OF TREATED WATER FROM LAMBHVEL STP TO GOYA TALAV IN ANAND,30-08-2024,Ghanshyam Bhalgama,Technical Expert,9687228433,gujarat.blg@gmail.com,Shailesh Bhatt,8469602898,piuvadodara-gudc@gujarat.gov.in,Submitted,Save As Draft,Save As Draft,Sent to State,Submitted,Report Submitted,Yes,Informative comment. No action required.,Q2 - 2024-2025,,,,,
799,GUJARAT,ANAND,GJ-ANAND-10120,Sewerage & Septage Management,AMRUT 2.0 AUGMENTATION OF SEWERAGE PUMPING STATIONS 3 NOS. IN ANAND MUNICIPALITY,30-08-2024,Ghanshyam Bhalgama,Technical Expert,9687228433,gujarat.blg@gmail.com,Pinal Sangani,7878139223,anand_nagarpalika@yahoo.co.in,Submitted,Submitted,Save As Draft,Sent to State,Submitted,Report Submitted,Yes,Compliance accepted.,Q2 - 2024-2025,,,,,
800,GUJARAT,ANAND,GJ-ANAND-10124,Sewerage & Septage Management,"AMRUT 2.0 : CONTRUCTION OF NEW STP- 10 MLD at T.P. 10, F.P.NO.248 IN ANAND MUNICIPALITY.",26-12-2024,Ghanshyam Bhalgama,Technical Expert,9687228433,gujarat.blg@gmail.com,Shailesh Bhatt,8469602898,piuvadodara-gudc@gujarat.gov.in,Submitted,Submitted,Save As Draft,Sent to State,Submitted,Report Submitted,Yes,Informative comment.,Q3 - 2024-2025,,,,,
801,GUJARAT,ANAND,GJ-ANAND-10130,Sewerage & Septage Management,AMRUT 2.0 :SEWER RAISING MAIN LINE FROM LOTIYA BHAGOL PUMPING STATION TO T.P-8 STP IN ANAND MUNICIPALITY,26-12-2024,Ghanshyam Bhalgama,Technical Expert,9687228433,gujarat.blg@gmail.com,Shailesh Bhatt,8469602898,piuvadodara-gudc@gujarat.gov.in,Submitted,Submitted,Save As Draft,Sent to State,Submitted,Report Submitted,Yes,Informative comment. No action required.,Q3 - 2024-2025,,,,,
802,GUJARAT,ANAND,GJ-ANAND-11300,Parks & Green Space Development,"AMRUT 2.0: Development of Garden Phase-2, TP-9, FP-301 in Anand Municipality",30-08-2024,Ghanshyam Bhalgama,Technical Expert,9687228433,gujarat.blg@gmail.com,Pinal Sangani,7878139223,anand_nagarpalika@yahoo.co.in,Submitted,Submitted,Save As Draft,Sent to State,Submitted,Report Submitted,Yes,Compliance accepted. ,Q2 - 2024-2025,,,,,
803,GUJARAT,KARAMSAD,GJ-KARAMSAD-4829,Water Supply,Water Supply Scheme Karamsad Nagarpalika,31-08-2024,Ghanshyam Bhalgama,Technical Expert,9687228433,gujarat.blg@gmail.com,Shailesh Bhai Bhatt,84696 02898,piuvadodara-gudc@gujarat.gov.in,Submitted,Save As Draft,Save As Draft,Sent to State,Submitted,Report Submitted,Yes,Compliance Accepted.,Q2 - 2024-2025,,,,,
804,GUJARAT,KARAMSAD,GJ-KARAMSAD-4846,Water Body Rejuvenation,Water Body Rejuvenation Karamsad Nagarpalika,31-08-2024,Ghanshyam Bhalgama,Technical Expert,9687228433,gujarat.blg@gmail.com,Vijay Bariya,9428012015,np_ksad@yahoo.co.in,Submitted,Submitted,Save As Draft,Sent to State,Submitted,Report Submitted,Yes,"The concerned authority must intervene to reach a conclusive stage. The deadline for completion passed over a year ago, yet the project is still not finished. Details for time limit extension and an updated work plan needs to be submitted.",Q2 - 2024-2025,,,,,
805,GUJARAT,KARAMSAD,GJ-KARAMSAD-10511,Water Body Rejuvenation,AMRUT 2.0:  PHASE II: Water Body Rejuvenation Karamsad Nagarpalika,31-08-2024,Ghanshyam Bhalgama,Technical Expert,9687228433,gujarat.blg@gmail.com,Vijay Bariya,9428012015,np_ksad@yahoo.co.in,Submitted,Submitted,Save As Draft,Sent to State,Submitted,Report Submitted,Yes,Compliance accepted.,Q2 - 2024-2025,,,,,
806,GUJARAT,PETLAD,GJ-PETLAD-4711,Water Supply,Petlad Nagarpalika Water supply project,30-09-2024,Ghanshyam Bhalgama,Technical Expert,9687228433,gujarat.blg@gmail.com,Devayat Kamaliya,9510706070,np_petlad@yahoo.co.in,Submitted,Submitted,Save As Draft,Sent to State,Submitted,Report Submitted,Yes,"An application should be submitted to the RCM for an extension of the time limit, and the status should be shared with IRMA. Compliance accepted.",Q2 - 2024-2025,,,,,
807,GUJARAT,PETLAD,GJ-PETLAD-5332,Water Body Rejuvenation,AMRUT 2.0 : Rejuvenation of Dhobikund Talav in Petlad Muncipality,30-09-2024,Mr. Ghanshyam Bhalgama,Technical Expert,9687228433,gujarat.blg@gmail.com,Devayat Kamaliya,9510706070,np_petlad@yahoo.co.in,Submitted,Submitted,Save As Draft,Sent to State,Submitted,Report Submitted,Yes,Compliance Accepted,Q2 - 2024-2025,,,,,
808,GUJARAT,PETLAD,GJ-PETLAD-10688,Water Supply,AMRUT 2.0 : SURFACE WATER SUPPLY PROJECT PHASE-2 IN PETLAD MUNICIPALITY,30-09-2024,Ghanshyam Bhalgama,Technical Expert,9687228433,gujarat.blg@gmail.com,Shridhanbhai,9408638552,piuvadodara-gudc@gujarat.gov.in,Submitted,Submitted,Save As Draft,Sent to State,Submitted,Report Submitted,Yes,Informative comment. No action needed.,Q2 - 2024-2025,,,,,
809,GUJARAT,PETLAD,GJ-PETLAD-11788,Parks & Green Space Development,AMRUT 2.0 : Petlad Nagarpalika Garden Devoplment at Purananad Society.,30-09-2024,Mr. Ghanshyam Bhalgama,Technical Expert,9687228433,gujarat.blg@gmail.com,Devayat Kamaliya,9510706070,np_petlad@yahoo.co.in,Submitted,Submitted,Save As Draft,Sent to State,Submitted,Report Submitted,Yes,Informative comment.,Q2 - 2024-2025,,,,,
810,GUJARAT,KHAMBHAT,GJ-KHAMBHAT-5365,Water Supply,KHAMBHAT WATER SUPPLY NAL SE JAL,30-09-2024,Mr. Ghanshyam Bhalgama,Technical Expert,9687228433,gujarat.blg@gmail.com,Shridhanbhai,9408638552,piuvadodra-gudc@gujarat.gov.in,Submitted,Submitted,Save As Draft,Sent to State,Submitted,Report Submitted,Yes,Informative comment. No  action required.,Q2 - 2024-2025,,,,,
811,GUJARAT,KHAMBHAT,GJ-KHAMBHAT-5400,Water Body Rejuvenation,NARESHWAR LAKE DEVELOPMENT ,30-09-2024,Mr. Ghanshyam Bhalgama,Technical Expert,9687228433,gujarat.blg@gmail.com,Praful Jadhav,8200834126,np_khambhat@yahoo.co.in,Submitted,Save As Draft,Save As Draft,Sent to State,Submitted,Report Submitted,Yes,"Compliance accepted.
",Q2 - 2024-2025,,,,,
812,GUJARAT,KHAMBHAT,GJ-KHAMBHAT-8185,Water Body Rejuvenation,"AMRIT SAROVAR: NARESHWAR LAKE DEVELOPMENT PHASE-2, KHAMBHAT",30-09-2024,Mr. Ghanshyam Bhalgama,Technical Expert,9687228433,gujarat.blg@gmail.com,Praful Jadhav,8200834126,np_khambhat@yahoo.co.in,Submitted,Save As Draft,Save As Draft,Sent to State,Submitted,Report Submitted,Yes,Compliance Accepted,Q2 - 2024-2025,,,,,
813,GUJARAT,KHAMBHAT,GJ-KHAMBHAT-10939,Water Supply,AMRUT 2.0 : WATER SUPPLY PROJECT PHASE-2 KHAMBHAT MUNICIPALITY,30-09-2024,Mr. Ghanshyam Bhalgama,Technical Expert,9687228433,gujarat.blg@gmail.com,Shridhanbhai ,9408638552,piuvadodara-gudc@gujarat.gov.in,Submitted,Submitted,Save As Draft,Sent to State,Submitted,Report Submitted,Yes,Informative comment. No action required.,Q2 - 2024-2025,,,,,
814,GUJARAT,BORSAD,GJ-BORSAD-5424,Water Supply,Providing and laying Water distribution pipeline at various areas in Borsad Nagarpalika,31-08-2024,Ghanshyam Bhalgama,Technical Expert,9687228433,gujarat.blg@gmail.com,Shailesh Bhai Bhatt, 84696 02898,piuvadodara-gudc@gujarat.gov.in,Submitted,Save As Draft,Save As Draft,Sent to State,Submitted,Report Submitted,Yes,Informative comment.,Q2 - 2024-2025,,,,,
815,GUJARAT,BORSAD,GJ-BORSAD-5446,Parks & Green Space Development,Development and extension of municipal garden existing at TP-1 F.P. no 53,31-08-2024,Ghanshyam Bhalgama,Technical Expert,9687228433,gujarat.blg@gmail.com,Tafzul Pathan,7016722867,np_borsad@yahoo.co.in,Submitted,Save As Draft,Save As Draft,Sent to State,Submitted,Report Submitted,Yes,Informative comment.,Q2 - 2024-2025,,,,,
816,GUJARAT,BORSAD,GJ-BORSAD-10598,Water Supply,AMRUT 2.0 :WATER  SUPPLY SCHEME AT BORSAD NAGARPALIKA (NEAR VRUNDAVAN SOCIETY),31-08-2024,Ghanshyam Bhalgama,Technical Exper,9687228433,gujarat.blg@gmail.com,Tafzul Pathan,7016722867,np_borsad@yahoo.co.in,Submitted,Submitted,Save As Draft,Sent to State,Submitted,Report Submitted,Yes,Compliance accepted.,Q2 - 2024-2025,,,,,
817,GUJARAT,BORSAD,GJ-BORSAD-14130,Water Supply,AMRUT 2.0 : TRENCH 3 : BORSAD WATER SUPPLY SCHEME,31-08-2024,Ghanshyam Bhalgama,Technical Expert,9687228433,gujarat.blg@gmail.com,Shailesh Bhai Bhatt,84696 02898,piuvadodara-gudc@gujarat.gov.in,Submitted,Save As Draft,Save As Draft,Sent to State,Submitted,Report Submitted,Yes,Informative comment.,Q2 - 2024-2025,,,,,
818,GUJARAT,ANKLAV,GJ-ANKLAV-4842,Water Supply,ANKLAV NAGARPALIKA WATER SUPPLY SCHEME,31-08-2024,Ghanshyam Bhalgama,Technical Expert,9687228433,gujarat.blg@gmail.com,Shailesh Bhai Bhatt,84696 02898,piuvadodara-gudc@gujarat.gov.in,Submitted,Submitted,Save As Draft,Sent to State,Submitted,Report Submitted,Yes,Compliance accepted.,Q2 - 2024-2025,,,,,
819,GUJARAT,ANKLAV,GJ-ANKLAV-10572,Water Body Rejuvenation,AMRUT 2.0:WATER BODY REJUVENATION IN ANKLAV NAGARPALIKA,31-08-2024,Ghanshyam Bhalgama,Technical Expert,9687228433,gujarat.blg@gmail.com,Jankhna D Sarvaiya,9898255868,np_anklav@yahoo.co.in,Submitted,Submitted,Save As Draft,Sent to State,Submitted,Report Submitted,Yes,Compliance accepted. ,Q2 - 2024-2025,,,,,
820,GUJARAT,KAPADWANJ,GJ-KAPADWANJ-5363,Water Supply,Water Supply Project Kapadwanj Nagarpalika - Nal Se Jal,01-08-2024,Sandip Vadher,Dy. Team leader,7043903718,gujarat.blg@gmail.com,Vishnubhai patel,9427855231,np_kapadvanj@yahoo.co.in,Submitted,Submitted,Save As Draft,Sent to State,Submitted,Report Submitted,Yes,"The comments are for the purpose of providing information. No action required.
",Q2 - 2024-2025,,,,,
821,GUJARAT,KAPADWANJ,GJ-KAPADWANJ-7918,Water Body Rejuvenation,"AMRUT 2.0 : REJUVENATION OF FULBAI MATA TALAV, KAPADWANJ MUNICIPALITY.",01-08-2024,Sandip Vadher,Dy. Team leader,7043903718,gujarat.blg@gmail.com,Nikul Rathod,7226863079,np_kapadvanj@yahoo.co.in,Submitted,Submitted,Save As Draft,Sent to State,Submitted,Report Submitted,Yes,Compliance Accepted,Q2 - 2024-2025,,,,,
822,GUJARAT,KAPADWANJ,GJ-KAPADWANJ-10367,Water Supply,AMRUT 2.0 : Water Supply Project in Kapadwanj Nagarpalika,01-08-2024,Sandip Vadher,Sandip Vadher,7043903718,gujarat.blg@gmail.com,Vishnubhai patel,9427855231,np_kapadvanj@yahoo.co.in,Submitted,Submitted,Save As Draft,Sent to State,Submitted,Report Submitted,Yes,Compliance accepted.,Q2 - 2024-2025,,,,,
823,GUJARAT,BALASINOR,GJ-BALASINOR-4631,Water Supply,BALASINOR WATER SUPPLY SCHEME NAL SE JAL,10-07-2024,Mr. Ghanshyam Bhalgama,Technical Expert,9687228433,gujarat.blg@gmail.com,Mr. Shailesh Bhatt,8469602898,piuvadodara-gudc@gujarat.gov.in,Submitted,Save As Draft,Save As Draft,Sent to State,Submitted,Pending to be Submitted,Yes,,Q2 - 2024-2025,,,,,
824,GUJARAT,BALASINOR,GJ-BALASINOR-11779,Water Supply,AUGMENTATION OF WATER SUPPLY SCHEME AT BALASINOR NAGARPALIKA,09-07-2024,Mr. Ghanshyam Bhalgama,Technical Expert,9687228433,gujarat.blg@gmail.com,Mr. Prakash Darji,7573807164,bnss_balasinor@yahoo.com,Submitted,Save As Draft,Save As Draft,Sent to State,Submitted,Pending to be Submitted,Yes,,Q2 - 2024-2025,,,,,
825,GUJARAT,BALASINOR,GJ-BALASINOR-11975,Water Body Rejuvenation,AMRUT 2.0 : TRANCHE 2.0 : REJUVENATION OF SUDARSHAN TALAV IN BALASINOR MUNICIPALITY,09-07-2024,Mr. Ghanshyam Bhalgama,Technical Expert,9687228433,gujarat.blg@gmail.com,Mr. Prakash Darj,7573807164,bnss_balasinor@yahoo.com,Submitted,Submitted,Save As Draft,Sent to State,Submitted,Report Submitted,Yes,Compliance accepted,Q2 - 2024-2025,,,,,
826,GUJARAT,KATHLAL,GJ-KATHLAL-4534,Parks & Green Space Development,New Garden At Kathlal Nagarpalika,01-05-2025,Mr. Ghanshyam Bhalgama,Technical Expert,9687228433,gujarat.blg@gmail.com,Mr. Vishwajitsinh Mahida,9033972330,kathlalnagarpalika2005@gmail.com,Save As Draft,Save As Draft,Save As Draft,Pending Sent to State,Pending Submitted,Pending to be Submitted,,,Q1 - 2025-2026,,,,,
827,GUJARAT,KATHLAL,GJ-KATHLAL-7933,Water Body Rejuvenation,"AMRUT 2.0 : REJUVENATION OF AJGAR TALAV, KATHLAL NAGARPALIKA.",26-07-2024,Mr. Ghanshyam Bhalgama,Technical Expert,9687228433,gujarat.blg@gmail.com,Mr. Vishwajitsinh Mahida,9033972330,kathlalnagarpalika2005@gmail.com,Submitted,Submitted,Save As Draft,Sent to State,Submitted,Report Submitted,Yes,Compliance Accepted,Q2 - 2024-2025,,,,,
828,GUJARAT,KATHLAL,GJ-KATHLAL-10343,Water Supply,"AMRUT 2.0 : TRANSMISSION LINE, REPAIRING OF WTP, PUMPING MACHINERY, DI PIPELINE NETWORK, REPAIRING OF STRUCTURES IN KATHLAL MUNICIPALITY",26-07-2024,Mr. Ghanshyam Bhalgama,Technical Expert,9687228433,gujarat.blg@gmail.com,Mr. Vishwajitsinh Mahida,9033972330,kathlalnagarpalika2005@gmail.com,Submitted,Submitted,Save As Draft,Sent to State,Submitted,Report Submitted,Yes,Compliance accepted.,Q2 - 2024-2025,,,,,
829,GUJARAT,KATHLAL,GJ-KATHLAL-10936,Parks & Green Space Development,AMRUT 2.0 : GREEN SPACE DEVELOPMENT NEAR MASANI MATA MANDIR KATHLAL NAGARPALIKA.,26-07-2024,Mr. Ghanshyam Bhalgama,Technical Expert,9687228433,gujarat.blg@gmail.com,Mr. Vishwajitsinh Mahida,9033972330,kathlalnagarpalika2005@gmail.com,Submitted,Submitted,Save As Draft,Sent to State,Submitted,Report Submitted,Yes,The concerned bodies should intervene to expediate the progress.,Q2 - 2024-2025,,,,,
830,GUJARAT,MEHEMDABAD,GJ-MEHEMDABAD-4714,Water Body Rejuvenation,Mahemdabad Nagarpalika Kumbharkhan Talav Water Body Rejuvenation,26-07-2024,Mr. Ghanshyam Bhalgama,Technical Expert,9687228433,gujarat.blg@gmail.com,Mr. Harshad Prajapati,9773407484,np_mbad@yahoo.co.in,Submitted,Submitted,Save As Draft,Sent to State,Submitted,Report Submitted,Yes,Informative comment. No action required.,Q2 - 2024-2025,,,,,
831,GUJARAT,MEHEMDABAD,GJ-MEHEMDABAD-4723,Parks & Green Space Development,Mahemdavad Nagarpalika Parks & Garden,26-07-2024,Mr. Ghanshyam Bhalgama,Technical Expert,9687228433,gujarat.blg@gmail.com,Mr. Harshad Prajapati,9773407484,np_mbad@yahoo.co.in,Submitted,Submitted,Save As Draft,Sent to State,Submitted,Report Submitted,Yes,Compliance accepted.,Q2 - 2024-2025,,,,,
832,GUJARAT,MEHEMDABAD,GJ-MEHEMDABAD-4735,Water Supply,Mahemdabad Nagarpalika Water Supply and Distribution Network,26-07-2024,Mr. Ghanshyam Bhalgama,Technical Expert,9687228433,gujarat.blg@gmail.com,Mr. Harshad Prajapati,9773407484,np_mbad@yahoo.co.in,Submitted,Submitted,Save As Draft,Sent to State,Submitted,Report Submitted,Yes,Compliance accepted.,Q2 - 2024-2025,,,,,
833,GUJARAT,MEHEMDABAD,GJ-MEHEMDABAD-7906,Water Body Rejuvenation,AMRUT 2.0 : Mahemdabad Nagarpalika Kumbharkhan Talav Water Body Rejuvenation,26-07-2024,Mr. Ghanshyam Bhalgama,Technical Expert,9687228433,gujarat.blg@gmail.com,Mr. Harshad Prajapati,9773407484,np_mbad@yahoo.co.in,Submitted,Submitted,Save As Draft,Sent to State,Submitted,Report Submitted,Yes,Compliance Accepted,Q2 - 2024-2025,,,,,
834,GUJARAT,MEHEMDABAD,GJ-MEHEMDABAD-10347,Water Supply,WATER SUPPLY SCHEME AT MEHMDABAD NAGARPALIKA,26-07-2024,Mr. Ghanshyam Bhalgama,Technical Expert,9687228433,gujarat.blg@gmail.com,Mr. Harshad Prajapati,9773407484,np_mbad@yahoo.co.in,Submitted,Save As Draft,Save As Draft,Sent to State,Submitted,Report Submitted,Yes,Informative comment. No action required.,Q2 - 2024-2025,,,,,
835,GUJARAT,MEHEMDABAD,GJ-MEHEMDABAD-10937,Parks & Green Space Development,AMRUT 2.0 : GREEN SPACE DEVELOPMENT NEAR SIDDHIVINAYAK MANDIR AT MEHMDABAD NAGARPALIKA,06-11-2025,Ghanshyam Bhalgama,Technical Expert,9687228433,gujarat.blg@gmail.com,Mr. Harshad Prajapati,9773407484,np_mbad@yahoo.co.in,Save As Draft,Save As Draft,Save As Draft,Pending Sent to State,Pending Submitted,Pending to be Submitted,,,Q3 - 2025-2026,,,,,
836,GUJARAT,KHEDA,GJ-KHEDA-5195,Water Supply,KHEDA NAGARPALIKA  : Water Supply Project,03-08-2024,Mr. Ghanshyam Bhalgama,Technical Expert,9687228433,gujarat.blg@gmail.com,Mr. Pritesh Chaudhary,9429050147,np_kheda@yahoo.co.in,Submitted,Submitted,Save As Draft,Sent to State,Submitted,Report Submitted,Yes,"Compliance accepted









",Q2 - 2024-2025,,,,,
837,GUJARAT,KHEDA,GJ-KHEDA-10350,Water Supply,AMRUT 2.0 : WATER SUPPLY SCHEME AT KHEDA NAGARPALIKA,03-08-2024,Mr. Ghanshyam Bhalgama,Technical Expert,9687228433,gujarat.blg@gmail.com,Mr. Pritesh Chaudhary,9429050147,np_kheda@yahoo.co.in,Submitted,Submitted,Save As Draft,Sent to State,Submitted,Report Submitted,Yes,Compliance accepted.,Q2 - 2024-2025,,,,,
838,GUJARAT,KHEDA,GJ-KHEDA-14195,Water Supply,"AMRUT 2.0: TRANCHE 3: WATER SUPPLY SYSTEM AUGMENTATION, SOURCE AUGMENTATION AND DISTRIBUTION NETWORK FOR KHEDA NAGARPALIKA",03-08-2024,Mr. Ghanshyam Bhalgama,Technical Expert,9687228433,gujarat.blg@gmail.com,Hiren chaudhari,7778883322,piuahm-gudc@gujarat.gov.in,Submitted,Save As Draft,Save As Draft,Sent to State,Submitted,Report Submitted,Yes,Informative comment. No action required.,Q2 - 2024-2025,,,,,
839,GUJARAT,NADIAD,GJ-NADIAD-3392,Water Supply,AMRUT 2.0 :WATER SUPPLY PROJECT WARD NO. 12 & 13 NADIYAD MUNICIPALITY.,02-08-2024,Mr. Ghanshaym Bhalgama,Technical Expert,9687228433,gujarat.blg@gmail.com,Mr. Chiranjan Patel,7567116397,nadiadmunicipality@yahoo.com,Submitted,Submitted,Save As Draft,Sent to State,Submitted,Report Submitted,Yes,The comment is for providing information.,Q2 - 2024-2025,,,,,
840,GUJARAT,NADIAD,GJ-NADIAD-3393,Water Supply,AMRUT 2.0 : NADIAD WATER SUPPLY PROJECT FOR WARD 1 NADIYAD MUNICIPALITY.,02-08-2024,Mr. Ghanshyam Bhalgama,Techncial Expert,9687228433,gujarat.blg@gmail.com,Mr. Chiranjan Patel,7567116397,nadiadmunicipality@yahoo.com,Submitted,Submitted,Save As Draft,Sent to State,Submitted,Report Submitted,Yes,Compliance Accepted,Q2 - 2024-2025,,,,,
841,GUJARAT,NADIAD,GJ-NADIAD-3399,Water Supply,AMRUT 2.0 : NADIAD WATER SUPPLY PROJECT FOR TPS - 07 & TPS - 04.,02-08-2024,Mr. Ghanshyam Bhalgama,Technical Expert,9687228433,gujarat.blg@gmail.com,Mr. Chiranjan Patel,7567116397,nadiadmunicipality@yahoo.com,Submitted,Submitted,Save As Draft,Sent to State,Submitted,Report Submitted,Yes,The comment is for providing information.,Q2 - 2024-2025,,,,,
842,GUJARAT,NADIAD,GJ-NADIAD-3410,Water Supply,AMRUT 2.0 : CONSTRUCTION OF COMPOUND WALL AT WATER TREATMENT PLANT AND INSTALLATION OF SCADA SYSTEM WTP AND ESR,02-08-2024,Mr. Ganshyam Bhalgama,Technical Expert,9687228433,gujarat.blg@gmail.com,Mr. Chiranjan Patel,7567116397,nadiadmunicipality@yahoo.com,Submitted,Submitted,Save As Draft,Sent to State,Submitted,Report Submitted,Yes,The comment is for providing information.,Q2 - 2024-2025,,,,,
843,GUJARAT,NADIAD,GJ-NADIAD-3423,Water Supply,NADIAD WATER SUPPLY PROJECT DISRRIBUTION NETWORK,02-08-2024,Mr. Ghanshyam Bhalgama,Technical Expert,9687228433,gujarat.blg@gmail.com,Mr. Chiranjan Patel,7567116397,nadiadmunicipality@yahoo.com,Submitted,Submitted,Save As Draft,Sent to State,Submitted,Report Submitted,Yes,The comment is for providing information.,Q2 - 2024-2025,,,,,
844,GUJARAT,NADIAD,GJ-NADIAD-3432,Sewerage & Septage Management,AMRUT 2.0 : REPLACEMENT OF SEWERAGE NETWORK WITH PUMPING STATION AT NADIAD MUNICIPALITY.,05-02-2025,Ghanshyam Bhalgama,Technical Expert,9687228433,gujarat.blg@gmail.com,Rohit Patel,9624055177,piuahd-gudc@gujarat.gov.in,Submitted,Save As Draft,Save As Draft,Sent to State,Submitted,Report Submitted,Yes,Informative comment. No action needed.,Q4 - 2024-2025,,,,,
845,GUJARAT,NADIAD,GJ-NADIAD-3436,Water Body Rejuvenation,REJUVENATION OF UNDEVAL TALAV AT NADIAD,02-08-2024,Mr. Ghanshyam Bhalgama,Technical Expert,9687228433,gujarat.blg@gmail.com,Mr. Chiranjan Patel,7567116397,nadiadmunicipality@yahoo.com,Submitted,Submitted,Save As Draft,Sent to State,Submitted,Report Submitted,Yes,Informative comment.,Q2 - 2024-2025,,,,,
846,GUJARAT,NADIAD,GJ-NADIAD-3440,Parks & Green Space Development,DEVELOPMENT OF GREEN SPACE AT OLD KAMLA STP IN NADIAD MUNICIPALITY AREA,02-08-2024,Mr. Ghanshyam Bhalgama,Technical Expert,9687228433,gujarat.blg@gmail.com,Mr. Chiranjan Patel,7567116397,nadiadmunicipality@yahoo.com,Submitted,Submitted,Save As Draft,Sent to State,Submitted,Report Submitted,Yes,Compliance accepted.,Q2 - 2024-2025,,,,,
847,GUJARAT,NADIAD,GJ-NADIAD-7915,Water Body Rejuvenation,"AMRIT SAROVAR : NADIAD : REJUVENATION OF UNDEVAL TALAV PHASE-2, NADIAD",02-08-2024,Mr. Ghanshyam Bhalgama,Technical Expert,9687228433,gujarat.blg@gmail.com,Mr. Chiranjan Patel,7567116397,nadiadmunicipality@yahoo.com,Submitted,Submitted,Save As Draft,Sent to State,Submitted,Report Submitted,Yes,The reasons for the delay in starting the remaining work and revised bar chart for this work not explained.,Q2 - 2024-2025,,,,,
848,GUJARAT,NADIAD,GJ-NADIAD-9778,Parks & Green Space Development,AMRUT 2.0 : DEVELOPMENT OF GREEN SPACE AT OLD KAMLA STP PHASE-2 IN NADIAD MUNICIPALITY AREA.,02-08-2024,Mr. Ghanshyam Bhalgama,Technical Expert,9687228433,gujarat.blg@gmail.com,Mr. Chiranjan Patel,7567116397,nadiadmunicipality@yahoo.com,Submitted,Submitted,Save As Draft,Sent to State,Submitted,Report Submitted,Yes,Informative comment. No action required.,Q2 - 2024-2025,,,,,
849,GUJARAT,NADIAD,GJ-NADIAD-11694,Sewerage & Septage Management,AMRUT 2.0 : AUGMENTATION OF DRAINAGE PUMPING STATIONS AND ALL PUMPING AND STP SCADA SYSTEM NADIAD.,05-02-2025,Ghanshyam Bhalgama,Technical Expert,9687228433,gujarat.blg@gmail.com,Rohit Patel,9624055177,piuahd-gudc@gujarat.gov.in,Submitted,Save As Draft,Save As Draft,Sent to State,Submitted,Report Submitted,Yes,Informative comment. No action needed.,Q4 - 2024-2025,,,,,
850,GUJARAT,NADIAD,GJ-NADIAD-14261,Water Supply,AMRUT 2.0: TRANCHE 3: INSTALLATION NEW PUMPING MACHINERIES  AND ALL TYPE OF VALVES FOR WATER SUPPLY SYSTEM FOR NADIAD NAGARPALIKA,18-11-2024,Mr. Ghanshyam Bhalgama,Technical Expert,9687228433,gujarat.blg@gmail.com,Mr. Chiranjan Patel,9687228433,nadiadmunicipality@yahoo.com,Submitted,Submitted,Save As Draft,Sent to State,Submitted,Report Submitted,Yes,The comment is for providing information.,Q3 - 2024-2025,,,,,
851,GUJARAT,NADIAD,GJ-NADIAD-14561,Water Supply,AMRUT 2.0: TRANCHE 3: CONSTRUCTION OF 15 LL ESR & 15 LL UGSR AT TP-1 NEAR SCHOOL NO. 5,02-08-2024,Mr. Ghanshyam Bhalgama,Technical Expert,9687228433,gujarat.blg@gmail.com,Mr. Chiranjan Patel,7567116397,nadiadmunicipality@yahoo.com,Submitted,Submitted,Save As Draft,Sent to State,Submitted,Report Submitted,Yes,The comment is for providing information.,Q2 - 2024-2025,,,,,
852,GUJARAT,NADIAD,GJ-NADIAD-14562,Water Supply,AMRUT 2.0: TRANCHE 3: CONSTRUCTION OF 15 LL ESR & 15 LL UGSR AT TP-1 NEAR SCHOOL NO. 37,02-08-2024,Mr. Ghanshyam Bhalgama,Technical Expert,9687228433,gujarat.blg@gmail.com,Mr. Chiranjan Patel,7567116397,nadiadmunicipality@yahoo.com,Submitted,Submitted,Save As Draft,Sent to State,Submitted,Report Submitted,Yes,The comment is for providing information.,Q2 - 2024-2025,,,,,
853,GUJARAT,NADIAD,GJ-NADIAD-14563,Water Supply,AMRUT 2.0: TRANCHE 3: CONSTRUCTION OF 15 LL CAPACITY UGSR AT TP-1 NEAR DAXA PARK SOCIETY,02-08-2024,Mr. Ghanshyam Bhalgama,Technical Expert,9687228433,guajrat.blg@gmail.com,Mr. Chiranjan Patel,7567116397,nadiadmunicipality@yahoo.com,Submitted,Submitted,Save As Draft,Sent to State,Submitted,Report Submitted,Yes,Compliance accepted.,Q2 - 2024-2025,,,,,
854,GUJARAT,NADIAD,GJ-NADIAD-14564,Water Supply,AMRUT 2.0: TRANCHE 3: CONSTRUCTION OF 15 LL CAPACITY ESR AT MOGALKOT AREA,02-08-2024,Mr. Ghanshyam Bhalgama,Technical Expert,9687228433,gujarat.blg@gmail.com,Mr. Chiranjan Patel,7567116397,nadiadmunicipality@yahoo.com,Submitted,Submitted,Save As Draft,Sent to State,Submitted,Report Submitted,Yes,Compliance Accepted,Q2 - 2024-2025,,,,,
855,GUJARAT,NADIAD,GJ-NADIAD-14565,Water Supply,AMRUT 2.0: TRANCHE 3: CONSTRUCTION OF 15 LL ESR & 15 LL UGSR AT TP-5 SANTRAM DERY ROAD,02-08-2024,Mr. Ghanshaym Bhalgama,Technical Expert,9687228433,gujarat.blg@gmail.com,Mr. Chiranjan Patel,7567116397,nadiadmunicipality@yahoo.com,Submitted,Submitted,Save As Draft,Sent to State,Submitted,Report Submitted,Yes,The comment is for providing information.,Q2 - 2024-2025,,,,,
856,GUJARAT,NADIAD,GJ-NADIAD-14566,Water Supply,AMRUT 2.0: TRANCHE 3: CONSTRUCTION OF 15 LL ESR & 15 LL UGSR AT TP-1 NEAR VAGHESHWARI ESR,02-08-2024,Mr. Ghanshyam Bhalgama,Technical Expert,9687228433,gujarat.blg@gmail.com,Mr. Chiranjan Patel,7567116397,nadiadmunicipality@yahoo.com,Submitted,Submitted,Save As Draft,Sent to State,Submitted,Report Submitted,Yes,The comment is for providing information.,Q2 - 2024-2025,,,,,
857,GUJARAT,NADIAD,GJ-NADIAD-14567,Water Supply,AMRUT 2.0: TRANCHE 3: CONSTRUCTION OF 15 LL ESR & 15 LL UGSR AT TP-2 NEAR NEELKANTH MAHADEV TEMPLE,18-11-2024,Mr. Ghanshyam Bhalgama,Technical Expert,9687228433,gujarat.blg@gmail.com,Mr. Chiranjan Patel,7567116397,nadiadmunicipality@yahoo.com,Submitted,Submitted,Save As Draft,Sent to State,Submitted,Report Submitted,Yes,The comment is for providing information.,Q3 - 2024-2025,,,,,
858,GUJARAT,NADIAD,GJ-NADIAD-14568,Water Supply,AMRUT 2.0: TRANCHE 3: CONSTRUCTION OF 15 LL ESR & 15 LL UGSR AT TP-8 NEAR SCHOOL NO. 43 CIVIL ROAD,18-11-2024,Mr. Ghanshyam Bhalgama,Technical Expert,9687228433,gujarat.blg@gmail.com,Mr. Chiranjan Patel,7567116397,nadiadmunicipality@yahoo.com,Submitted,Submitted,Save As Draft,Sent to State,Submitted,Report Submitted,Yes,The comment is for providing information.,Q3 - 2024-2025,,,,,
859,GUJARAT,NADIAD,GJ-NADIAD-14569,Water Supply,AMRUT 2.0: TRANCHE 3:  CONSTRUCTION OF 15 LL ESR & 15 LL UGSR AT TP-7 NEAR WTP FATEPURA ROAD,18-11-2024,Mr. Ghanshyam Bhalgama,Technical Expert,9687228433,gujarat.blg@gmail.com,Mr. Chiranjan Patel,7567116397,nadiadmunicipality@yahoo.com,Submitted,Submitted,Save As Draft,Sent to State,Submitted,Report Submitted,Yes,The comment is for providing information.,Q3 - 2024-2025,,,,,
860,GUJARAT,NADIAD,GJ-NADIAD-14570,Water Supply,AMRUT 2.0: TRANCHE 3: CONSTRUCTION OF 15 LL ESR & 15 LL UGSR TP-11 DAVALIAPURA RING ROAD,18-11-2024,Mr. Ghanshyam Bhalgama,Technical Expert,9687228433,gujarat.blg@gmail.com,Mr. Chrianjan Patel,7567116397,nadiadmunicipality@yahoo.com,Submitted,Submitted,Save As Draft,Sent to State,Submitted,Report Submitted,Yes,The comment is for providing information.,Q3 - 2024-2025,,,,,
861,GUJARAT,NADIAD,GJ-NADIAD-14571,Sewerage & Septage Management,AMRUT 2.0 TRANCHE 3: CONSTRUCTION OF PUMPING STATION AND SEWERAGE NETWORK AT TP-8 FP 39,05-02-2025,Ghanshyam Bhalgama,Technical Expert,9687228433,gujarat.blg@gmail.com,Rohit Patel,9624055177,piuahd-gudc@gujarat.gov.in,Submitted,Save As Draft,Save As Draft,Sent to State,Submitted,Report Submitted,Yes,Informative comment.,Q4 - 2024-2025,,,,,
862,GUJARAT,NADIAD,GJ-NADIAD-14572,Sewerage & Septage Management,AMRUT 2.0 TRANCHE 3: CONSTRUCTION OF PUMPING STATION AND SEWERAGE NETWORK AT TP-8 FP 11,18-11-2024,Mr. Ghanshyam Bhalgama,Technical Expert,9687228433,gujarat.blg@gmail.com,Mr. Chiranjan Patel,7567116397,nadiadmunicipality@yahoo.com,Submitted,Submitted,Save As Draft,Sent to State,Submitted,Report Submitted,Yes,Detailed explanation for the delay not given.,Q3 - 2024-2025,,,,,
863,GUJARAT,NADIAD,GJ-NADIAD-14573,Sewerage & Septage Management,AMRUT 2.0: TRANCHE 3: Sewerage collection network at TPS - 05,18-11-2024,Mr. Ghanshyam Bhalgama,Technical Expert,9687228433,guajrat.blg@gmail.com,Mr. Chiranjan Patel,7567116397,nadiadmunicipality@yahoo.com,Submitted,Submitted,Save As Draft,Sent to State,Submitted,Report Submitted,Yes,Compliance accepted,Q3 - 2024-2025,,,,,
864,GUJARAT,NADIAD,GJ-NADIAD-14574,Sewerage & Septage Management,AMRUT 2.0 TRANCHE 3: CONSTRUCTION OF PUMPING STATION AND SEWERAGE NETWORK AT TP-11 FP 75,18-11-2024,Mr. Ghanshyam Bhalgama,Technical Expert,9687228433,gujarat.blg@gmail.com,Mr. Chiranjan Patel,7567116397,nadiadmunicipality@yahoo.com,Submitted,Submitted,Save As Draft,Sent to State,Submitted,Report Submitted,Yes,The detailed reasons for the delay in starting the work and the tentative start date not given.,Q3 - 2024-2025,,,,,
865,GUJARAT,NADIAD,GJ-NADIAD-14575,Sewerage & Septage Management,AMRUT 2.0 TRANCHE 3: CONSTRUCTION OF PUMPING STATION AND SEWERAGE NETWORK AT TP-11 FP 36,05-02-2025,Ghanshyam Bhalgama,Technical Expert,9687228433,gujarat.blg@gmail.com,Rohit Patel,9624055177,piuahd-gudc@gujarat.gov.in,Submitted,Save As Draft,Save As Draft,Sent to State,Submitted,Report Submitted,Yes,Informative comment.,Q4 - 2024-2025,,,,,
866,GUJARAT,NADIAD,GJ-NADIAD-14576,Sewerage & Septage Management,AMRUT 2.0 TRANCHE 3: CONSTRUCTION OF PUMPING STATION AND SEWERAGE NETWORK AT TP-07 FP 15,05-02-2025,Ghanshyam Bhalgama,Technical Expert,9687228433,gujarat.blg@gmail.com,Rohit Patel,9624055177,piuahd-gudc@gujarat.gov.in,Submitted,Save As Draft,Save As Draft,Sent to State,Submitted,Report Submitted,Yes,Informative comment.,Q4 - 2024-2025,,,,,
867,GUJARAT,NADIAD,GJ-NADIAD-14577,Sewerage & Septage Management,AMRUT 2.0 TRANCHE 3: REPLACEMENT OF SEWER NETWORK AT VARIOUS LOCATIONS IN NADIAD,05-02-2025,Ghanshyam Bhalgama,Technical Expert,9687228433,gujarat.blg@gmail.com,Rohit Patel,9624055177,piuahd-gudc@gujarat.gov.in,Submitted,Save As Draft,Save As Draft,Sent to State,Submitted,Report Submitted,Yes,Informative comment. No action needed.,Q4 - 2024-2025,,,,,
868,GUJARAT,CHAKALASI,GJ-CHAKALASI-4250,Water Body Rejuvenation,REJUVENATION OF DAHI TALAV (RANGHARI) AT CHAKLASI.,03-08-2024,Mr. Ghanshyam Bhalgama,Technical Expert,9687228433,gujarat.blg@gmail.com,Mr. Dhruv Patel,9327828618,chakalasinp@yahoo.com,Submitted,Submitted,Save As Draft,Sent to State,Submitted,Report Submitted,Yes,Informative comment. No action required.,Q2 - 2024-2025,,,,,
869,GUJARAT,CHAKALASI,GJ-CHAKALASI-4276,Parks & Green Space Development,DEVELOPMENT WORK OF SURAI MATA PARK AT CHAKLASI,03-08-2024,Mr. Ghanshyam Bhalgama,Technical Expert,9687228433,gujarat.blg@gmail.com,Mr. Dhruv Patel,9327828618,chakalasinp@yahoo.com,Submitted,Submitted,Save As Draft,Sent to State,Submitted,Report Submitted,Yes,Compliance accepted.,Q2 - 2024-2025,,,,,
870,GUJARAT,CHAKALASI,GJ-CHAKALASI-7899,Water Body Rejuvenation,AMRIT SAROVAR : REJUVENATION OF DAHI TALAV (RANGHARI) AT CHAKLASI.,03-08-2024,Mr. Ghanshyam Bhalgama,Technical Expert,9687228433,gujarat.blg@gmail.com,Mr. Dhruv Patel,9327828618,chakalasinp@yahoo.com,Submitted,Submitted,Save As Draft,Sent to State,Submitted,Report Submitted,Yes,Informative comment. No action required.,Q2 - 2024-2025,,,,,
871,GUJARAT,CHAKALASI,GJ-CHAKALASI-10319,Water Supply,"AMRUT 2.0 : REPAIRING OF WTP, COMPOUND WALL AT WTP, CONSTRUCTION OF ESR, DI PIPELINE NETWORK AND PUMPING MACHINERY IN CHAKLASI MUNICIPALITY.",03-08-2024,Mr. Ghanshyam Bhalgama,Technical Expert,9687228433,gujarat.blg@gmail.com,Hiren Chaudhari,7778883322,piuahm-gudc@gujarat.gov.in,Submitted,Save As Draft,Save As Draft,Sent to State,Submitted,Report Submitted,Yes,Informative comment. No action required.,Q2 - 2024-2025,,,,,
872,GUJARAT,CHAKALASI,GJ-CHAKALASI-14550,Water Supply,AMRUT 2.0: TRANCHE 3: Potable water rising main from WTP to multiple  Head works in Chaklasi Nagrapalika,03-08-2024,Mr. Ghanshyam Bhalgama,Technical Expert,9687228433,gujarat.blg@gmail.com,Hiren Chaudhari,7778883322,piuahm-gudc@gujarat.gov.in,Submitted,Save As Draft,Save As Draft,Sent to State,Submitted,Report Submitted,Yes,Informative comment.,Q2 - 2024-2025,,,,,
873,GUJARAT,KANJARI,GJ-KANJARI-5394,Water Supply,KANJARI WATER SUPLLY AND TREATMENT PLANT,13-12-2024,Ghanshyam Bhalgama,Technical Expert,9687228433,gujarat.blg@gmail.com,Rohitbhai,9624055177,piuahd-gudc@gujarat.gov.in,Submitted,Submitted,Save As Draft,Sent to State,Submitted,Report Submitted,Yes,Informative comment. No action required.,Q3 - 2024-2025,,,,,
874,GUJARAT,KANJARI,GJ-KANJARI-7904,Water Body Rejuvenation,AMRUT 2.0 : REJUVENATION OF DHOVU (GHOYA) AT KANJARI NAGAR PALIKA .,03-08-2024,Mr. Ghanshyam Bhalgama,Technical Expert,9687228433,gujarat.blg@gmail.com,Ms. Nidhi ben Trivedi,7575035695,np_kanjari@yahoo.co.in,Submitted,Submitted,Save As Draft,Sent to State,Submitted,Report Submitted,Yes,Compliance Accepted,Q2 - 2024-2025,,,,,
875,GUJARAT,KANJARI,GJ-KANJARI-10304,Parks & Green Space Development,AMRUT 2.0 : REJUVENATION OF AMBIKA GARDEN IN KANJARI MUNICIPALITY.,03-08-2024,Mr. Ghanshyam Bhalgama,Technical Expert,9687228433,gujarat.blg@gmail.com,Ms. Nidhi ben Trivedi,7575035695,np_kanjari@yahoo.co.in,Submitted,Submitted,Save As Draft,Sent to State,Submitted,Report Submitted,Yes,Compliance accepted.,Q2 - 2024-2025,,,,,
876,GUJARAT,MAHUDHA,GJ-MAHUDHA-5410,Parks & Green Space Development,"Develoment of Garden, & Green Corridor on Highway & Children Play Area & Senior Citizen Park at Diff",25-07-2024,Mr. Ghanshyam Bhalgama,Technical Expert,9687228433,gujarat.blg@gmail.com,Mrs. Bhoomika Patel,7990289847,co.mahudha@yahoo.com,Submitted,Submitted,Save As Draft,Sent to State,Submitted,Report Submitted,Yes,Compliance accepted.,Q2 - 2024-2025,,,,,
877,GUJARAT,MAHUDHA,GJ-MAHUDHA-5443,Water Body Rejuvenation,Development of Vada Talav,25-07-2024,Mr. Ghanshyam Bhalgama,Technical Expert,9687228433,gujarat.blg@gmail.com,Mrs. Bhoomika Patel,7990289847,co.mahudha@yahoo.com,Submitted,Submitted,Save As Draft,Sent to State,Submitted,Report Submitted,Yes,Compliance accepted.,Q2 - 2024-2025,,,,,
878,GUJARAT,MAHUDHA,GJ-MAHUDHA-5467,Water Supply,Augmentation of Water Supply Scheme,25-07-2024,Mr. Ghanshyam Bhalgama,Technical Expert,9687228433,gujarat.blg@gmail.com,Mrs. Bhoomika Patel,7990289847,co.mahudha@yahoo.com,Submitted,Submitted,Save As Draft,Sent to State,Submitted,Report Submitted,Yes,Informative comment. No action needed.,Q2 - 2024-2025,,,,,
879,GUJARAT,MAHUDHA,GJ-MAHUDHA-10326,Water Supply,AMRUT 2.0 : Water supply network at mahudha nagarpalika.,25-07-2024,Mr. Ghanshyam Bhalgama,Technical Expert,9687228433,gujarat.blg@gmail.com,Mrs. Bhoomika Patel,7990289847,co.mahudha@yahoo.com,Submitted,Submitted,Save As Draft,Sent to State,Submitted,Report Submitted,Yes,Informative comment.,Q2 - 2024-2025,,,,,
880,GUJARAT,MAHUDHA,GJ-MAHUDHA-10938,Water Body Rejuvenation,AMRUT 2.0 : Development of Vada Talav AT MAHUDHA NAGARPALIKA.,25-07-2024,Mr. Ghanshyam Bhalgama,Technical Expert,9687228433,gujarat.blg@gmail.com,Mrs. Bhoomika Patel,7990289847,co.mahudha@yahoo.com,Submitted,Submitted,Save As Draft,Sent to State,Submitted,Report Submitted,Yes,Mere instructions do not suffice; proper rectification photos should be attached.,Q2 - 2024-2025,,,,,
881,GUJARAT,THASRA,GJ-THASRA-4453,Water Supply,Augmentation of Water Supply Scheme in Thasra,25-07-2024,Mr. Ghanshyam Bhalgama,Technical Expert,9687228433,gujarat.blg@gmail.com,Rohit Patel,9624055177,piuahd-gudc@gujarat.gov.in,Submitted,Save As Draft,Save As Draft,Sent to State,Submitted,Report Submitted,Yes,The comment is for providing information. No action needed.,Q2 - 2024-2025,,,,,
882,GUJARAT,THASRA,GJ-THASRA-4479,Parks & Green Space Development,Development Of Garden Beatification Near Pond in Thasra,25-07-2024,Mr. Ghanshyam Bhalgama,Technical Expert,9687228433,gujarat.blg@gmail.com,Mr. Vikas Prajapati,9408995367,np_thasara@yahoo.co.in,Submitted,Submitted,Save As Draft,Sent to State,Submitted,Report Submitted,Yes,Compliance Accepted,Q2 - 2024-2025,,,,,
883,GUJARAT,THASRA,GJ-THASRA-7945,Water Body Rejuvenation,AMRUT 2.0 : GAM TALAV REJUVENTATION AT THASRA NAGARPALIKA.,25-07-2024,Mr. Ghanshyam Bhalgama,Technical Expert,9687228433,gujarat.blg@gmail.com,Mr. Vikas Prajapati,9408995367,np_thasara@yahoo.co.in,Submitted,Submitted,Save As Draft,Sent to State,Submitted,Report Submitted,Yes,Compliance will be considered completed when rectification photos are attached . Detailed explanation for delay and bar chart not submitted. ,Q2 - 2024-2025,,,,,
884,GUJARAT,DAKOR,GJ-DAKOR-5486,Water Supply,DAKOR WATER SUPPLY PROJECT,25-07-2024,Mr. Ghanshyam Bhalgama,Technical Expert,9687228433,gujarat.blg@gmail.com,Mr. Siddharth Adhikari,7359003683,dakor_np@yahoo.com,Submitted,Submitted,Save As Draft,Sent to State,Submitted,Report Submitted,Yes,Compliance accepted.,Q2 - 2024-2025,,,,,
885,GUJARAT,DAKOR,GJ-DAKOR-5512,Water Body Rejuvenation,DAKOR WATER BODY REJUVENATION PROJECT,25-07-2024,Mr. Ghanshyam Bhalgama,Technical Expert,9687228433,gujarat.blg@gmail.com,Mr. Siddharth Adhikari,7359003683,dakor_np@yahoo.com,Submitted,Submitted,Save As Draft,Sent to State,Submitted,Report Submitted,Yes,Compliance accepted.,Q2 - 2024-2025,,,,,
886,GUJARAT,DAKOR,GJ-DAKOR-7942,Water Body Rejuvenation,"AMRIT SAROVAR : REJUVENATION OF MOKHA TALAV PHASE-2, DAKOR",25-07-2024,Mr. Ghanshyam Bhalgama,Technical Expert,9687228433,gujarat.blg@gmail.com,Mr. Siddharth Adhikari,7359003683,dakor_np@yahoo.com,Submitted,Submitted,Save As Draft,Sent to State,Submitted,Report Submitted,Yes,Compliance accepted. ,Q2 - 2024-2025,,,,,
887,GUJARAT,DAKOR,GJ-DAKOR-10334,Water Supply,AMRUT 2.0 : WATER SUPPLY SCHEME AT DAKOR NAGARPALIKA,25-07-2024,Mr. Ghanshyam Bhalgama,Technical Expert,9687228433,gujarat.blg@gmail.com,Mr. Siddharth Adhikari,7359003683,dakor_np@yahoo.com,Submitted,Submitted,Save As Draft,Sent to State,Submitted,Report Submitted,Yes,Compliance accepted.,Q2 - 2024-2025,,,,,
888,GUJARAT,DAKOR,GJ-DAKOR-10340,Water Supply,AMRUT 2.0 : DAKOR NAGARPALIKA WATER SUPPLY SCHEME,25-07-2024,Mr. Ghanshyam Bhalgama,Technical Expert,9687228433,gujarat.blg@gmail.com,Siddharth Adhikari,7359003683,dakor_np@yahoo.com,Submitted,Submitted,Save As Draft,Sent to State,Submitted,Report Submitted,Yes,Compliance accepted.,Q2 - 2024-2025,,,,,
889,GUJARAT,DAKOR,GJ-DAKOR-14234,Water Supply,AMRUT 2.0: TRENCH-3: DAKOR WATER SUPPLY PROJECT,25-07-2024,Mr. Ghanshyam Bhalgama,Technical Expert,9687228433,gujarat.blg@gmail.com,Mr. Siddharth Adhikari,7359003683,dakor_np@yahoo.com,Submitted,Submitted,Save As Draft,Sent to State,Submitted,Report Submitted,Yes,Compliance accepted. ,Q2 - 2024-2025,,,,,
890,GUJARAT,SANTRAMPUR,GJ-SANTRAMPUR-4538,Parks & Green Space Development,"Construction work of Garden Development, Pratappura Area Santrampur.",10-07-2024,Mr. Ghanshyam Bhalgama,Technical Expert,9687228433,gujarat.blg@gmail.com,Mr. Krupal Bariya,9727007479,np_santrampur@yahoo.co.in,Submitted,Submitted,Save As Draft,Sent to State,Submitted,Report Submitted,Yes,Compliance Accepted.,Q2 - 2024-2025,,,,,
891,GUJARAT,SANTRAMPUR,GJ-SANTRAMPUR-4693,Water Supply,WATER SUPPLY SCHEME NAL SE JAL IN SANTRAMPUR NAGARPALIKA,10-07-2024,Mr. Ghanshyam Bhalgama,Technical Expert,9687228433,gujarat.blg@gmail.com,Rakesh Mojidra,9737042914,piuvadodara-gudc@gujarat.gov.in,Submitted,Submitted,Save As Draft,Sent to State,Submitted,Report Submitted,Yes,Compliance Accepted.,Q2 - 2024-2025,,,,,
892,GUJARAT,SANTRAMPUR,GJ-SANTRAMPUR-10935,Water Body Rejuvenation,AMRUT 2.0 : TRANCHE 2.0 : REJUVENATION OF SANT LAKE IN SANTRAMPUR MUNICIPALITY,10-07-2024,Mr. Ghanshyam Bhalgama,Technical Expert,9687228433,gujarat.blg@gmail.com,Mr. Krupal Bariya,9727007479,np_santrampur@yahoo.co.in,Submitted,Save As Draft,Save As Draft,Sent to State,Submitted,Report Submitted,Yes,Compliance accepted.,Q2 - 2024-2025,,,,,
893,GUJARAT,LUNAVADA,GJ-LUNAVADA-2083,Parks & Green Space Development,AMRUT 2.0: Javahar Garden Development at Lunawada Municipality,10-07-2024,Mr. Ghanshyam Bhalgama,Technical Expert,9687228433,gujarat.blg@gmail.com,Mr. Ajaysinh Thakor,9687886767,np_lunavada@yahoo.co.in,Submitted,Submitted,Save As Draft,Sent to State,Submitted,Report Submitted,Yes,Satisfied with action taken.,Q2 - 2024-2025,,,,,
894,GUJARAT,LUNAVADA,GJ-LUNAVADA-4656,Water Supply,Water Supply Scheme Lunawada Nagarpalika Nal Se Jal,10-07-2024,Mr. Ghanshyam Bhalgama,Technical Expert,9687228433,gujarat.blg@gmail.com,Mr. Ajaysinh Thakor,9687886767,np_lunavada@yahoo.co.in,Submitted,Submitted,Save As Draft,Sent to State,Submitted,Report Submitted,Yes,Compliance accepted.,Q2 - 2024-2025,,,,,
895,GUJARAT,LUNAVADA,GJ-LUNAVADA-8154,Water Body Rejuvenation,"AMRUT 2.0 : REJUVENATION OF KISHAN SAGAR TALAV, LUNAVADA",10-07-2024,Mr. Ghanshyam Bhalgama,Technical Expert,9687228433,gujarat.blg@gmail.com,Mr. Ajaysinh Thakor,9687886767,np_lunavada@yahoo.co.in,Submitted,Save As Draft,Save As Draft,Sent to State,Submitted,Report Submitted,Yes,Compliance accepted.,Q2 - 2024-2025,,,,,
896,GUJARAT,SHAHERA,GJ-SHAHERA-5091,Water Supply,SHAHERA WATER SUPPLY PROJECT PHASE 1,10-07-2024,Mr. Ghanshyam Bhalgama,Technical Expert,9687228433,gujarat.blg@gmail.com,Mr. Jignesh Shah,9428367967,np.shahera@yahoo.com,Submitted,Submitted,Save As Draft,Sent to State,Submitted,Report Submitted,Yes,Compliance accepted.,Q2 - 2024-2025,,,,,
897,GUJARAT,SHAHERA,GJ-SHAHERA-5103,Water Body Rejuvenation,SHAHERA GAM TALAV DEVLOPMENT PROJECT,10-07-2024,Mr. Ghanshyam Bhalgama,Technical Expert,9687228433,gujarat.blg@gmail.com,Mr. Jignesh Shah,9428367967,np.shahera@yahoo.com,Submitted,Submitted,Save As Draft,Sent to State,Submitted,Report Submitted,Yes,Compliance Accepted.,Q2 - 2024-2025,,,,,
898,GUJARAT,SHAHERA,GJ-SHAHERA-10579,Water Body Rejuvenation,AMRUT 2.0 : TRANCHE 2.0 : SHAHERA GAM TALAV DEVLOPMENT PROJECT PHASE-2,10-07-2024,Mr. Ghanshyam Bhalgama,Technical Expert,9687228433,gujarat.blg@gmail.com,Mr. Jignesh Shah,9428367967,np.shahera@yahoo.com,Submitted,Submitted,Save As Draft,Sent to State,Submitted,Report Submitted,Yes,Compliance accepted.,Q2 - 2024-2025,,,,,
899,GUJARAT,SHAHERA,GJ-SHAHERA-10913,Water Supply,AMRUT 2.0 : WATER SUPPLY PROJECT OF DISTRIBUTION NETWORK IN SHAHERA MUNICIPALITY,10-07-2024,Mr. Ghanshyam Bhalgama,Technical Expert,9687228433,gujarat.blg@gmail.com,Mr. Jignesh Shah,9428367967,np.shahera@yahoo.com,Submitted,Submitted,Save As Draft,Sent to State,Submitted,Report Submitted,Yes,Compliance accepted.,Q2 - 2024-2025,,,,,
900,GUJARAT,GODHRA,GJ-GODHRA-3367,Water Supply,AMRUT 2.0 : GODHRA WATER SUPPLY RISING MAIN PROJECT,09-07-2024,Mr. Ghanshyam Bhalgama,Technical Expert,9687228433,gujarat.blg@gmail.com,Shailesh Bhatt,8469602898,piuvadodara-gudc@gujarat.gov.in,Submitted,Save As Draft,Save As Draft,Sent to State,Submitted,Report Submitted,Yes,Informative comment. No action needed.,Q2 - 2024-2025,,,,,
901,GUJARAT,GODHRA,GJ-GODHRA-3375,Water Body Rejuvenation,GODHRA LAXMANSAGAR WATER BODY REJUVENATION,09-07-2024,Mr. Ghanshyam Bhalgama,Technical Expert,9687228433,gujarat.blg@gmail.com,Mr. Ranjitsinh Damor,9016566867,np_godhara@yahoo.co.in,Submitted,Submitted,Save As Draft,Sent to State,Submitted,Report Submitted,Yes,Compliance Accepted,Q2 - 2024-2025,,,,,
902,GUJARAT,GODHRA,GJ-GODHRA-3382,Parks & Green Space Development,GODHRA PARKS AND GARDEN DEVELOPMENT PROJECTS (3 NOS.),09-07-2024,Mr. Ghanshyam Bhalgama,Technical Expert,9687228433,gujarat.blg@gmail.com,Mr. Ranjitsinh Damor,9016566867,np_godhara@yahoo.co.in,Submitted,Submitted,Save As Draft,Sent to State,Submitted,Report Submitted,Yes,Compliance accepted.,Q2 - 2024-2025,,,,,
903,GUJARAT,GODHRA,GJ-GODHRA-3401,Water Supply,GODHRA WATER SUPPLY NETWORK ESR UGS,09-07-2024,Mr. Ghanshyam Bhalgama,Technical Expert,9687228433,gujarat.blg@gmail.com,Mr. Ranjitsinh Damor,9016566867,np_godhara@yahoo.co.in,Submitted,Save As Draft,Save As Draft,Sent to State,Submitted,Report Submitted,Yes,Informative comment. No action needed.,Q2 - 2024-2025,,,,,
904,GUJARAT,GODHRA,GJ-GODHRA-8091,Water Body Rejuvenation,AMRIT SAROVAR : GODHRA LAXMANSAGAR WATER BODY REJUVENATION,09-07-2024,Mr. Ghanshyam Bhalgama,Technical Expert,9687228433,gujarat.blg@gmail.com,Mr. Ranjitsinh Damor,9016566867,np_godhara@yahoo.co.in,Submitted,Submitted,Save As Draft,Sent to State,Submitted,Report Submitted,Yes,Informative comment.,Q2 - 2024-2025,,,,,
905,GUJARAT,GODHRA,GJ-GODHRA-10742,Parks & Green Space Development,AMRUT 2.0: PHASE II: GODHRA PARKS AND GARDEN DEVELOPMENT PROJECTS (3 NOS.),09-07-2024,Mr. Ghanshyam Bhalgama,Technical Expert,9687228433,gujarat.blg@gmail.com,Mr. Ranjitsinh Damor,9016566867,np_godhara@yahoo.co.in,Submitted,Save As Draft,Save As Draft,Sent to State,Submitted,Pending to be Submitted,Yes,,Q2 - 2024-2025,,,,,
906,GUJARAT,GODHRA,GJ-GODHRA-14116,Water Supply,AMRUT 2.0: TRENCH-3 :  GODHRA WATER SUPPLY PROJECT,09-07-2024,Mr. Ghanshyam Bhalgama,Technical Expert,9687228433,gujarat.blg@gmail.com,Shailesh Bhatt,8469602898,piuvadodara-gudc@gujarat.gov.in,Submitted,Save As Draft,Save As Draft,Sent to State,Submitted,Report Submitted,Yes,Informative comment. No action needed.,Q2 - 2024-2025,,,,,
907,GUJARAT,GODHRA,GJ-GODHRA-14122,Sewerage & Septage Management,AMRUT 2.0 : TRENCH 3: GODHRA SEWERAGE PROJECT,09-07-2024,Mr. Ghanshyam Bhalgama,Technical Expert,9687228433,gujarat.blg@gmail.com,Mr. Virendrasinh Rathod,8200909765,piuvadodara-gudc@gujarat.guv.in,Submitted,Save As Draft,Save As Draft,Sent to State,Submitted,Report Submitted,Yes,Informative comment. No action needed.,Q2 - 2024-2025,,,,,
908,GUJARAT,KAALOL,GJ-KAALOL-4755,Water Supply,Demolition and Reconstruction of Existing 10LL Capacity RCC ESR Kaalol Nagarpalika,12-07-2024,Mr. Ghanshyam Bhalgana,Technical Expert,9687228433,gujarat.blg@gmail.com,Mr. Aman Goswami,6351735548,np_kaalol@yahoo.co.in,Submitted,Save As Draft,Save As Draft,Sent to State,Submitted,Report Submitted,Yes,"The purpose of this comment is for providing information, no action is required here.",Q2 - 2024-2025,,,,,
909,GUJARAT,KAALOL,GJ-KAALOL-11270,Water Supply,Amrut 2.0 : water supply scheme at Kaalol Nagarpalika,12-07-2024,Mr. Ghanshyam Bhalgama,Technical Expert,9687228433,gujarat.blg@gmail.com,Mr. Virendrasinh Rathod,8200909765,piuvadodara-gudc@gujarat.gov.in,Submitted,Submitted,Save As Draft,Sent to State,Submitted,Report Submitted,Yes,Compliance will be considered incomplete when photos of the rectification work aren't attached. ,Q2 - 2024-2025,,,,,
910,GUJARAT,HALOL,GJ-HALOL-5309,Water Supply,Halol Nagarpalika Water Supply- Nal Se Jal,12-07-2024,Mr. Ghanshyam Bhalgama,Technical Expert,9687228433,gujarat.blg@gmail.com,Mr. Shailesh Bhatt,8469602898,piuvadodara-gudc@gujarat.gov.in,Submitted,Submitted,Save As Draft,Sent to State,Submitted,Report Submitted,Yes,Compliance Accepted.,Q2 - 2024-2025,,,,,
911,GUJARAT,HALOL,GJ-HALOL-10570,Water Supply,AMRUT 2.0:  REDEVELOPMENT OF ESR AND UGS WITH PIPELINE IN HALOL NAGARPALIKA,12-07-2024,Mr. Ghanshyam Bhalgama,Technical Expert,9687228433,gujarat.blg@gmail.com,Mr. Bhagirathsinh Padiyar,8140515451,np_halol@yahoo.com,Submitted,Submitted,Save As Draft,Sent to State,Submitted,Report Submitted,Yes,"Mere instruction doesn't suffice. 
On ground compliance is required.",Q2 - 2024-2025,,,,,
912,GUJARAT,HALOL,GJ-HALOL-10573,Water Body Rejuvenation,AMRUT 2.0 : DEVELOPMENT OF GAM TALAV OF HALOL NAGARPALIKA,12-07-2024,Mr. Ghanshyam Bhalgama,Technical Expert,9687228433,gujarat.blg@gmail.com,Mr. Bhagirathsinh Padhiyar,8140515451,np_halol@yahoo.com,Submitted,Submitted,Save As Draft,Sent to State,Submitted,Report Submitted,Yes,Compliance accepted.,Q2 - 2024-2025,,,,,
913,GUJARAT,HALOL,GJ-HALOL-10577,Parks & Green Space Development,AMRUT 2.0: GARDEN DEVELOPMENT OF SARVAJANIK UDHYAN OF HALOL NAGARPALIKA,12-07-2024,Mr. Ghanshyam Bhalgama,Technical Expert,9687228433,gujarat.blg@gmail.com,Mr.Bhagirathsinh Padhiyar,8140515451,np_halol@yahoo.com,Submitted,Save As Draft,Save As Draft,Sent to State,Submitted,Pending to be Submitted,Yes,,Q2 - 2024-2025,,,,,
914,GUJARAT,JHALOD,GJ-JHALOD-5207,Water Supply,JHALOD NAGARPALIKA NAL SE JAL YOJNA SCHEME,11-07-2024,Mr. Ghanshyam Bhalgama,Technical Expert,9687228433,gujarat.blg@gmail.com,Mr. Rakesh Mojidra,9737042914,piuvadodara-gudc@gujarat.gov.in,Submitted,Submitted,Save As Draft,Sent to State,Submitted,Report Submitted,Yes,Compliance Accepted,Q2 - 2024-2025,,,,,
915,GUJARAT,JHALOD,GJ-JHALOD-5220,Water Body Rejuvenation,REJUVENATION OF BHOJA LAKE JHALOD NAGARPALIKA,11-07-2024,Mr. Ghanshyam Bhalgama,Technical Expert,9687228433,gujarat.blg@gmail.com,Mr. Kishor Parmar,9726901100,zalod_np@yahoo.co.in,Submitted,Save As Draft,Save As Draft,Sent to State,Submitted,Pending to be Submitted,Yes,,Q2 - 2024-2025,,,,,
916,GUJARAT,JHALOD,GJ-JHALOD-10620,Parks & Green Space Development,AMRUT 2.0: ISLAND GARDEN DEVELOPMENT PROJECT WITHIN RAM SAGAR LAKE IN JHALOD NAGARPALIKA,11-07-2024,Mr. Ghanshyam Bhalgama,Technical Expert,9687228433,gujarat.blg@gmail.com,Mr. Kishor Parmar,9726901100,zalod_np@yahoo.co.in,Submitted,Save As Draft,Save As Draft,Sent to State,Submitted,Pending to be Submitted,Yes,,Q2 - 2024-2025,,,,,
917,GUJARAT,JHALOD,GJ-JHALOD-10622,Water Body Rejuvenation,PHASE II: REJUVENATION OF BHOJA LAKE JHALOD NAGARPALIKA,11-07-2024,Mr. Ghanshyam Bhalgama,Technical Expert,9687228433,gujarat.blg@gmail.com,Mr. Kishor Parmar,9726901100,zalod_np@yahoo.co.in,Submitted,Save As Draft,Save As Draft,Sent to State,Submitted,Pending to be Submitted,Yes,,Q2 - 2024-2025,,,,,
918,GUJARAT,DAHOD,GJ-DAHOD-10919,Water Supply,AMRUT 2.0 : Water supply project for Dahod Municipality,11-07-2024,Mr. Ghanshyam Bhalgama,Technical Expert,9687228433,gujarat.blg@gmail.com,Mr. Kiritbhai Ninama,9824372911,np_dahod@yahoo.co.in,Submitted,Submitted,Save As Draft,Sent to State,Submitted,Report Submitted,Yes,Compliance accepted.,Q2 - 2024-2025,,,,,
919,GUJARAT,DEVGADHBARIYA,GJ-DEVGADHBARIYA-5119,Water Supply,DEVGADH BARIA WATER SUPPLY SCHEME - NAL SE JAL,11-07-2024,Mr. Ghanshyam Bhalgama,Technical Expert,9687228433,gujarat.blg@gmail.com,Mr. Prashant Zala,9898520550,prashantzala888@gmail.com,Submitted,Submitted,Save As Draft,Sent to State,Submitted,Report Submitted,Yes,Compliance accepted.,Q2 - 2024-2025,,,,,
920,GUJARAT,DEVGADHBARIYA,GJ-DEVGADHBARIYA-7462,Water Supply,AMRUT 2.0: Water Supply Project in New Growth area King city & Hari Om Nagar at Devgadh Baria (Phase II),11-07-2024,Mr. Ghanshyam Bhalgama,Technical Expert,9687228433,gujarat.blg@gmail.com,Mr. Prasantsinh Zala,9898520550,prashantzala888@gmail.com,Submitted,Submitted,Save As Draft,Sent to State,Submitted,Report Submitted,Yes,Compliance accepted.,Q2 - 2024-2025,,,,,
921,GUJARAT,DEVGADHBARIYA,GJ-DEVGADHBARIYA-8092,Water Body Rejuvenation,AMRUT 2.0 : REJUVENATION OF MAN SAROVAR AT DEVGADH BARIA NAGARPALIKA,11-07-2024,Mr. Ghanshyam Bhalgama,Technical Expert,9687228433,gujarat.blg@gmail.com,Mr. Bhavinkumar Parmar,9904580963,npdevgadhbaria@gmail.com,Submitted,Submitted,Save As Draft,Sent to State,Submitted,Report Submitted,Yes,Compliance accepted.,Q2 - 2024-2025,,,,,
922,GUJARAT,SAVLI,GJ-SAVLI-4741,Water Supply,SAVLI WATER SUPPLY AUGMENTATION PROJECT NAL SE JAL,30-09-2024,Mr. Ghanshyam Bhalgama,Technical Expert,9687228433,gujarat.blg@gmail.com,Daxeshkumar Patel,8140020372,savlinp@yahoo.co.in,Submitted,Submitted,Save As Draft,Sent to State,Submitted,Report Submitted,Yes,Compliance Accepted,Q2 - 2024-2025,,,,,
923,GUJARAT,VADODARA,GJ-VADODARA-3253,Water Supply,VMC: Vadodara Water Supply Project - Vemali Village,31-05-2024,Sandip Vadher,Team leader,7043903718,gujarat.blg@gmail.com,Mrs. Padma Ratho,9825135296,exen.watersupply@vmc.gov,Submitted,Submitted,Save As Draft,Sent to State,Submitted,Report Submitted,Yes,Compliance accepted.,Q1 - 2024-2025,,,,,
924,GUJARAT,VADODARA,GJ-VADODARA-3270,Sewerage & Septage Management,"VMC: 21 MLD STP at Undera, Vadodara",31-05-2024,Sandip Vadher ,Team leader,7043903718,gujarat.blg@gmail.com,Mr. Rajesh Shimpi,9925033674,vmcdrainage@gmail.com,Submitted,Submitted,Save As Draft,Sent to State,Submitted,Report Submitted,Yes,Compliance Accepted.,Q1 - 2024-2025,,,,,
925,GUJARAT,VADODARA,GJ-VADODARA-3302,Sewerage & Septage Management,AMRUT 2.0: TRANCHE 2: VMC: Gravity network at Ghaghretia at VMC,14-08-2024,Sandip Vadher,Team Leader,7043903718,gujarat.blg@gmail.com,Hardik Makwana ,9909387089,vmcdrainage@gmail.com,Submitted,Submitted,Save As Draft,Sent to State,Submitted,Report Submitted,Yes,Compliance Accepted.,Q2 - 2024-2025,,,,,
926,GUJARAT,VADODARA,GJ-VADODARA-3506,Parks & Green Space Development,Upgradation in Sayajibaug in vadodara municipal corporation,31-12-2024,Sandip Vadher,Dy. Team Leader,7043903718,gujarat.blg@gmail.com,Dharmik Dave,9879500278,exen.parksngarden@vmc.gov.in,Submitted,Submitted,Save As Draft,Sent to State,Submitted,Report Submitted,Yes,Informatory comment. No action required.,Q3 - 2024-2025,,,,,
927,GUJARAT,VADODARA,GJ-VADODARA-4232,Water Supply,VMC: Vadodara Water Supply Project - Undera Village,31-05-2024,Sandip Vadher,Team leader,7043903718,gujarat.blg@gmail.com,Mahesh Vankar,9879550184,exen.watersupply@vmc.gov.in,Submitted,Submitted,Save As Draft,Sent to State,Submitted,Report Submitted,Yes,Compliance accepted.,Q1 - 2024-2025,,,,,
928,GUJARAT,VADODARA,GJ-VADODARA-4234,Water Supply,VMC: Vadodara Water Supply Project - Karodiya Village,31-05-2024,Sandip Vadher,Team leader,7043903718,gujarat.blg@gmail.com,Mr. PARTH CHAUDHARI,8980052008,exen.watersupply@vmc.gov.in,Submitted,Submitted,Save As Draft,Sent to State,Submitted,Report Submitted,Yes,Compliance accepted.,Q1 - 2024-2025,,,,,
929,GUJARAT,VADODARA,GJ-VADODARA-4236,Water Supply,VMC: Vadodara Water Supply Project - Tarsali- Vadadla Village,31-05-2024,Sandip Vadher,Team leader,7043903718,gujarat.blg@gmail.com,Mr. Harikrushna manani,9925086809,exen.watersupply@vmc.gov.in,Submitted,Submitted,Save As Draft,Sent to State,Submitted,Report Submitted,Yes,"The comments are informatory in nature, therefore, no action required.",Q1 - 2024-2025,,,,,
930,GUJARAT,VADODARA,GJ-VADODARA-4239,Water Supply,VMC: Vadodara Water Supply Project - Bil Village,31-05-2024,Sandip Vadher,Team leader,7043903718,gujarat.blg@gmail.com,Divyang Modi,7069029132,exen.watersupply@vmc.gov.in,Submitted,Submitted,Save As Draft,Sent to State,Submitted,Report Submitted,Yes,"No action required, as the comments were informatory in nature.",Q1 - 2024-2025,,,,,
931,GUJARAT,VADODARA,GJ-VADODARA-4240,Water Supply,"VMC: Vadodara Water Supply Project - Bhayli TP 2, Sevasi TP 2 Village",31-05-2024,Sandip Vadher,Team leader,7043903718,gujarat.blg@gmail.com,Divyang Modi,7069029132,exen.watersupply@vmc.gov.in,Submitted,Submitted,Save As Draft,Sent to State,Submitted,Report Submitted,Yes,The comments are informatory in nature. No action is required.,Q1 - 2024-2025,,,,,
932,GUJARAT,VADODARA,GJ-VADODARA-4247,Water Supply,VMC: Vadodara Water Supply Project - Bhayli Village TP 3 & 4,31-05-2024,Sandip Vadher,Team leader,7043903718,gujarat.blg@gmail.com,Divyang Modi,7069029132,exen.watersupply@vmc.gov.in,Submitted,Submitted,Save As Draft,Sent to State,Submitted,Report Submitted,Yes,Informatory comment. No action required.,Q1 - 2024-2025,,,,,
933,GUJARAT,VADODARA,GJ-VADODARA-4641,Water Supply,AMRUT 2.0: TRANCHE 2: VMC: 75 WTP at Nimeta and transmission line work AT VMC,31-05-2024,Sandip Vadher,Team leader,7043903718,gujarat.blg@gmail.com,Mr. Darshin Mehta ,99252 03996,exen.watersupply@vmc.gov.in,Submitted,Submitted,Save As Draft,Sent to State,Submitted,Report Submitted,Yes,Compliance accepted.,Q1 - 2024-2025,,,,,
934,GUJARAT,VADODARA,GJ-VADODARA-4644,Water Supply,"AMRUT 2.0 TRANCH 3 : 150 MLD INTAKE WELL , 75 MLD WTP AT RAYKA WITH TRANSMISSION MAIN.",12-08-2024,Sandip Vadher,Team Leader,7043903718,gujarat.blg@gmail.com,Darshin Mehta,9925203996,exen.watersupply@vmc.gov.in,Submitted,Submitted,Save As Draft,Sent to State,Submitted,Report Submitted,Yes,Informatory comment. No action required.,Q2 - 2024-2025,,,,,
935,GUJARAT,VADODARA,GJ-VADODARA-4652,Water Supply,VMC: Bapod Jambudiyapura OHT,14-08-2024,Sandip Vadher,Team Leader,7043903718,gujarat.blg@gmail.com,Niraj Chauhan,9909942024,exen.watersupply@vmc.gov.in,Submitted,Submitted,Save As Draft,Sent to State,Submitted,Report Submitted,Yes,No action required as comments are for the purpose of providing information.,Q2 - 2024-2025,,,,,
936,GUJARAT,VADODARA,GJ-VADODARA-4655,Water Supply,VMC: Soma Talav booster,14-08-2024,Sandip Vadher,Team Leader,7043903718,gujarat.blg@gmail.com,H.B.Manani,9925086809,vmsswaterworks@gmail.com,Submitted,Submitted,Save As Draft,Sent to State,Submitted,Report Submitted,Yes,Informatory comment. No action required.,Q2 - 2024-2025,,,,,
937,GUJARAT,VADODARA,GJ-VADODARA-4705,Sewerage & Septage Management,AMRUT 2.0: TRANCHE 2.0: VMC: 60  MLD STP at Sherkhi,14-08-2024,Sandip Vadher,Team leader,7043903718,gujarat.blg@gmail.com,Lakshyak Nedariya,9725095418,vmcdrainage@gmail.com,Submitted,Submitted,Save As Draft,Sent to State,Submitted,Report Submitted,Yes,Compliance Accepted.,Q2 - 2024-2025,,,,,
938,GUJARAT,VADODARA,GJ-VADODARA-4708,Sewerage & Septage Management,AMRUT 2.0 TRANCH 3 : Drainage gravity line work from Sevasi to Sherkhi,28-03-2025,Ghanshyam Bhalgama,Technical Expert,9687228433,gujarat.blg@gmail.com,Prasant Yadav,9099969752,vmcdrainage@gmail.com,Submitted,Save As Draft,Save As Draft,Sent to State,Submitted,Report Submitted,Yes,Informative comment. No action needed.,Q4 - 2024-2025,,,,,
939,GUJARAT,VADODARA,GJ-VADODARA-4719,Sewerage & Septage Management,"VMC: APS, Pressure line and drainage network at Bil",31-05-2024,Sandip Vadher,Team leader,7043903718,gujarat.blg@gmail.com,Mr. Maheshbhai Vankar.,9879550184,vmcdrainage@gmail.com,Submitted,Submitted,Save As Draft,Sent to State,Submitted,Report Submitted,Yes,The intent of the comments herein is to provide information. No action is required.,Q1 - 2024-2025,,,,,
940,GUJARAT,VADODARA,GJ-VADODARA-4720,Sewerage & Septage Management,VMC: Drainage gravity line from khatrinagar road to karodiya road,12-08-2024,Sandip Vadher ,Team Leader,7043903718,gujarat.blg@gmail.com,Kajal Patel,9727798362,vmcdrainage@gmail.com,Submitted,Submitted,Save As Draft,Sent to State,Submitted,Report Submitted,Yes,Informatory comment. No action required.,Q2 - 2024-2025,,,,,
941,GUJARAT,VADODARA,GJ-VADODARA-4721,Sewerage & Septage Management,VMC: Drainage gravity line at karodiya road,14-08-2024,Sandip Vadher,Team Leader,7043903718,gujarat.blg@gmail.com,Parth Chudhary ,8980052008,maheshvankar1004@gmail.com,Submitted,Submitted,Save As Draft,Sent to State,Submitted,Report Submitted,Yes,Compliance accepted.,Q2 - 2024-2025,,,,,
942,GUJARAT,VADODARA,GJ-VADODARA-4722,Sewerage & Septage Management,AMRUT 2.0: TRANCHE 2: VMC: Drainage Gravity network in Gorwa-Karodiya,14-08-2024,Sandip Vadher,Team Leader,7043903718,gujarat.blg@gmail.com,Prasant Yadav,09099969758,vmcdrainage@gmail.com,Submitted,Submitted,Save As Draft,Sent to State,Submitted,Report Submitted,Yes,Compliance accepted.,Q2 - 2024-2025,,,,,
943,GUJARAT,VADODARA,GJ-VADODARA-4725,Sewerage & Septage Management,AMRUT 2.0: TRANCHE 2: VMC: Sewerage system and Drainage network in Sevasi & Bhayli,31-05-2024,Sandip Vadher,Team leader,7043903718,gujarat.blg@gmail.com,Mr. Rajesh Shimpi,9925033674,vmcdrainage@gmail.com,Submitted,Submitted,Save As Draft,Sent to State,Submitted,Report Submitted,Yes,The comments are for informatory purposes. No action required.,Q1 - 2024-2025,,,,,
944,GUJARAT,VADODARA,GJ-VADODARA-4729,Sewerage & Septage Management,"VMC: New Drainage gravity network in Gorwa, Undera and Karodiya",31-05-2024,Sandip Vadher,Team leader,7043903718,gujarat.blg@gmail.com,RAJESH SHIMPIRAJESH SHIMPI,9925033674,vmcdrainage@gmail.com,Submitted,Submitted,Save As Draft,Sent to State,Submitted,Report Submitted,Yes,Compliance accepted.,Q1 - 2024-2025,,,,,
945,GUJARAT,VADODARA,GJ-VADODARA-4778,Sewerage & Septage Management,AMRUT 2.0: TRANCHE 2: VMC: Drainage network Tarsali OG,31-12-2024,Sandip Vadher,Dy Team Leader,7043903718,gujarat.blg@gmail.com,Lakshank Nedariya,9725095418,piuvadodara-gudc@gujarat.gov.in,Submitted,Submitted,Save As Draft,Sent to State,Submitted,Report Submitted,Yes,Informatory comment. No action required.,Q3 - 2024-2025,,,,,
946,GUJARAT,VADODARA,GJ-VADODARA-4784,Sewerage & Septage Management,AMRUT 2.0: TRANCHE 2: VMC: Gravity network in Vadadla,31-12-2024,Sandip Vadher,Dy Team Leader,7043903718,gujarat.blg@gmail.com,Hardik Makwana,9909387089,vmcdrainage@gmail.com,Submitted,Submitted,Save As Draft,Sent to State,Submitted,Report Submitted,Yes,Compliance accepted.,Q3 - 2024-2025,,,,,
947,GUJARAT,VADODARA,GJ-VADODARA-4788,Sewerage & Septage Management,AMRUT 2.0: TRANCHE 2: VMC: 60 MLD STP Tarsali,31-12-2024,Sandip Vadher,Dy. Team Leader,7043903718,gujarat.blg@gmail.com,Hardik Makwana ,9909387089,vmcdrainage@gmail.com,Submitted,Submitted,Save As Draft,Sent to State,Submitted,Report Submitted,Yes,These are Informatory comments. No action required.,Q3 - 2024-2025,,,,,
948,GUJARAT,VADODARA,GJ-VADODARA-4795,Sewerage & Septage Management,VMC: APS and network at Ghaghretiya,31-05-2024,Sandip Vadher ,Team Leader,7043903718,gujarat.blg@gmail.com,Kajal Patel,9727798362,vmcdrainage@gmail.com,Submitted,Submitted,Save As Draft,Sent to State,Submitted,Report Submitted,Yes,Informatory comment. No action required.,Q1 - 2024-2025,,,,,
949,GUJARAT,VADODARA,GJ-VADODARA-4797,Sewerage & Septage Management,VMC: Gravity line in Tarsali,31-05-2024,Sandip Vadher,Team leader,7043903718,gujarat.blg@gmail.com,Lakshyak Nedariya,9725095418,vmcdrainage@gmail.com,Submitted,Submitted,Save As Draft,Sent to State,Submitted,Report Submitted,Yes,Informatory comment. No action required.,Q1 - 2024-2025,,,,,
950,GUJARAT,VADODARA,GJ-VADODARA-4803,Sewerage & Septage Management,AMRUT 2.0 TRANCH 3 : Gravity line work in Kapurai,14-08-2024,Sandip Vadher,Team Leader,7043903718,gujarat.blg@gmail.com,Hardik Makwana ,9909387089,vmcdrainage@gmail.com,Submitted,Submitted,Save As Draft,Sent to State,Submitted,Report Submitted,Yes,The comments were for the purpose of providing information. No action is required.,Q2 - 2024-2025,,,,,
951,GUJARAT,VADODARA,GJ-VADODARA-10007,Water Supply,AMRUT 2.0: TRANCHE 2: VMC: Vadodara Water supply project - Sevasi Village,14-08-2024,Sandip Vadher,Team Leader,7043903718,gujarat.blg@gmail.com,Divyang Modi,7069029132,exen.watersupply@vmc.gov.in,Submitted,Submitted,Save As Draft,Sent to State,Submitted,Report Submitted,Yes,Informative comment. No action needed.,Q2 - 2024-2025,,,,,
952,GUJARAT,VADODARA,GJ-VADODARA-10008,Water Supply,AMRUT 2.0: TRANCHE 2: VMC: Gorwa O.G Boosting Station at VMC,14-08-2024,Sandip Vadher,Team Leader,7043903718,gujarat.blg@gmail.com,Mahesh Vankar,9879550184,exen.watersupply@vmc.gov.in,Submitted,Submitted,Save As Draft,Sent to State,Submitted,Report Submitted,Yes,Informative comment.,Q2 - 2024-2025,,,,,
953,GUJARAT,VADODARA,GJ-VADODARA-10943,Water Supply,AMRUT 2.0: TRANCHE 2.0: (Extension Phase 1) Vadodara Water Supply Project - Bhayli Village TP 3 & 4,14-08-2024,Sandip Vadher,Team Leader,7043903718,gujarat.blg@gmail.com,Divyang Modi,7069029132,exen.watersupply@vmc.gov.in,Submitted,Submitted,Save As Draft,Sent to State,Submitted,Report Submitted,Yes,Informative comment.,Q2 - 2024-2025,,,,,
954,GUJARAT,VADODARA,GJ-VADODARA-10944,Water Supply,AMRUT 2.0: TRANCHE 2.0:  (Extension Phase 1) Vadodara Water Supply Project - Undera Village,12-08-2024,Sandip Vadher,Dy. Team Leader,7043903718,gujarat.blg@gmail.com,Mahesh Vankar,9879550184,exen.watersupply@vmc.gov.in,Submitted,Submitted,Save As Draft,Sent to State,Submitted,Report Submitted,Yes,Compliance accepted.,Q2 - 2024-2025,,,,,
955,GUJARAT,VADODARA,GJ-VADODARA-10945,Water Supply,"AMRUT 2.0: TRANCHE 2.0: (Extension Phase 1) Vadodara Water Supply Project - Bhayli TP 2, Sevasi TP 2 Village",12-08-2024,Sandip Vadher,Team leader,7043903718,gujarat.blg@gmail.com,Divyang Modi,7069029132,exen.watersupply@vmc.gov.in,Submitted,Submitted,Save As Draft,Sent to State,Submitted,Report Submitted,Yes,Informative comment.,Q2 - 2024-2025,,,,,
956,GUJARAT,VADODARA,GJ-VADODARA-10947,Water Supply,AMRUT 2.0: TRANCHE 2.0:  (Extension Phase 1) Vadodara Water Supply Project - Bil Village,31-05-2024,Sandip Vadher,Dy. Team Leader,7043903718,gujarat.blg@gmail.com,Divyang  Modi,7069029132,exen.watersupply@vmc.gov.in,Submitted,Submitted,Save As Draft,Sent to State,Submitted,Report Submitted,Yes,Informative comment.,Q1 - 2024-2025,,,,,
957,GUJARAT,VADODARA,GJ-VADODARA-10948,Water Supply,AMRUT 2.0: TRANCHE 2.0: (Extension Phase 1) Vadodara Water Supply Project - Tarsali- Vadadla Village,14-08-2024,Sandip Vadher,Team Leader,7043903718,gujarat.blg@gmail.com,Atul Balgamia,9909008389,exen.watersupply@vmc.gov.in,Submitted,Submitted,Save As Draft,Sent to State,Submitted,Report Submitted,Yes,Informative comment.,Q2 - 2024-2025,,,,,
958,GUJARAT,VADODARA,GJ-VADODARA-10985,Sewerage & Septage Management,"AMRUT 2.0 TRANCH 3 : Drainage gravity network in Gorwa, Undera and Karodiya (Extension Phase 1)",14-08-2024,Sandip Vadher,Team Leader,7043903718,gujarat.blg@gmail.com,Prasant Yadav,9099969758,vmcdrainage@gmail.com,Submitted,Submitted,Save As Draft,Sent to State,Submitted,Report Submitted,Yes,Informative comment.,Q2 - 2024-2025,,,,,
959,GUJARAT,VADODARA,GJ-VADODARA-10986,Sewerage & Septage Management,AMRUT 2.0 SWAP 3 : APS and network at Karodiya (Extension Phase 1),12-08-2024,Sandip Vadher ,Team Leader,7043903718,gujarat.blg@gmail.com,Kajal Patel,9727798362,vmcdrainage@gmail.com,Submitted,Submitted,Save As Draft,Sent to State,Submitted,Report Submitted,Yes,Informative comment.,Q2 - 2024-2025,,,,,
960,GUJARAT,VADODARA,GJ-VADODARA-10987,Sewerage & Septage Management,"AMRUT 2.0: Construction of 21 MLD STP at Undera, Vadodara (Extension of Phase I)",14-08-2024,Sandip Vadher,Dy. Team Leader,7043,gujarat.blg@gmail.com,Mr. Rajesh Shimpi,9925033674,vmcdrainage@gmail.com,Submitted,Submitted,Save As Draft,Sent to State,Submitted,Report Submitted,Yes,Informative comment.,Q2 - 2024-2025,,,,,
961,GUJARAT,VADODARA,GJ-VADODARA-11425,Water Body Rejuvenation,AMRUT 2.0: TRANCHE 2: Development of Ramnath Lake at Vadodara,12-08-2024,Sandip Vadher,Dy. Team Leader,7043903718,gujarat.blg@gmail.com,Jagdish,9106549607,futuristicvmc@gmail.com,Submitted,Submitted,Save As Draft,Sent to State,Submitted,Report Submitted,Yes,Informative comment.,Q2 - 2024-2025,,,,,
962,GUJARAT,VADODARA,GJ-VADODARA-11568,Water Body Rejuvenation,AMRUT 2.0: TRANCHE 2: Development of Kapurai Lake at Vadodara,31-05-2024,Sandip Vadher ,Team Leader,7043703718,gujarat.blg@gmail.com,Shri. Mukesh Ajmeri ,9909008387,futuristicvmc@gmail.com ,Submitted,Submitted,Save As Draft,Sent to State,Submitted,Report Submitted,Yes,Informative comment.,Q1 - 2024-2025,,,,,
963,GUJARAT,VADODARA,GJ-VADODARA-11625,Water Body Rejuvenation,AMRUT 2.0: TRANCHE 2: Development of Bhayli Lake at Vadodara,28-03-2025,Ghanshyam Bhalgama,Technical Expert,9687228433,gujarat.blg@gmail.com,Rajesh Chauhan,9879000704,futuristicvmc@gmail.com ,Submitted,Save As Draft,Save As Draft,Sent to State,Submitted,Report Submitted,Yes,Informative comment.,Q4 - 2024-2025,,,,,
964,GUJARAT,VADODARA,GJ-VADODARA-11687,Sewerage & Septage Management,AMRUT 2.0 TRANCH 3 : Reuse of 42 MLD Treated Waste Water from Chhani STP,31-12-2024,Sandip Vadher,Team leader,7043903718,gujarat.blg@gmail.com,Lakshyak Nedariya,9725095418,vmcdrainage@gmail.com,Submitted,Submitted,Save As Draft,Sent to State,Submitted,Report Submitted,Yes,Informative comment.,Q3 - 2024-2025,,,,,
965,GUJARAT,VADODARA,GJ-VADODARA-11691,Water Supply,AMRUT 2.0: TRANCHE 2: (Extension Phase 1) Bapod Jambudiyapura OHT,14-08-2024,Sandip Vadher,Team Leader,7043903718,gujarat.blg@gmail.com,Niraj Chauhan,9909942024,exen.watersupply@vmc.gov.in,Submitted,Submitted,Save As Draft,Sent to State,Submitted,Report Submitted,Yes,Informative comment.,Q2 - 2024-2025,,,,,
966,GUJARAT,VADODARA,GJ-VADODARA-11708,Sewerage & Septage Management,AMRUT 2.0: TRANCHE 2.0: Jetalpur APS Upgradation,14-08-2024,Sandip Vadher ,Team Leader,7043703718,gujarat.blg@gmail.com,Amrish Patel,7567868670,futuristicvmc@gmail.com ,Submitted,Submitted,Save As Draft,Sent to State,Submitted,Report Submitted,Yes,Informative comment.,Q2 - 2024-2025,,,,,
967,GUJARAT,VADODARA,GJ-VADODARA-14348,Sewerage & Septage Management,AMRUT 2.0 TRANCH 3 : Sewerage infrastructure in Darjipura and Harni area,14-08-2024,Sandip Vadher,Team Leader,7043903718,gujarat.blg@gmail.com,Yash Patel ,9898101210,vmcdraiange@gmail.com,Submitted,Submitted,Save As Draft,Sent to State,Submitted,Report Submitted,Yes,Informative comment.,Q2 - 2024-2025,,,,,
968,GUJARAT,VADODARA,GJ-VADODARA-14349,Sewerage & Septage Management,AMRUT 2.0 TRANCH 3 : Drainage gravity line in East zone,14-08-2024,Sandip Vadher,Team Leader,7043903718,gujarat.blg@gmail.com,Yash Patel ,9898101210,vmcdrainage@gmail.com,Submitted,Submitted,Save As Draft,Sent to State,Submitted,Report Submitted,Yes,Informative comment.,Q2 - 2024-2025,,,,,
969,GUJARAT,VADODARA,GJ-VADODARA-14379,Water Supply,AMRUT 2.0 TRANCH 3 : Booster station near ward 4 office in East Zone,31-12-2024,Sandip Vadher,Dy. Team Leader,7043903718,gujarat.blg@gmail.com,Shakti Shah,9909008316,exen.watersupply@vmc.gov.in,Submitted,Submitted,Save As Draft,Sent to State,Submitted,Report Submitted,Yes,Informative comment.,Q3 - 2024-2025,,,,,
970,GUJARAT,CHHOTA UDEPUR,GJ-CHHOTA_UDEPUR-3521,Water Supply,CHOTAUDEPUR NAGARPALIKA WATER SUPPLY NAL SE JAL PROJECT,26-09-2024,Sandip Vadher,Dy. Team  Leader,7043903718,gujarat.blg@gmail.com,Faraj V Makrani,963849001,np_cudepur@yahoo.co.in,Submitted,Submitted,Save As Draft,Sent to State,Submitted,Report Submitted,Yes,Compliance Accepted,Q2 - 2024-2025,,,,,
971,GUJARAT,CHHOTA UDEPUR,GJ-CHHOTA_UDEPUR-4921,Parks & Green Space Development,CHHOTAUDEPUR  GARDEN RE-DEVOLEPMENT PROJECT AT SHRI SHASHTRI GARDEN,26-09-2024,Sandip Vadher,Dy. Team  Leader,7043903718,gujarat.blg@gmail.com,Faraj V Makrani,963849001,np_cudepur@yahoo.co.in,Submitted,Submitted,Save As Draft,Sent to State,Submitted,Report Submitted,Yes,Compliance accepted.,Q2 - 2024-2025,,,,,
972,GUJARAT,CHHOTA UDEPUR,GJ-CHHOTA_UDEPUR-4973,Water Body Rejuvenation,PROJECT FOR DEVELOPEMENT OF KUSUM SAGAR LAKE  ,26-09-2024,Sandip Vadher,Dy. Team Leader,7043903718,gujarat.blg@gmail.com,Faraj V Makrani,963849001,np_cudepur@yahoo.co.in,Submitted,Submitted,Save As Draft,Sent to State,Submitted,Report Submitted,Yes,Compliance accepted.,Q2 - 2024-2025,,,,,
973,GUJARAT,CHHOTA UDEPUR,GJ-CHHOTA_UDEPUR-8095,Water Body Rejuvenation,AMRIT SAROVAR: PROJECT FOR DEVELOPEMENT OF KUSUM SAGAR LAKE PHASE-2 WITH 5 YEAR O&M ,26-09-2024,Sandip Vadher,Dy. Team  Leader,7043903718,gujarat.blg@gmail.com,Faraj V Makrani,963849001,np_cudepur@yahoo.co.in,Submitted,Submitted,Save As Draft,Sent to State,Submitted,Report Submitted,Yes,Compliance accepted.,Q2 - 2024-2025,,,,,
974,GUJARAT,CHHOTA UDEPUR,GJ-CHHOTA_UDEPUR-10609,Parks & Green Space Development,AMRUT 2.0: PHASE II: CHHOTAUDEPUR  GARDEN RE-DEVOLEPMENT PROJECT AT SHRI SHASHTRI GARDEN,26-09-2024,Sandip Vadher,Dy. Team  Leader,7043903718,gujarat.blg@gmail.com,Faraj V Makrani,963849001,np_cudepur@yahoo.co.in,Submitted,Submitted,Save As Draft,Sent to State,Submitted,Report Submitted,Yes,Compliance accepted.,Q2 - 2024-2025,,,,,
975,GUJARAT,DABHOI,GJ-DABHOI-4695,Water Supply,Water Supply Scheme for Dabhoi Nagarpalika,27-09-2024,Sandip Vadher,Team Leader,7043903718,gujarat.blg@gmail.com,Vaibhav Acharya,9664784747,np_dabhoi@yahoo.co.in,Submitted,Submitted,Save As Draft,Sent to State,Submitted,Report Submitted,Yes,Compliance accepted.,Q2 - 2024-2025,,,,,
976,GUJARAT,DABHOI,GJ-DABHOI-4733,Parks & Green Space Development,Renovation and Beautification of Sardar Garden,27-09-2024,Sandip Vadher,Dy. Team Leader,7043903718,gujarat.blg@gmail.com,Vaibhav Acharya,9664784747,np_dabhoi@yahoo.co.in,Submitted,Submitted,Save As Draft,Sent to State,Submitted,Report Submitted,Yes,Compliance accepted.,Q2 - 2024-2025,,,,,
977,GUJARAT,DABHOI,GJ-DABHOI-4752,Water Body Rejuvenation,Beautification of Ram Tekri Talav for Dabhoi Nagarpalika,27-09-2024,Sandip Vadher,Team Leader,7043903718,gujarat.blg@gmail.com,Vaibhav Acharya,9664784747,np_dabhoi@yahoo.co.in,Submitted,Submitted,Save As Draft,Sent to State,Submitted,Report Submitted,Yes,Compliance accepted.,Q2 - 2024-2025,,,,,
978,GUJARAT,DABHOI,GJ-DABHOI-8106,Water Body Rejuvenation,AMRUT 2.0 : TRANCHE 2.0 : Development of Ram Tekri Talav - Phase 2,27-09-2024,Sandip Vadher,Dy. Team Leader,7043903718,gujarat.blg@gmail.com,Vaibhav Acharya,9664784747,np_dabhoi@yahoo.co.in,Submitted,Submitted,Save As Draft,Sent to State,Submitted,Report Submitted,Yes,Compliance accepted. ,Q2 - 2024-2025,,,,,
979,GUJARAT,DABHOI,GJ-DABHOI-10680,Parks & Green Space Development,AMRUT 2.0: Phase II: Renovation and Beautification of Sardar Garden,27-09-2024,Sandip Vadher,Team Leader,7043903718,gujarat.blg@gmail.com,Vaibhav Acharya,9664784747,np_dabhoi@yahoo.co.in,Submitted,Submitted,Save As Draft,Sent to State,Submitted,Report Submitted,Yes,A proper completion plan needs to be devised. Estimated completion date should be proposed as well. There should be significant progress in the next visit. ,Q2 - 2024-2025,,,,,
980,GUJARAT,DABHOI,GJ-DABHOI-14167,Water Supply,AMRUT-2.0: TRANCH-3: AUGMENTATION OF DABHOI WATER SUPPLY SCHEME,27-09-2024,Sandip Vadher,Team Leader,7043903718,gujarat.blg@gmail.com,Laxmansinh Dabhi,9737042039,piuvadodara-gudc@gujarat.gov.in,Submitted,Save As Draft,Save As Draft,Sent to State,Submitted,Report Submitted,Yes,Informative comment. No action required.,Q2 - 2024-2025,,,,,
981,GUJARAT,PADRA,GJ-PADRA-4690,Water Supply,Construction of Under Ground Sump & Transmission Network at Padra Nagarpalika,27-09-2024,Sandip Vadher,Team Leader,7043903718,gujarat.blg@gmail.com,Bhavikaben Trivedi,8401759503,nagarsevasaden_padra@yahoo.co.in,Submitted,Submitted,Save As Draft,Sent to State,Submitted,Report Submitted,Yes,Compliance accepted.,Q2 - 2024-2025,,,,,
982,GUJARAT,PADRA,GJ-PADRA-4703,Parks & Green Space Development,AMRUT 2.0: Development of Sayaji  Garden Near Railway Station at Padra Nagarpalika,27-09-2024,Sandip Vadher,Team Leader,7043903718,gujarat.blg@gmail.com,Bhavikaben Trivedi,8401759503,nagarsevasaden_padra@yahoo.co.in,Submitted,Submitted,Save As Draft,Sent to State,Submitted,Report Submitted,Yes,Compliance accepted.,Q2 - 2024-2025,,,,,
983,GUJARAT,PADRA,GJ-PADRA-4706,Parks & Green Space Development,Augmentation of Phool  Garden Near Ambaji Lake at Padra Nagarpalika,27-09-2024,Sandip Vadher,Team Leader,7043903718,gujarat.blg@gmail.com,Bhavikaben Trivedi,8401759503,nagarsevasaden_padra@yahoo.co.in,Submitted,Submitted,Save As Draft,Sent to State,Submitted,Report Submitted,Yes,Probable completion date needs to be deduced. Use Bar chart and work plan to do so. Considering the completion date is already over.,Q2 - 2024-2025,,,,,
984,GUJARAT,PADRA,GJ-PADRA-8461,Water Body Rejuvenation,AMRUT 2.0 : Development of Govind Pura Lake  at Padra Nagarpalika,27-09-2024,Sandip Vadher,Team Leader,7043903718,gujarat.blg@gmail.com,Bhavikaben Trivedi,8401759503,nagarsevasaden_padra@yahoo.co.in,Submitted,Save As Draft,Save As Draft,Sent to State,Submitted,Report Submitted,Yes,Compliance accepted.,Q2 - 2024-2025,,,,,
985,GUJARAT,PADRA,GJ-PADRA-10588,Water Supply,"AMRUT 2.0 : TRANCHE 2.0 : WATER SUPPLY PROJECT (ESR, SUMP, RISING MAIN, PUMP ROOM, DISTRIBUTION NETWORK) IN PADRA MUNICIPALITY",27-09-2024,Sandip Vadher,Dy Team Leader,7043903718,gujarat.blg@gmail.com,Laxmansinh Dabhi,9737042039,piuvadodara-gudc@gujarat.gov.in,Submitted,Save As Draft,Save As Draft,Sent to State,Submitted,Report Submitted,Yes,Informative comment.No action required.,Q2 - 2024-2025,,,,,
986,GUJARAT,KARJAN,GJ-KARJAN-4697,Water Supply,Water Supply Scheme Karjan Nagarpalika,12-03-2025,Sandip Vadher,Team Leader,7043903718,gujarat.blg@gmail.com,Pankit K Maheta,9924659003,np_karjan@yahoo.co.in,Submitted,Submitted,Save As Draft,Sent to State,Submitted,Report Submitted,Yes,Compliance Accepted,Q4 - 2024-2025,,,,,
987,GUJARAT,KARJAN,GJ-KARJAN-4749,Water Body Rejuvenation,Karjan Nagarpalika : Water Body Rejuvenation Project,27-09-2024,Sandip Vadher,Team Leader,7043903718,gujarat.blg@gmail.com,Pankit K Maheta,9924659003,np_karjan@yahoo.co.in,Submitted,Submitted,Save As Draft,Sent to State,Submitted,Report Submitted,Yes,Compliance accepted.,Q2 - 2024-2025,,,,,
988,GUJARAT,KARJAN,GJ-KARJAN-4760,Parks & Green Space Development,AMRUT 2.0 : Development of Shreemati kanuba Chavda Garden in Karjan Municipality,27-09-2024,Sandip Vadher,Team Leader,7043903718,gujarat.blg@gmail.com,Pankit K Maheta,9924659003,np_karjan@yahoo.co.in,Submitted,Submitted,Save As Draft,Sent to State,Submitted,Report Submitted,Yes,Compliance accepted.,Q2 - 2024-2025,,,,,
989,GUJARAT,KARJAN,GJ-KARJAN-4762,Parks & Green Space Development,Development of Vrundavan Park Garden,12-03-2025,Sandip Vadher,Team Leader,7043903718,gujarat.blg@gmail.com,Pankit K Maheta,9924659003,np_karjan@yahoo.co.in,Submitted,Save As Draft,Save As Draft,Sent to State,Submitted,Report Submitted,Yes,Informative comment.,Q4 - 2024-2025,,,,,
990,GUJARAT,KARJAN,GJ-KARJAN-10599,Water Supply,WATER SUPPLY SCHEME AT KARJAN NAGARPALIKA,27-09-2024,Sandip Vadher,Team Leader,7043903718,gujarat.blg@gmail.com,Pankit K Maheta,9924659003,np_karjan@yahoo.co.in,Submitted,Submitted,Save As Draft,Sent to State,Submitted,Report Submitted,Yes,Prepare as built drawings.,Q2 - 2024-2025,,,,,
991,GUJARAT,KARJAN,GJ-KARJAN-14144,Water Supply,AMRUT 2.0 : TRANCHE 3 : KARJAN WATER SUPPLY SCHEME,16-12-2024,Sandip Vadher,Team Leader,7043903718,gujarat.blg@gmail.com,Pankit K Maheta,9924659003,np_karjan@yahoo.co.in,Submitted,Submitted,Save As Draft,Sent to State,Submitted,Report Submitted,Yes,"The comments are for the purpose of providing information. No action required.
",Q3 - 2024-2025,,,,,
992,GUJARAT,RAJPIPLA,GJ-RAJPIPLA-4970,Water Supply,Water Supply Scheme Rajpipla Nagarpalika,20-09-2025,Ghanshyam Bhalgama,Technical Expert,9687228433,gujarat.blg@gmail.com,Hemrajbhai Rathod,8460495070,np_rajpipla@yahoo.co.in,Save As Draft,Save As Draft,Save As Draft,Pending Sent to State,Pending Submitted,Pending to be Submitted,,,Q2 - 2025-2026,,,,,
993,GUJARAT,RAJPIPLA,GJ-RAJPIPLA-4975,Parks & Green Space Development,Garden Development Rajpipla Nagarpalika,26-09-2024,Sandip Vadher,Dy. Team Leader,7043903718,gujarat.blg@gmail.com,Hemrajbhai Rathod,8460495070,np_rajpipla@yahoo.co.in,Submitted,Submitted,Save As Draft,Sent to State,Submitted,Report Submitted,Yes,Compliance accepted.,Q2 - 2024-2025,,,,,
994,GUJARAT,JAMBUSAR,GJ-JAMBUSAR-4852,Water Supply,Jambusar Water Supply Scheme,23-09-2024,Sandip Vadher,Dy. Team Leader,7043903718,gujarat.blg@gmail.com,Akshay solanki,8320939825,np_jambusar@yahoo.com,Submitted,Submitted,Save As Draft,Sent to State,Submitted,Report Submitted,Yes,Compliance accepted.,Q2 - 2024-2025,,,,,
995,GUJARAT,JAMBUSAR,GJ-JAMBUSAR-4882,Water Body Rejuvenation,Jambusar Pishacheshwar Mahadev Talav Water Body Rejuvenation Project,23-09-2024,Sandip Vadher,Dy. Team Leader,7043903718,gujarat.blg@gmail.com,Akshay ,9320939825,np_jambusar@yahoo.com,Submitted,Submitted,Save As Draft,Sent to State,Submitted,Report Submitted,Yes,Compliance will be considered completed when photos of the rectified work are attached.,Q2 - 2024-2025,,,,,
996,GUJARAT,JAMBUSAR,GJ-JAMBUSAR-8081,Water Body Rejuvenation,AMRUT 2.0 : REJUVENATION OF  PISHACHESHWAR MAHADEV TALAV PHASE-2 JAMBUSAR,23-09-2024,Sandip Vadher,Dy. Team Leader,7043903718,gujarat.blg@gmail.com,Akshay solanki,9320939825,np_jambusar@yahoo.com,Submitted,Submitted,Save As Draft,Sent to State,Submitted,Report Submitted,Yes,Compliance will be considered completed when photos of the rectified work are attached.,Q2 - 2024-2025,,,,,
997,GUJARAT,JAMBUSAR,GJ-JAMBUSAR-10641,Water Supply,AMRUT 2.0: TRANCHE 2: WATER SUPPLY SCHEME AT JAMBUSAR NAGARPALIKA,23-09-2024,Sandip Vadher,Dy. Team Leader,7043903718,gujarat.blg@gmail.com,Akshay ,9320939825,np_jambusar@yahoo.com,Submitted,Submitted,Save As Draft,Sent to State,Submitted,Report Submitted,Yes,Compliance accepted.,Q2 - 2024-2025,,,,,
998,GUJARAT,JAMBUSAR,GJ-JAMBUSAR-14217,Water Supply,AMRUT 2.0: TRANCH-3: Providing and laying water supply  Distribution  line and pumping machinery at various location of Jambusar Nagarpalika.,23-09-2024,Sandip Vadher,Dy. Team Leader,7043903718,gujarat.blg@gmail.com,Akshay solanki,9320939825,np_jambusar@yahoo.com,Submitted,Submitted,Save As Draft,Sent to State,Submitted,Report Submitted,Yes,Informative comment. No action required.,Q2 - 2024-2025,,,,,
999,GUJARAT,AMOD,GJ-AMOD-4869,Water Supply,Amod Water Supply Scheme,23-08-2024,Sandip Vadher,Deputy Team Leader,7043903718,gujarat.blg@gmail.com,Kiran Makwana,9978284048,np_amod@yahoo.co.in,Submitted,Submitted,Save As Draft,Sent to State,Submitted,Report Submitted,Yes,Compliance Accepted.,Q2 - 2024-2025,,,,,
1000,GUJARAT,AMOD,GJ-AMOD-4878,Water Body Rejuvenation,Amod Motu Talav Rejuvenation Project,23-08-2024,Sandip Vadher,Dy. Team Leader,7043903718,gujarat.blg@gmail.com,Kiran makavana,9978284048,np_amod@yahoo.com,Submitted,Submitted,Save As Draft,Sent to State,Submitted,Report Submitted,Yes,Compliance Accepted,Q2 - 2024-2025,,,,,
1001,GUJARAT,AMOD,GJ-AMOD-8062,Water Body Rejuvenation,AMRIT SAROVAR: Amod Motu Talav Rejuvenation Project,23-08-2024,Sandip Vadher,Deputy Team Leader,9687228433,gujarat.blg@gmail.com,Kiran makavana,9978284048,np_amod@yahoo.com,Submitted,Submitted,Save As Draft,Sent to State,Submitted,Report Submitted,Yes,Approved ,Q2 - 2024-2025,,,,,
1002,GUJARAT,AMOD,GJ-AMOD-10646,Water Supply,AMRUT 2.0 : DISTRIBUTION NETWORK IN AMOD MUNICIPALITY,23-08-2024,Sandip Vadher,Technical Expert,7043903718,gujarat.blg@gmail.com,Kiran makavana,9978284048,np_amod@yahoo.com,Submitted,Submitted,Save As Draft,Sent to State,Submitted,Report Submitted,Yes,Informative comment. No action required.,Q2 - 2024-2025,,,,,
1003,GUJARAT,BHARUCH,GJ-BHARUCH-3781,Parks & Green Space Development,Redevelopment of Dadabhai Baug Bharuch Nagarpalika,23-09-2024,Sandip Vadher ,Team Leader,7043903718,gujarat.blg@gmail.com,Visvjeet Rathod,9574007008,np_bharuch@yahoo.co.in,Submitted,Submitted,Save As Draft,Sent to State,Submitted,Report Submitted,Yes,Compliance accepted.,Q2 - 2024-2025,,,,,
1004,GUJARAT,BHARUCH,GJ-BHARUCH-3790,Water Body Rejuvenation,Rejuvenation and Beautification of Ratan Talav,24-03-2025,Sandip Vadher ,Team Leader,7043903718,gujarat.blg@gmail.com,Visvjeet Rathod,9574007008,np_bharuch@yahoo.co.in,Submitted,Submitted,Save As Draft,Sent to State,Submitted,Report Submitted,Yes,Informative comment. No action needed.,Q4 - 2024-2025,,,,,
1005,GUJARAT,BHARUCH,GJ-BHARUCH-3867,Water Supply,"Missing Links in Water Supply Scheme Bharuch (Distribution Network ,CWS and ESR)",23-09-2024,Sandip Vadher ,Dy. Team Leader,7043903718,gujarat.blg@gmail.com,K D patel ,+91 72280 22537,piusurat-gudc@gujarat.gov.in,Submitted,Save As Draft,Save As Draft,Sent to State,Submitted,Report Submitted,Yes,Informative comment. No action required.,Q2 - 2024-2025,,,,,
1006,GUJARAT,BHARUCH,GJ-BHARUCH-3916,Sewerage & Septage Management,Underground Drainage Network in Newly Developed area and Missing Links in Bharuch City,23-09-2024,Sandip Vadher ,Dy. Team Leader,7043903718,gujarat.blg@gmail.com,K D patel ,+91 72280 22537,piusurat-gudc@gujarat.gov.in,Submitted,Save As Draft,Save As Draft,Sent to State,Submitted,Report Submitted,Yes,Work plan and estimated completion should have been intimated.,Q2 - 2024-2025,,,,,
1007,GUJARAT,BHARUCH,GJ-BHARUCH-4508,Water Supply,AMRUT2.0 :TRANCHE-2: Raw Water transit from Amleshwar Branch Canal (SSNNL)  to Matariya Talaav of Bharuch Municipality.,23-09-2024,Sandip Vadher ,Dy. Team Leader,7043903718,gujarat.blg@gmail.com,K D patel ,+91 72280 22537,piusurat-gudc@gujarat.gov.in,Submitted,Save As Draft,Save As Draft,Sent to State,Submitted,Report Submitted,Yes,Informative comment. No action required.,Q2 - 2024-2025,,,,,
1008,GUJARAT,BHARUCH,GJ-BHARUCH-8029,Water Body Rejuvenation,AMRIT SAROVAR: Rejuvenation of Lake Development of Ratan Talav,24-03-2025,Sandip Vadher ,Team Leader,7043903718,gujarat.blg@gmail.com,Visvjeet Rathod,9574007008,np_bharuch@yahoo.co.in,Submitted,Submitted,Save As Draft,Sent to State,Submitted,Report Submitted,Yes,Informative comment. No action needed.,Q4 - 2024-2025,,,,,
1009,GUJARAT,BHARUCH,GJ-BHARUCH-14085,Sewerage & Septage Management,AMRUT 2.0: Tranche 3: Underground Drainage Projects (Missing Links) Bharuch City,23-10-2024,Sandip Vadher ,Dy. Team Leader,7043903718,gujarat.blg@gmail.com,K D patel ,+91 72280 22537,piusurat-gudc@gujarat.gov.in,Submitted,Submitted,Save As Draft,Sent to State,Submitted,Report Submitted,Yes,Compliance accepted.,Q3 - 2024-2025,,,,,
1010,GUJARAT,ANKLESHWER,GJ-ANKLESHWER-5051,Water Supply,Ankleshwar Nagarpalika Water Augmentation Project,23-09-2024,Sandip Vadher ,Dy. Team Leader,7043903718,gujarat.blg@gmail.com,K D Patel,7228022537,piusurat-gudc@gujarat.gov.in,Submitted,Submitted,Save As Draft,Sent to State,Submitted,Report Submitted,Yes,The concerned authority need to intervene in order to expediate the process.,Q2 - 2024-2025,,,,,
1011,GUJARAT,ANKLESHWER,GJ-ANKLESHWER-5056,Water Body Rejuvenation,Dhediya Talav Beautification Project,23-09-2024,Sandip Vadher,Dy Team Leader,7043903718,gujarat.blg@gmail.com,Pankaj Modi,9099918914,np_ankleshwar@yahoo.co.in,Submitted,Submitted,Save As Draft,Sent to State,Submitted,Report Submitted,Yes,Compliance accepted.,Q2 - 2024-2025,,,,,
1012,GUJARAT,ANKLESHWER,GJ-ANKLESHWER-5076,Parks & Green Space Development,Javahar park Renovation Project,23-09-2024,Sandip VAdher,Dy. Team Leader,7043903718,gujarat.blg@gmail.com,Pankaj Modi,9099918914,np_ankleshwar@yahoo.co.in,Submitted,Submitted,Save As Draft,Sent to State,Submitted,Report Submitted,Yes,Compliance accepted.,Q2 - 2024-2025,,,,,
1013,GUJARAT,ANKLESHWER,GJ-ANKLESHWER-7982,Water Body Rejuvenation,"AMRIT SAROVAR : REJUVENATION OF DHEDIYA TALAV (KAMLAM) PHASE-2, ANKLESHWAR",23-09-2024,Sandip Vadher,Dy. Team Leader,7043903718,gujarat.blg@gmail.com,Pankaj Modi,9099918914,np_ankleshwar@yahoo.co.in,Submitted,Submitted,Save As Draft,Sent to State,Submitted,Report Submitted,Yes,Compliance accepted.,Q2 - 2024-2025,,,,,
1014,GUJARAT,ANKLESHWER,GJ-ANKLESHWER-10637,Water Supply,AMRUT 2.0: AUGMENTATION OF ANKLESHWAR WATER SUPPLT SCHEME ON BHADBHUT BARRIAGE,23-09-2024,Sandip Vadher,Dy Team Leader,7043903718,gujarat.blg@gmail.com,D K Solanki,9825562693,vpp-gudc@gujarat.gov.in,Submitted,Submitted,Save As Draft,Sent to State,Submitted,Report Submitted,Yes,Compliance accepted,Q2 - 2024-2025,,,,,
1015,GUJARAT,ANKLESHWER,GJ-ANKLESHWER-10638,Parks & Green Space Development,AMRUT 2.0: PURUSHOTTAM BAGH GARDEN DEVELOPMENT PROJECT IN ANKLESHWAR,23-09-2024,Sandip Vadher,Dy. Team Leader,7043903718,gujarat.blg@gmail.com,Pankaj Modi,9099918914,np_ankleshwar@yahoo.co.in,Submitted,Submitted,Save As Draft,Sent to State,Submitted,Report Submitted,Yes,Informative comment. No action required.,Q2 - 2024-2025,,,,,
1016,GUJARAT,NAVSARI,GJ-NAVSARI-3816,Water Supply,AMRUT2.0 :TRANCHE-2: Water Supply Scheme for Zone 1 of Navsari Vijalpore Municipality,24-09-2024,Sandip Vadher,Dy. Team Ledear,7043903718,gujarat.blg@gmil.com,K D patel,+91 72280 22537,piusurat-gudc@gujarat.gov.in,Submitted,Submitted,Save As Draft,Sent to State,Submitted,Report Submitted,Yes,Informative comment. No action required.,Q2 - 2024-2025,,,,,
1017,GUJARAT,NAVSARI,GJ-NAVSARI-3939,Water Supply,AMRUT2.0 :TRANCHE-2: Water Supply Scheme for Zone 2 of Navsari Vijalpore Municipality,24-09-2024,Sandip Vadher,Dy. Team Ledear,7043903718,gujarat.blg@gmil.com,K D patel, 72280 22537,piusurat-gudc@gujarat.gov.in,Submitted,Submitted,Save As Draft,Sent to State,Submitted,Report Submitted,Yes,Informative comment. No action required.,Q2 - 2024-2025,,,,,
1018,GUJARAT,NAVSARI,GJ-NAVSARI-3949,Water Supply,NAVSARI: Water Supply Scheme for Zone 3 of Navsari Vijalpore Municipality,24-09-2024,Sandip Vadher,Dy. Team Ledear,7043903718,gujarat.blg@gmil.com,K D patel, 72280 22537,piusurat-gudc@gujarat.gov.in,Submitted,Submitted,Save As Draft,Sent to State,Submitted,Report Submitted,Yes,Informative comment. No action required.,Q2 - 2024-2025,,,,,
1019,GUJARAT,NAVSARI,GJ-NAVSARI-4101,Water Supply,NAVSARI: Water Supply Scheme for Zone 4 of Navsari Vijalpore Municipality,24-09-2024,Sandip Vadher,Dy. Team Leader,7043903718,gujarat.blg@gmail.com,K D Patel,7228022537,piusurat-gudc@gujarat.gov.in,Submitted,Submitted,Save As Draft,Sent to State,Submitted,Report Submitted,Yes,Compliance accepted.,Q2 - 2024-2025,,,,,
1020,GUJARAT,NAVSARI,GJ-NAVSARI-4107,Water Supply,NAVSARI: Water Supply Scheme for Zone 5 of Navsari Vijalpore Municipality,24-09-2024,Sandip Vadher,Dy. Team Ledear,7043903718,gujarat.blg@gmil.com,K D patel, 72280 22537,piusurat-gudc@gujarat.gov.in,Submitted,Submitted,Save As Draft,Sent to State,Submitted,Report Submitted,Yes,Informative comment. No action required.,Q2 - 2024-2025,,,,,
1021,GUJARAT,NAVSARI,GJ-NAVSARI-4121,Water Body Rejuvenation," Rejuvenation Of  Kankariya Talav, Tighra",24-09-2024,Sandip Vadher,Dy. Team Leader,7043903718,gujarat.blg@gmail.com,Kiran Patel,8460477120,np_navasari@yahoo.co.in,Submitted,Submitted,Save As Draft,Sent to State,Submitted,Report Submitted,Yes,Compliance accepted.,Q2 - 2024-2025,,,,,
1022,GUJARAT,NAVSARI,GJ-NAVSARI-4134,Sewerage & Septage Management,AMRUT2.0 : Construction of  37 MLD STP Phase II at Navsari Vijalpore Municipality,24-09-2024,Sandip Vadher,Dy. Team Ledear,7043903718,gujarat.blg@gmil.com,K D patel, 72280 22537,piusurat-gudc@gujarat.gov.in,Submitted,Save As Draft,Save As Draft,Sent to State,Submitted,Report Submitted,Yes,Informative comment. No action required.,Q2 - 2024-2025,,,,,
1023,GUJARAT,NAVSARI,GJ-NAVSARI-6163,Sewerage & Septage Management,NAVSARI: Sewerage Network System for newly added OG area of Navsari Vijalpore Municipality.,24-09-2024,Sandip Vadher,Dy. Team Ledear,7043903718,gujarat.blg@gmil.com,K D patel, 72280 22537,piusurat-gudc@gujarat.gov.in,Submitted,Save As Draft,Save As Draft,Sent to State,Submitted,Report Submitted,Yes,Informative comment. No action required.,Q2 - 2024-2025,,,,,
1024,GUJARAT,NAVSARI,GJ-NAVSARI-6164,Parks & Green Space Development,"AMRUT2.0: Development of Garden at T.P. No.- 2, F.P. no.- 301 in Navsari-Vijalpore Municipality.",24-09-2024,Sandip Vadher,Dy. Team Leader,7043903718,gujarat.blg@gmail.com,Kiran Patel,8460477120,np_navasari@yahoo.co.in,Submitted,Submitted,Save As Draft,Sent to State,Submitted,Report Submitted,Yes,Informative comment. No action required.,Q2 - 2024-2025,,,,,
1025,GUJARAT,NAVSARI,GJ-NAVSARI-6185,Water Supply,NAVSARI: Upgardation of  30 MLD Dudhiya WTP Plant & 10 MLD Ghelakhadi WTP Plant,24-09-2024,Sanadip Vadher,Team Leader,70443903718,gujarat.blg@gmail.com,Kiran Patel,8460477120,np_navasari@yahoo.co.in,Submitted,Save As Draft,Save As Draft,Sent to State,Submitted,Report Submitted,Yes,Compliance accepted,Q2 - 2024-2025,,,,,
1026,GUJARAT,NAVSARI,GJ-NAVSARI-7990,Water Body Rejuvenation,AMRIT SAROVAR: Rejuvenation of Lake Development of Viraval Talav at Navsari Vijalpore Nagarpalika,24-09-2024,Sandip Vadher,Dy. Team Leader,7043903718,gujarat.blg@gmail.com,Kiran Patel,8460477120,np_navasari@yahoo.co.in,Submitted,Submitted,Save As Draft,Sent to State,Submitted,Report Submitted,Yes,"All the suggestive measures of IRMA needs to be taken in consideration , in order to complete the work on time efficiently. ULB should take appropriate action as advised by IRMA.",Q2 - 2024-2025,,,,,
1027,GUJARAT,NAVSARI,GJ-NAVSARI-8015,Water Body Rejuvenation,AMRIT SAROVAR: Rejuvenation of Lake Development of Doli Talav at Navsari Nagarpalika,24-10-2024,Sandip Vadher,Dy. Team Leader,7043903718,gujarat.blg@gmail.com,Kiran Patel,8460477120,np_navasari@yahoo.co.in,Submitted,Submitted,Save As Draft,Sent to State,Submitted,Report Submitted,Yes,"Informative comment. No action required.
",Q3 - 2024-2025,,,,,
1028,GUJARAT,NAVSARI,GJ-NAVSARI-10214,Water Supply,AMRUT2.0 :TRANCHE-2: Augmentation Project at Navsari Nagarpalika,24-09-2024,Sandip Vadher,Dy. Team Ledear,7043903718,gujarat.blg@gmil.com,K D patel,+91 72280 22537,piusurat-gudc@gujarat.gov.in,Submitted,Submitted,Save As Draft,Sent to State,Submitted,Report Submitted,Yes,Informative comment. No action required.,Q2 - 2024-2025,,,,,
1029,GUJARAT,GANDEVI,GJ-GANDEVI-4830,Water Supply,Gandevi Nagarpalika Water Storage,24-09-2024,Sandip Vadher,Dy. Team leader,7043903718,gujarat.blg@gmail.com,Vijay Kumar G Sane,9825248829,np_gandevi@yahoo.co.in,Submitted,Submitted,Save As Draft,Sent to State,Submitted,Report Submitted,Yes,Accepted,Q2 - 2024-2025,,,,,
1030,GUJARAT,GANDEVI,GJ-GANDEVI-4843,Water Body Rejuvenation,"Gandevi Nagarpalika development of vada talav including Stone pitching, Railing, Pathway , Jogger's ",24-09-2024,Sandip Vadher,Dy. Team leader,7043903718,gujarat.blg@gmail.com,Vijay Kumar G Sane,9825248829,np_gandevi@yahoo.co.in,Submitted,Submitted,Save As Draft,Sent to State,Submitted,Report Submitted,Yes,Informative comment. No action required.,Q2 - 2024-2025,,,,,
1031,GUJARAT,GANDEVI,GJ-GANDEVI-4849,Parks & Green Space Development,Gandevi Nagarpalika Jogger spark development,24-09-2024,Sandip Vadher,Dy. Team leader,7043903718,gujarat.blg@gmail.com,Vijay Kumar G Sane,9825248829,np_gandevi@yahoo.co.in,Submitted,Submitted,Save As Draft,Sent to State,Submitted,Report Submitted,Yes,Compliance accepted.,Q2 - 2024-2025,,,,,
1032,GUJARAT,GANDEVI,GJ-GANDEVI-7980,Water Body Rejuvenation,"AMRIT SAROVAR : Gandevi Nagarpalika development of vada talav including Stone pitching, Railing, Pathway , Jogger's Park , Children Park Including 5 Years Of O ",24-09-2024,Sandip Vadher,Dy. Team leader,7043903718,gujarat.blg@gmail.com,Vijay Kumar G Sane,9825248829,np_gandevi@yahoo.co.in,Submitted,Submitted,Save As Draft,Sent to State,Submitted,Report Submitted,Yes,Informative comment. No action required.,Q2 - 2024-2025,,,,,
1033,GUJARAT,GANDEVI,GJ-GANDEVI-10647,Water Supply,"AMRUT 2.0: WATER SUPPLY PROJECT OF PUMP ROOM, PUMPING MACHINERY AND RISING MAIN",24-09-2024,Sandip Vadher,Dy. Team leader,7043903718,gujarat.blg@gmail.com,Vijay Kumar G Sane,9825248829,np_gandevi@yahoo.co.in,Submitted,Submitted,Save As Draft,Sent to State,Submitted,Report Submitted,Yes,Compliance accepted.,Q2 - 2024-2025,,,,,
1034,GUJARAT,BILIMORA,GJ-BILIMORA-4893,Water Supply,AMRUT 2.0: WATER SUPPLY PROJECT OF RISING LINE AND D.I. DISTRIBUTION PIPE LINE AT BILIMORA DIFFERENT PLACE,24-09-2024,Sandip Vadher,Dy. Team Leader,7043903718,gujarat.blg@gmail.com,Sanket Patel,7574831011,np_bilimora@yahoo.co.in,Submitted,Submitted,Save As Draft,Sent to State,Submitted,Report Submitted,Yes,Informative comment. No action required.,Q2 - 2024-2025,,,,,
1035,GUJARAT,BILIMORA,GJ-BILIMORA-4899,Parks & Green Space Development,BILIMORA: DEVELOPMENT OF PARKS IN NAGRPALIKA AT VARIOUS TPS PLOT,24-09-2024,Sandip vadher,Dy. Team Leader,7043903718,gujarat.blg@gmail.com,Komal B Ghinaiya ,9712998834,np_bilimora@yahoo.co.in,Submitted,Submitted,Save As Draft,Sent to State,Submitted,Report Submitted,Yes,Compliance accepted.,Q2 - 2024-2025,,,,,
1036,GUJARAT,BILIMORA,GJ-BILIMORA-4958,Water Body Rejuvenation,BILIMORA: BEAUTIFICATION OF DHOBHI LAKE  IN BILIMORA  NAGARPALIKA.,24-09-2024,Sandip Vadher,Dy. Team Leader,7043903718,gujarat.blg@gmail.com,Neelkanth  P,9624818674,np_bilimora@yahoo.co.in,Submitted,Submitted,Save As Draft,Sent to State,Submitted,Report Submitted,Yes,"Informative comment. No action required.
",Q2 - 2024-2025,,,,,
1037,GUJARAT,BILIMORA,GJ-BILIMORA-4959,Water Supply,Bilimora Nagarpalika   D.I. DISTRIBUTION PIPE LINE AT BILIMORA NAGARPALIKA,24-09-2024,Sandip Vadher,Dy. Team Leader,7043903718,gujarat.blg@gmail.com,Komal B Ghinaiya ,9712998834,np_bilimora@yahoo.co.in,Submitted,Submitted,Save As Draft,Sent to State,Submitted,Report Submitted,Yes,Informative comment. No action required. As built drawings and Hydrotest reports will be reviewed in the upcoming IRMA visit.,Q2 - 2024-2025,,,,,
1038,GUJARAT,BILIMORA,GJ-BILIMORA-4963,Water Supply,AMRUT 2.0 : TRANCHE 2: CONSTRUCTION OF SUMP AT ATILYA WTP PLANT,24-09-2024,Sandip Vadher,Dy. Team Leader,7043903718,gujarat.blg@gmail.com,Komal B Ghinaiya ,9712998834,np_bilimora@yahoo.co.in,Submitted,Submitted,Save As Draft,Sent to State,Submitted,Report Submitted,Yes,Informative comment. No action required.,Q2 - 2024-2025,,,,,
1039,GUJARAT,BILIMORA,GJ-BILIMORA-10960,Parks & Green Space Development,AMRUT 2.0: PHASE II: DEVELOPMENT OF PARKS IN NAGRPALIKA AT VARIOUS TPS PLOT,24-09-2024,Sandip Vadher,Dy. Team Leader,7043903718,gujarat.blg@gmail.com,Komal B Ghinaiya ,9712998834,np_bilimora@yahoo.co.in,Submitted,Submitted,Save As Draft,Sent to State,Submitted,Report Submitted,Yes,Compliance accepted.,Q2 - 2024-2025,,,,,
1040,GUJARAT,VALSAD,GJ-VALSAD-3759,Water Supply,AMRUT 2.0: RE DEVLOPMENT  OF OLD WTP 20.MLD ABRAMA HEAD WORKS AT VALSAD,23-09-2024,Sandip vadher,Team Leader,7043903718,gujarat.blg@gmail.com,K D PATEL,7228022537,vpp-gudc@gujarat.gov.in,Submitted,Submitted,Save As Draft,Sent to State,Submitted,Report Submitted,Yes,The comments are for the purpose of providing information. No action required.,Q2 - 2024-2025,,,,,
1041,GUJARAT,VALSAD,GJ-VALSAD-3794,Water Supply,AUGMENTATION OF VALSAD WATER SUPPLY SCHAME AT VALSAD,27-05-2024,Sandip Vadher & Ratilal Khandhar ,Team leader and Ass. Technical expert.,7043903718,gujarat.blg@gmail.com,Nagma R. Modi ,9033517199,amrut.valsad@gmail.com,Submitted,Submitted,Save As Draft,Sent to State,Submitted,Report Submitted,Yes,Informative comment. No action required.,Q1 - 2024-2025,,,,,
1042,GUJARAT,VALSAD,GJ-VALSAD-3803,Sewerage & Septage Management,CONSTRUCTION OF DRAINAGE PUMPING STATION AND NETWORK AT ABRAMA VAV FALIYA AT VALSAD,27-05-2024,Sandip Vadher & Ratilal Khandhar ,Team leader and Ass. Technical expert.,7043903718,gujarat.blg@gmail.com,Nagama R. Modi,9033517199,amrut.valsad@gmail.com,Submitted,Submitted,Save As Draft,Sent to State,Submitted,Report Submitted,Yes,Informative comment. No action required.,Q1 - 2024-2025,,,,,
1043,GUJARAT,VALSAD,GJ-VALSAD-3843,Parks & Green Space Development,REDEVELOPMENT OF HALAR GARDEN IN VALSAD CITY,27-05-2024,Sandip Vadher & Ratilal Khandhar,Team leader and Ass. Technical expert.,7043903718,gujarat.blg@gmail.com,Nagama R. Modi,9033517199,amrut.valsad@gmail.com,Submitted,Submitted,Save As Draft,Sent to State,Submitted,Report Submitted,Yes,Compliance Accepted,Q1 - 2024-2025,,,,,
1044,GUJARAT,VALSAD,GJ-VALSAD-4446,Water Body Rejuvenation, REJUVENATION OF WATER BODIES MOTATALAV MOGARAWADI AT VALSAD,23-08-2024,jodhpur it team,jodhpur it team,jodhpur it team,jodhpuritteam@gmail.com,jodhpur it team,jodhpur it team,jodhpuritteam@gmail.com,Submitted,Submitted,Save As Draft,Sent to State,Submitted,Report Submitted,Yes,Compliance accepted,Q2 - 2024-2025,,,,,
1045,GUJARAT,VALSAD,GJ-VALSAD-7241,Sewerage & Septage Management,AMRUT 2.0: DARINAGE NETWORK AND PAMPING STATION AT DHOBI TALAV AND TV RELLY KENDRA VALSAD,26-05-2024,Sandip Vadher & Ratilal Khandhar,Team leader and Ass. Technical expert.,7043903718,gujarat.blg@gmail.com,Nagma .R. Modi,9033517199,jodhpuritteam@gmail.com,Submitted,Submitted,Save As Draft,Sent to State,Submitted,Report Submitted,Yes,Informative comment. No action needed.,Q1 - 2024-2025,,,,,
1046,GUJARAT,VALSAD,GJ-VALSAD-7989,Water Body Rejuvenation,"AMRIT SAROVAR : REJUVENATION OF MOTATALAV MOGARAWADI PHASE-2, VALSAD",27-05-2024,Sandip Vadher & Ratilal Khandhar ,Team leader and Ass. Technical expert.,7043903718,gujarat.blg@gmail.com,Nagama R. Modi,9033517199,amrut.valsad@gmail.com,Submitted,Submitted,Save As Draft,Sent to State,Submitted,Report Submitted,Yes,Compliance accepted,Q1 - 2024-2025,,,,,
1047,GUJARAT,VALSAD,GJ-VALSAD-10225,Sewerage & Septage Management,AMRUT 2.0: RENOVATION AND RECONSTRUCTION OF DRAINAGE NETWORK OF OLD VALSAD CITY,23-09-2024,Sandip vadher,Team leader,7043903718,gujarat.blg@gmail.com,K D Patel,7228022537,vpp-gudc@gujarat.gov.in,Submitted,Submitted,Save As Draft,Sent to State,Submitted,Report Submitted,Yes,The comments are for the purpose of providing information. No action required.,Q2 - 2024-2025,,,,,
1048,GUJARAT,VALSAD,GJ-VALSAD-10229,Water Supply,"AMRUT 2.0: RE CONSTRUCTION OF RAMWADI WATER TANK , RAKHODIYA TALAV WATER TANK  AND KALYAN BAG WATER TANK",23-09-2024,Sandip vadher,Team Leader,7043903718,gujarat.blg@gmail.com,K D Patel,7228022537,vpp-gudc@gujarat.gov.in,Submitted,Submitted,Save As Draft,Sent to State,Submitted,Report Submitted,Yes,Compliance accepted.,Q2 - 2024-2025,,,,,
1049,GUJARAT,VALSAD,GJ-VALSAD-14108,Sewerage & Septage Management,AMRUT 2.0 TRENCE 3: Construction of STP-2 of 11.0 MLD Capacity ( This project was already approved in Amrut 1.0 and converting to Amrut2.0 ),23-09-2024,Sandip Vadher,Team Leader,7043903718,gujarat.blg@gmail.com,K D PATEL,7228022537,vpp-gudc@gujarat.gov.in,Submitted,Submitted,Save As Draft,Sent to State,Submitted,Report Submitted,Yes,Concerned authority should intervene to take the progress forward.,Q2 - 2024-2025,,,,,
1050,GUJARAT,DHARAMPUR,GJ-DHARAMPUR-4888,Water Supply,DHARAMPUR: WATER SUPPLY PROJECT,28-03-2025,Sandip Vadher,Team Leader,7043903718,gujarat.blg@gmail.com,VIJAYBHAI N. ITALIYA,7265053316,np_dharampur@yahoo.co.in,Save As Draft,Save As Draft,Save As Draft,Pending Sent to State,Pending Submitted,Pending to be Submitted,,,Q4 - 2024-2025,,,,,
1051,GUJARAT,DHARAMPUR,GJ-DHARAMPUR-8058,Water Body Rejuvenation,"AMRUT 2.0 : REJUVENATION OF MAHARANI KUSHALKUNVARBA TALAV, DHARAMPUR",25-09-2024,Sandip Vadher,Dy. Team Leader,7043903718,gujarat.blg@gmail.com,VIJAYBHAI N. ITALIYA,7265053316,np_dharampur@yahoo.co.in,Submitted,Submitted,Save As Draft,Sent to State,Submitted,Report Submitted,Yes,"No action needed, as comments are for providing information.",Q2 - 2024-2025,,,,,
1052,GUJARAT,PARDI,GJ-PARDI-5114,Water Supply,"PARDI: WATER TANK OF CAPACITY 10,00,000  LITRE GRS",18-12-2024,Sandip Vadher,Team Leader,7043903718,gujarat.blg@gmail.com,K D patel,7228022537,piusurat-gudc@gujarat.gov.in,Submitted,Submitted,Save As Draft,Sent to State,Submitted,Report Submitted,Yes,Compliance accepted.,Q3 - 2024-2025,,,,,
1053,GUJARAT,PARDI,GJ-PARDI-14194,Water Supply,AMRUT2.0: TRANCHE-3: Augmentation of Water Supply Main Line and New Network and Storage at Remaining  Area of Pardi Nagarpalika,25-09-2024,Sandip Vadher,Dy. Team Leader,7043903718,gujarat.blg@gmail.com,K D patel,+91 72280 22537,piusurat-gudc@gujarat.gov.in,Submitted,Save As Draft,Save As Draft,Sent to State,Submitted,Report Submitted,Yes,Compliance accepted.,Q2 - 2024-2025,,,,,
1054,GUJARAT,VAPI,GJ-VAPI-3831,Water Supply,"AMRUT 2.0: Construction of Intake Structure & Raw water Pumping Machinery, Rising Main Pipeline and Expansion of Existing Koliwad WTP",23-08-2024,Sandip Vadher ,Team leader .,7043903718,gujarat.blg@gmail.com,Kevin Modi,989881869,vpp-gudc@gujarat.gov.in,Submitted,Submitted,Save As Draft,Sent to State,Submitted,Report Submitted,Yes,The comments are for the purpose of providing information. No action required.,Q2 - 2024-2025,,,,,
1055,GUJARAT,VAPI,GJ-VAPI-3892,Water Supply,Construction of WTP at Dadrimora for dungra of 50 MLD including augmentation of exsisting distributi,17-12-2024,Sandip Vadher,Team Leader,7043903718,gujarat.blg@gmail.com,K D Patel,7228022537,vpp-gudc@gujarat.gov.in,Submitted,Submitted,Save As Draft,Sent to State,Submitted,Report Submitted,Yes,"Although this is an informative comment, sump partitioning should be considered in future projects to avoid maintenance issues.",Q3 - 2024-2025,,,,,
1056,GUJARAT,VAPI,GJ-VAPI-4194,Sewerage & Septage Management,Under Ground Drainage of missing link from Phase 1 & Phase 2 in Vapi,17-12-2024,Sandip Vadher,Team leader,7043903718,gujarat.blg@gmail.com,K D patel,7228022537,vpp-gudc@gujarat.gov.in,Submitted,Submitted,Save As Draft,Sent to State,Submitted,Report Submitted,Yes,Compliance accepted.,Q3 - 2024-2025,,,,,
1057,GUJARAT,VAPI,GJ-VAPI-8083,Water Body Rejuvenation,AMRUT 2.0: Rejuvenation of Bori Talav in Dungra at Vapi Nagar Palika,27-05-2024,Sandip Vadher,Team leader,7043903718,gujarat.blg@gmail.com,RAGEN I PATEL,8128457920,vapiman@yahoo.com,Submitted,Submitted,Save As Draft,Sent to State,Submitted,Report Submitted,Yes,Informative comment. No action required.,Q1 - 2024-2025,,,,,
1058,GUJARAT,VAPI,GJ-VAPI-10247,Water Supply,AMRUT 2.0: Contruction of Raw Water Transmission main pipeline Upto WTP at diffrent locations,17-12-2024,Sandip Vadher ,Team Leader,7043903718,gujarat.blg@gmail.com,K D Patel,7228022537,vpp-gudc@gujarat.gov.in,Submitted,Submitted,Save As Draft,Sent to State,Submitted,Report Submitted,Yes,Informative comment. No action needed.,Q3 - 2024-2025,,,,,
1059,GUJARAT,VAPI,GJ-VAPI-14107,Sewerage & Septage Management,AMRUT 2.0 TRENCE 3: Vapi second STP of 22.0 MLD Capacity. ( This project was already approved in Amrut 1.0 and converting to Amrut2.0 ),23-08-2024,Sandip Vadher,Team leader,7043903718,gujarat.blg@gmail.com,K D PATEL,7228022537,piusurat-gudc@gujarat.gov.in,Submitted,Submitted,Save As Draft,Sent to State,Submitted,Report Submitted,Yes,Compliance accepted.,Q2 - 2024-2025,,,,,
1060,GUJARAT,UMARGAM,GJ-UMARGAM-4879,Water Supply,AUGMENTATION OF PRESENT WATER SUPPLY SCHEME BASED ON SURFACE WATER FROM VAROLI RIVER,25-09-2024,Sandip Vadher,Dy. Team Leader,7043903718,gujarat.blg@gmail.com,SHUBHAM  NAIK,7405441361,np_umargam@yahoo.co.in,Submitted,Submitted,Save As Draft,Sent to State,Submitted,Report Submitted,Yes,Accepted,Q2 - 2024-2025,,,,,
1061,GUJARAT,UMARGAM,GJ-UMARGAM-14203,Water Supply,AMRUT 2.0: TRANCHE 3:Missing Link Providing and Laying water supply DI pipe line with house connection at various location at umargam Nagarpalika,25-09-2024,Sandip Vadher,Dy. Team Leader,7043903718,gujarat.blg@gmail.com,SHUBHAM  NAIK,7405441361,np_umargam@yahoo.co.in,Submitted,Submitted,Save As Draft,Sent to State,Submitted,Report Submitted,Yes,This comment is for providing information.,Q2 - 2024-2025,,,,,
1062,GUJARAT,TARSADI,GJ-TARSADI-4960,Water Supply,TARSADI: Water Supply Scheme Tarsadi Nagarpalika Phase-3 SJMMSVY,29-03-2025,Sandip Vadher,Team leader,7043903718,gujarat.blg@gmail.com,Pranv bhai Chudhry ,9586935654,tarsadi_nagarpalika@yahoo.co.in,Save As Draft,Save As Draft,Save As Draft,Pending Sent to State,Pending Submitted,Pending to be Submitted,,,Q4 - 2024-2025,,,,,
1063,GUJARAT,TARSADI,GJ-TARSADI-4971,Parks & Green Space Development,"Garden Development  Project in AT66, k.v Road Dumping site Near Gujarat Galls Tarsadi Nagarpalika",26-09-2024,Sandip Vadher,Dy. Team leader,7043903718,gujarat.blg@gmail.com,Pranv bhai Chudhry ,9586935654,tarsadi_nagarpalika@yahoo.co.in,Submitted,Submitted,Save As Draft,Sent to State,Submitted,Report Submitted,Yes,Compliance accepted.,Q2 - 2024-2025,,,,,
1064,GUJARAT,TARSADI,GJ-TARSADI-10643,Water Supply,AMRUT 2.0: WATER SUPPLY SCHEME AT TARASADI NAGARPALIKA,26-09-2024,Sandip Vadher,Dy. Team leader,7043903718,gujarat.blg@gmail.com,Pranv bhai Chudhry ,9586935654,tarsadi_nagarpalika@yahoo.co.in,Submitted,Submitted,Save As Draft,Sent to State,Submitted,Report Submitted,Yes,Compliance accepted. ,Q2 - 2024-2025,,,,,
1065,GUJARAT,TARSADI,GJ-TARSADI-14168,Water Supply,"AMRUT 2.0 : TRANCHE 3: TRANSMISSION NETWORK FOR WT.P To - Junagam Tarsadi , Pramukh park junction to Dadri , W.T.P to Ramdev Pvc Factory",19-12-2024,Sandip Vadher,Team Leader,7043903718,gujarat.blg@gmail.com,Mohsina  shaikh,09687695067,kadivalamohsina@gmail.com,Submitted,Submitted,Save As Draft,Sent to State,Submitted,Report Submitted,Yes,Compliance accepted but the project's progress should be accelerated to meet the timelines.,Q3 - 2024-2025,,,,,
1066,GUJARAT,MANDVI_S,GJ-MANDVI_S-4969,Parks & Green Space Development,Development of Tapi River Front Phase-2,15-07-2024,Sandip Vadher,Team leader,7043903718,gujarat.blg@gmail.com,Mayank J.Patel ,9978783867,mandvi_nagarpalika@yahoo.co.in,Submitted,Submitted,Save As Draft,Sent to State,Submitted,Report Submitted,Yes,Compliance not required. Informative comment.,Q2 - 2024-2025,,,,,
1067,GUJARAT,MANDVI_S,GJ-MANDVI_S-4978,Water Supply,"MANDVI SURAT: Augmentation of Water Supply System for Mandvi Town, Dist.-Surat.",28-05-2024,Sandip Vadher,Team leader,7043903718,gujarat.blg@gmail.com,Mayank J.Patel ,9978783867,mandvi_nagarpalika@yahoo.co.in,Submitted,Submitted,Save As Draft,Sent to State,Submitted,Report Submitted,Yes,Compliance accepted.,Q1 - 2024-2025,,,,,
1068,GUJARAT,MANDVI_S,GJ-MANDVI_S-11261,Parks & Green Space Development,AMRUT 2.0: Development of Tapi River Front Phase-3,15-07-2024,Sandip Vadher,Team leader,7043903718,gujarat.blg@gmail.com,Mayank J.Patel ,9978783867,mandvi_nagarpalika@yahoo.co.in,Submitted,Submitted,Save As Draft,Sent to State,Submitted,Report Submitted,Yes,Compliance not required. Informative comment.,Q2 - 2024-2025,,,,,
1069,GUJARAT,SURAT,GJ-SURAT-3326,Parks & Green Space Development,"Development of garden at T.P. No.- 1 (Lal Darwaja) , F.P. no.- 34 in North Zone , Surat.",30-05-2024,Sandip Vadher,Team Leader,7043903718,vadher.sandip@gmail.com,Smt. Meghavi Desai,9879676207,exen.P.I.cell@suratmunicipal.org,Submitted,Submitted,Save As Draft,Sent to State,Submitted,Report Submitted,Yes,This comment is for providing information.,Q1 - 2024-2025,,,,,
1070,GUJARAT,SURAT,GJ-SURAT-3330,Water Supply,AMRUT-2.0 TRANCHE-2 : SURAT :  CONSTRUCTION OF 32 MLD WTP AT MOTA VARACHHA.,29-05-2024,Sandip Vadher,Team leader,7043903718,gujarat.blg@gmail.com,Narendrakumar Mandliya ,9925115471,exan.hydraulic@suratmunicipal.org ,Submitted,Submitted,Save As Draft,Sent to State,Submitted,Report Submitted,Yes,Informative comment. No action needed.,Q1 - 2024-2025,,,,,
1071,GUJARAT,SURAT,GJ-SURAT-3331,Water Body Rejuvenation,"Re-development of Shyamji Krushna Varma Lake garden at T.P.- 47 ( Bhestan), F.P- 12 , in South Zone, Surat",29-05-2024,Sandip Vadher,Team leader,7043903718,gujarat.blg@gmail.com,Anand Gandhi (Jr.Engg.),6359908682,exen.p.i.cell@suratmunicipal.org,Submitted,Submitted,Save As Draft,Sent to State,Submitted,Report Submitted,Yes,Informative comment. No action needed.,Q1 - 2024-2025,,,,,
1072,GUJARAT,SURAT,GJ-SURAT-3334,Water Body Rejuvenation,"Re-developement of Dabholi Lake Garden at T.P.- 51 ( Dabholi), F.P.- 121 & 149 in North zone, Surat.",28-09-2024,Sandip Vadher,Team Leader,7043903718,gujarat.blg@gmail.com,Smt. Meghavi Desai,9879676207,exen.p.i.cell@suratmunicipal.org,Submitted,Submitted,Save As Draft,Sent to State,Submitted,Report Submitted,Yes,"No action required, as the comments are for the purpose of providing information.",Q2 - 2024-2025,,,,,
1073,GUJARAT,SURAT,GJ-SURAT-3340,Water Supply,SMC: SURAT SUPPLYING AND LAYING OF TREATED WATER M.S TRANSMISSION LINE.,29-05-2024,Sandip Vadher,Team leader,7043903718,gujarat.blg@gmail.com,gujarat.blg@gmail.com,8511168711,exan.hydraulic@suratmunicipal.org,Submitted,Submitted,Save As Draft,Sent to State,Submitted,Report Submitted,Yes,Informative comment. No action required.,Q1 - 2024-2025,,,,,
1074,GUJARAT,SURAT,GJ-SURAT-3341,Sewerage & Septage Management,SMC:Sewerage Network for Newly Added Areas of the New North Zones Under Surat Municipal Corporation,29-05-2024,Sandip Vadhe,Team leader,7043903718,gujarat.blg@gmail.com,rat.blg@gmail.com,9724332465,exen.drainage@suratmunicipal.gov,Submitted,Submitted,Save As Draft,Sent to State,Submitted,Report Submitted,Yes,This comment is for providing information.,Q1 - 2024-2025,,,,,
1075,GUJARAT,SURAT,GJ-SURAT-3354,Sewerage & Septage Management,SMC:Augmentation of existing sewerage system at pal in west zone (Rander) of Surat Municipal Corporation,29-05-2024,Sandip Vadher,Team leader,7043903718,gujarat.blg@gmail.com,B.B. Desai,98797 85647,exen.drainage@suratmunicipal.org,Submitted,Submitted,Save As Draft,Sent to State,Submitted,Report Submitted,Yes,This comment is for providing information.,Q1 - 2024-2025,,,,,
1076,GUJARAT,SURAT,GJ-SURAT-3357,Sewerage & Septage Management,SMC: Disposal Line for Treated Waste Water from Kosad STP To Asarma STP,29-05-2024,Sandip Vadhe,Team leader,7043903718,gujarat.blg@gmail.com,Jigar Shah,9879785647,exan.drainage@suratmunicipal.gov,Submitted,Submitted,Save As Draft,Sent to State,Submitted,Report Submitted,Yes,This comment is for providing information.,Q1 - 2024-2025,,,,,
1077,GUJARAT,SURAT,GJ-SURAT-3368,Sewerage & Septage Management,AMRUT 2.0: TRANCHE 2 : Sewerage System for Newly Added Areas of the New South East Zones Under Surat Municipal Corporation,29-05-2024,Sandip Vadher,Team leader,7043903718,gujarat.blg@gmail.com,BHAIRAV DESAI,9879785647,exen.drainage@suratmunicipal.gov,Submitted,Submitted,Save As Draft,Sent to State,Submitted,Report Submitted,Yes,Informative comment.,Q1 - 2024-2025,,,,,
1078,GUJARAT,SURAT,GJ-SURAT-3374,Sewerage & Septage Management,"AMRUT 2.0: Comprehensive Sewerage System for newly added areas of the new West zone under SMC, Surat (Ichhapore Cluster Package).",29-05-2024,Sandip Vadher,Team leader,7043903718,gujarat.blg@gmail.com,BHAIRAV DESAI,9879785647,exen.drainage@suratmunicipal.gov,Submitted,Submitted,Save As Draft,Sent to State,Submitted,Report Submitted,Yes,Informative comment.,Q1 - 2024-2025,,,,,
1079,GUJARAT,SURAT,GJ-SURAT-7208,Water Supply,AMRUT 2.0 : PPP : TRANCHE-3 : SURAT: 24 x 7 WATER SUPPLY SYSTEM FOR OLD SOUTH WEST (ATHWA) ZONE,25-03-2025,,,,,,,,Save As Draft,Save As Draft,Save As Draft,Pending Sent to State,Pending Submitted,Pending to be Submitted,,,Q4 - 2024-2025,,,,,
1080,GUJARAT,SURAT,GJ-SURAT-8619,Water Body Rejuvenation,"AMRIT SAROVAR: Development  of Lake garden at T.P.No.- 26(Abhava), F.p. No.- 21+17 in South West Zone.",29-05-2024,Sandip Vadher ,Team leader,7043903718,gujarat.blg@gmail.com,Jay limbashiya,9725266155,exen.p.i.cell@suratmunicipal.org,Submitted,Submitted,Save As Draft,Sent to State,Submitted,Report Submitted,Yes,Compliance accepted.,Q1 - 2024-2025,,,,,
1081,GUJARAT,SURAT,GJ-SURAT-8622,Water Body Rejuvenation,"AMRIT SAROVAR: Development of Lake Garden at R.S.No 353 in Budiya,South Zone",29-05-2024,Sandip Vadher,Team leader,Team leader,gujarat.blg@gmail.com,Jignesh Savliya ,6359908993,exen.p.i.cell@suratmunicipal.org,Submitted,Submitted,Save As Draft,Sent to State,Submitted,Report Submitted,Yes,Accepted,Q1 - 2024-2025,,,,,
1082,GUJARAT,SURAT,GJ-SURAT-8623,Water Body Rejuvenation,"AMRIT SAROVAR: Development of Lake Garden at R.s No.460 in Gabheni,South Zone",29-05-2024,Sandip Vadher,Team leader,7043903718,gujarat.blg@gmail.com,Anand Gandhi (Jr.Engg.),6359908682,exen.p.i.cell@suratmunicipal.org,Submitted,Submitted,Save As Draft,Sent to State,Submitted,Report Submitted,Yes,"During the site visit, the physical progress was only 14%, while 34% of the time had elapsed. At least 24% progress should have been achieved by this point, indicating a delay in progress.",Q1 - 2024-2025,,,,,
1083,GUJARAT,SURAT,GJ-SURAT-10062,Sewerage & Septage Management,"AMRUT 2.0 :  Comprehensive Sewerage System for newly added areas of the South Zone Under Surat Municipal Corporation, Surat (Umber, Talangpore, Kanakpur-Kansad).",29-05-2024,Sandip Vadher,Team leader,7043903718,gujarat.blg@gmail.com,BHAIRAV DESAI,9879785647,exen.drainage@suratmunicipal.gov,Submitted,Submitted,Save As Draft,Sent to State,Submitted,Report Submitted,Yes,Accepted,Q1 - 2024-2025,,,,,
1084,GUJARAT,SURAT,GJ-SURAT-10072,Sewerage & Septage Management,"AMRUT 2.0: Comprehensive sewerage system for newly added areas of New East Zone, ( Velanja-Abrama), Surat Municipal Corporation, Surat.",25-03-2025,Sandip Vadher,Team leader,7043903718,ujarat.blg@gmail.com,B.B. Desai,98797 85647,exen.drainage@suratmunicipal.org,Submitted,Save As Draft,Save As Draft,Sent to State,Submitted,Report Submitted,Yes,Informative comment.,Q4 - 2024-2025,,,,,
1085,GUJARAT,SURAT,GJ-SURAT-11152,Sewerage & Septage Management,AMRUT 2.0: TRANCHE 3 SURAT :- SUPPLYING TERTIARY TREATED WASTE WATER TO HAZIRA BASE INDUSTRIES FROM PROPOSED TERTIARY TREATMENT PLANT.,25-03-2025,Sandip Vadher,Team Leader,7043903718,gujarat.blg@gmail.com,B.B. Desai,98797 85647,exen.drainage@suratmunicipal.org,Save As Draft,Save As Draft,Save As Draft,Pending Sent to State,Pending Submitted,Pending to be Submitted,,,Q4 - 2024-2025,,,,,
1086,GUJARAT,SURAT,GJ-SURAT-11252,Water Supply,"AMRUT 2.0 TRANCHE 2 SURAT: Design, Construction, testing and commissioning of WTP at Variav and Rander.",29-05-2024,Sandip Vadher,Team leader,7043903718,gujarat.blg@gmail.com,Divyesh Mehta ,8511168711,exan.hydraulic@suratmunicipal.org ,Submitted,Submitted,Save As Draft,Sent to State,Submitted,Report Submitted,Yes,This comment is for providing information.,Q1 - 2024-2025,,,,,
1087,GUJARAT,SURAT,GJ-SURAT-11253,Water Supply,"AMRUT 2.0 TRANCHE 2 SURAT: Construction of 400 MLD Capacity Raw water Intake well, Raw water transmission line and associated work.",29-05-2024,Sandip Vadher,Team leader ,7043903718,gujarat.blg@gmail.com ,Divesh Mehta ,8511168711,exan.hydraulic@suratmunicipal.org ,Submitted,Submitted,Save As Draft,Sent to State,Submitted,Report Submitted,Yes,This comment is for providing information.,Q1 - 2024-2025,,,,,
1088,GUJARAT,SURAT,GJ-SURAT-11254,Water Supply,"AMRUT 2.0 TRANCHE 2 SURAT: Providing, Supplying, Lowering and Laying of M.S. Raw water Transmission line.",29-05-2024,Sandip Vadher,Team leader,7043903718,gujarat.blg@gmail.com,Narendrakumar Mandliya,9925115471,exen.hydraulic@suratmunicipal.org,Submitted,Submitted,Save As Draft,Sent to State,Submitted,Report Submitted,Yes,This comment is for providing information.,Q1 - 2024-2025,,,,,
1089,GUJARAT,SURAT,GJ-SURAT-11255,Water Supply,AMRUT 2.0 TRANCH 2 SURAT: Construction of 290 LL Capacity RCC UGSR with Booster House and associated work.,27-05-2024,Sandip Vadher,Team leader,7043903718,gujarat.blg@gmail.com,Preyasi Patel,9586977260,exen.hydraulic@suratmunicipal.org,Submitted,Submitted,Save As Draft,Sent to State,Submitted,Report Submitted,Yes,Accepted,Q1 - 2024-2025,,,,,
1090,GUJARAT,SURAT,GJ-SURAT-11256,Water Supply,"AMRUT 2.0 TRANCHE-2 SURAT: Providing, Supplying, Lowering and Laying of M.S. Raw water Transmission line.",28-05-2024,Sandip Vadhe,Team leader ,7043903718,gujarat.blg@gmail.com,Narendrakumar Mandliya,9925115471,exen.hydraulic@suratmunicipal.org,Submitted,Submitted,Save As Draft,Sent to State,Submitted,Report Submitted,Yes,Informative Comment,Q1 - 2024-2025,,,,,
1091,GUJARAT,SURAT,GJ-SURAT-14058,Sewerage & Septage Management,AMRUT 2.0: TRANCHE 3 : EPC of 21.50 MLD capacity Sewage Treatment Plant at UMARA- VELANJA,25-03-2025,,,,,,,,Save As Draft,Save As Draft,Save As Draft,Pending Sent to State,Pending Submitted,Pending to be Submitted,,,Q4 - 2024-2025,,,,,
1092,GUJARAT,SURAT,GJ-SURAT-14070,Sewerage & Septage Management,AMRUT 2.0 Trench-3 : Construction of Sewage Treatment Plant & Sewage pumping Station for Newly Added Area in South Zone at Kansad under Surat municipal,11-09-2025,Sandip Vadher,Team Leader,7043903718,gujarat.blg@gmail.com,BHAIRAV DESAI,9879785647,exen.drainage@suratmunicipal.gov,Save As Draft,Save As Draft,Save As Draft,Pending Sent to State,Pending Submitted,Pending to be Submitted,,,Q2 - 2025-2026,,,,,
1093,GUJARAT,SURAT,GJ-SURAT-15978,Sewerage & Septage Management,AMRUT 2.0 TRANCHE 1 SURAT :-Disposal Line From Singanpore STP To Kotar no 7,16-05-2025,Sandip Vadher,Team Leader,7043903718,gujarat.blg@gmail.com,BHAIRAV DESAI,9879785647,exen.drainage@suratmunicipal.gov,Submitted,Submitted,Save As Draft,Sent to State,Submitted,Report Submitted,Yes,Accepted,Q1 - 2025-2026,,,,,
1094,GUJARAT,SURAT,GJ-SURAT-15986,Sewerage & Septage Management,"PROVIDING, SUPPLYING & LAYING OF 1219 MM OD AND 10 MM TH. MS RISING MAIN PIPELINE -VESU TERMINAL SPS TO KHAJOD STP ,SW ZONE,SMC",16-05-2025,Sandip Vadher,Team Leader,7043903718,gujarat.blg@gmail.com,BHAIRAV DESAI,9879785647,exen.drainage@suratmunicipal.gov,Submitted,Submitted,Save As Draft,Sent to State,Submitted,Report Submitted,Yes,Accepted,Q1 - 2025-2026,,,,,
1095,GUJARAT,SURAT,GJ-SURAT-16023,Sewerage & Septage Management,SETC OF ELECTRICAL AND MECHANICAL WORKS UNDER  AUGMENTATION OF VESU TERMINAL (MAIN) SEWAGE PUMPING STATION  ALONG WITH 05 (FIVE) YEARS OF ALL INCLUSIVE ANNUAL MAINTENANCE  AND OPERATION.,16-05-2025,Sandip Vadher,Team Leader,7043903718,gujarat.blg@gmail.com,BHAIRAV DESAI,9879785647,exen.drainage@suratmunicipal.gov,Submitted,Submitted,Save As Draft,Sent to State,Submitted,Report Submitted,Yes,Accepted,Q1 - 2025-2026,,,,,
1096,GUJARAT,SURAT,GJ-SURAT-16024,Sewerage & Septage Management,SETC OF ELECTRICAL AND MECHANICAL WORKS UNDER  AUGMENTATION OF VESU INTERMEDIATE (ONGC) SEWAGE PUMPING  STATION ALONG WITH 05 (FIVE) YEARS OF ALL INCLUSIVE ANNUAL  MAINTENANCE AND OPERATION.,16-05-2025,Sandip Vadher,Team Leader,7043903718,gujarat.blg@gmail.com,BHAIRAV DESAI,9879785647,exen.drainage@suratmunicipal.gov,Submitted,Submitted,Save As Draft,Sent to State,Submitted,Report Submitted,Yes,Informative comment.,Q1 - 2025-2026,,,,,
1097,GUJARAT,SURAT,GJ-SURAT-16029,Water Body Rejuvenation,"Construction of Various types of Civil and Electrical works of  Lake garden at Draft T.P.S. No.-67 (JIAV-SONERI-GABHENI), F.P.No.4 in South  Zone (Udhna-B), Surat. (Work No.1) ",16-05-2025,Sandip Vadher,Team Leader ,7043903718,gujarat.blg@gmail.com,Narendrakumar Mandliya,9925115471,exen.hydraulic@suratmunicipal.org,Submitted,Submitted,Save As Draft,Sent to State,Submitted,Report Submitted,Yes,Accepted,Q1 - 2025-2026,,,,,
1098,GUJARAT,SURAT,GJ-SURAT-18402,Water Supply,"Design, Construction, Testing & Commissioning of 24 x 7 Water Supply System including of Civil, Mechanical, Electrical, Instrumentation & PLC-SCADA for Abrama, Umra, Gothan, Segva Syadla, Vasvari, Bharthana, Kathor and Velenja village of Newly Added area under North & East Zone at Right Bank of the river Tapi, Surat Municipal Corporation (SMC) and its successive operation and maintenance for 5 years.",25-03-2025,Sandip Vadher,Team Leader,7043903718,gujarat.blg@gmail.com,Narendrakumar Mandliya,9925115471,exen.hydraulic@suratmunicipal.org,Submitted,Submitted,Save As Draft,Sent to State,Submitted,Report Submitted,Yes,Compliance Accepted,Q4 - 2024-2025,,,,,
1099,GUJARAT,SURAT,GJ-SURAT-18403,Water Supply,"Design, Construction, Testing & Commissioning of 24 x 7 Water Supply System including of Civil, Mechanical, Electrical, Instrumentation & PLC-SCADA for Valak, Bhada, Laskana, Pasodara, Khadsad and Kahtodara village of Newly Added area under East Zone at Left Bank of the river Tapi, Surat Municipal Corporation (SMC) and its successive operation and maintenance for 5 years.(Package-01)",25-03-2025,Sandip Vadher,Team Leader,7043903718,gujarat.blg@gmail.com,Narendrakumar Mandliya,9925115471,exen.hydraulic@suratmunicipal.org,Submitted,Submitted,Save As Draft,Sent to State,Submitted,Report Submitted,Yes,Compliance Accepted,Q4 - 2024-2025,,,,,
1100,GUJARAT,SURAT,GJ-SURAT-18404,Water Supply,"Work for Continuous Water Supply System including of Civil, Mechanical, Electrical, Instrumentation & PLC-SCADA for Bhatha and Ichhapore village including Operation & Maintenance of WDS for 05 years for Newly Added area of West Zone, Surat Municipal Corporation.",25-03-2025,Sandip Vadher,Team Leader,7043903718,gujarat.blg@gmail.com,Minesh C Patel,9825683357,exen.hydraulic@suratmunicipal.org,Submitted,Submitted,Save As Draft,Sent to State,Submitted,Report Submitted,Yes,Informative comment.,Q4 - 2024-2025,,,,,
1101,GUJARAT,SURAT,GJ-SURAT-18405,Water Supply,"Work for Implementation of Water Supply System including Civil, Mechanical, Electrical, Instrumentation, PLC-SCADA and its successive Operation & Maintenance for 5 years of Newly added Kanakpur-Kansad, Pali, Sachin, Pardi- Kande, Talangpur & Umber Areas South Zone- B(Kanakpur) of Surat Municipal Corporation.",25-03-2025,Sandip Vadher,Team Leader,7043903718,gujarat.blg@gmail.com,Minesh C Patel,9825683357,exen.hydraulic@suratmunicipal.org,Submitted,Submitted,Save As Draft,Sent to State,Submitted,Report Submitted,Yes,Compliance Accepted,Q4 - 2024-2025,,,,,
1102,GUJARAT,SURAT,GJ-SURAT-18406,Water Supply,"Work for 24 x 7 Water Supply System including of Civil, Mechanical, Electrical, Instrumentation & PLC-SCADA for Valak and Khadsad village on RHS of 90 Mtr Wide Outer Ring Road under Newly Added area of East Zone, Surat Municipal Corporation. (Package-2)",25-03-2025,Sandip Vadher,Team Leader,7043903718,gujarat.blg@gmail.com,Narendrakumar Mandliya,9925115471,exen.hydraulic@suratmunicipal.org,Submitted,Submitted,Save As Draft,Sent to State,Submitted,Report Submitted,Yes,Compliance accepted,Q4 - 2024-2025,,,,,
1103,GUJARAT,SURAT,GJ-SURAT-18407,Water Supply,"Work for 24 x 7 Water Supply System including of Civil, Mechanical, Electrical, Instrumentation & PLC-SCADA for Bhada, Valak, Laskana, Pasodara, and Khadsad village between 90 Mtr Wide Outer Ring Road and DFCC corridor under Newly Added area of East Zone, Surat Municipal Corporation. (Package-3)",15-05-2025,Sandip Vadher,Team Leader,7043903718,gujarat.blg@gmail.com,Narendrakumar Mandliya,9925115471,exen.hydraulic@suratmunicipal.org,Submitted,Submitted,Save As Draft,Sent to State,Submitted,Report Submitted,Yes,Informative comment.,Q1 - 2025-2026,,,,,
1104,GUJARAT,SURAT,GJ-SURAT-18408,Water Supply,"Work for 24 x 7 Water Supply System including Civil, Mechanical, Electrical, Instrumentation & PLC-SCADA for Laskana, Pasodara and Khadsad village on RHS of DFCC corridor under Newly Added area of East Zone, Surat Municipal Corporation. (Package-5)",25-03-2025,Sandip Vadher,Team Leader,7043903718,gujarat.blg@gmail.com,Narendrakumar Mandliya,9925115471,exen.hydraulic@suratmunicipal.org,Submitted,Submitted,Save As Draft,Sent to State,Submitted,Report Submitted,Yes,Compliance accepted,Q4 - 2024-2025,,,,,
1105,GUJARAT,SURAT,GJ-SURAT-18409,Water Supply,"Work for 24 x 7 Water Supply System including of Civil, Mechanical, Electrical, Instrumentation & PLC-SCADA for Kathodara village under Newly Added area of East Zone, Surat Municipal Corporation. (Package-6)",15-05-2025,Sandip Vadher,Team Leader,7043903718,gujarat.blg@gmail.com,Narendrakumar Mandliya,9925115471,exen.hydraulic@suratmunicipal.org,Submitted,Submitted,Save As Draft,Sent to State,Submitted,Report Submitted,Yes,Informative comment. ,Q1 - 2025-2026,,,,,
1106,GUJARAT,SURAT,GJ-SURAT-18438,Sewerage & Septage Management,AMRUT 2.0: Sewerage System at Pal in WZ (Rander),25-03-2025,Sandip Vadher,Team Leader,7043903718,gujarat.blg@gmail.com,Bhairav Desai,9879785647,exen.drainage@suratmunicipal.org,Submitted,Submitted,Save As Draft,Sent to State,Submitted,Report Submitted,Yes,Accepted,Q4 - 2024-2025,,,,,
1107,GUJARAT,SURAT,GJ-SURAT-18439,Sewerage & Septage Management,"AMRUT 2.0: Sewerage System at New NZ (Gothan , Umara ,Bharthana)",25-03-2025,Sandip Vadher,Team Leader,7043903718,gujarat.blg@gmail.com,Bhairav Desai,9879785647,exen.drainage@suratmunicipal.org,Submitted,Submitted,Save As Draft,Sent to State,Submitted,Report Submitted,Yes,Accepted,Q4 - 2024-2025,,,,,
1108,GUJARAT,SURAT,GJ-SURAT-18358,Sewerage & Septage Management,"COMPREHENSIVE SEWERAGE SYSTEM FOR NEWLY ADDED AREAS OF THE NEW WEST ZONE UNDER SMC, SURAT ( BHESAN CLUSTER PACKAGE)",12-09-2025,Sandip Vadher,Team Leader,7043903718,gujarat.blg@gmail.com,BHAIRAV DESAI,9879785647,exen.drainage@suratmunicipal.gov,Submitted,Save As Draft,Save As Draft,Sent to State,Submitted,Report Submitted,Yes,Informative Comment,Q2 - 2025-2026,,,,,
1109,GUJARAT,SURAT,GJ-SURAT-18429,Sewerage & Septage Management,"AMRUT 2.0 : Establishment of Sewerage System at Outer Ring Road & Adjoining area of North Drainage  Zone, SMC",11-09-2025,Sandip Vadher,Team Leader,7043903718,gujarat.blg@gmail.com,,,,Save As Draft,Save As Draft,Save As Draft,Pending Sent to State,Pending Submitted,Pending to be Submitted,,,Q2 - 2025-2026,,,,,
1110,GUJARAT,BARDOLI,GJ-BARDOLI-4873,Parks & Green Space Development,Bardoli nagarpalika parks Re-development project,28-05-2024,Sandip Vadher,Dy. Team Leader,7043903718,gujarat.blg@gmail.com,Mr. Sumit Ganvit,7698043266,npbardoli@yahoo.co.in ,Submitted,Save As Draft,Save As Draft,Sent to State,Submitted,Pending to be Submitted,Yes,,Q1 - 2024-2025,,,,,
1111,GUJARAT,BARDOLI,GJ-BARDOLI-4875,Water Supply,AMRUT 2.0: Water supply project (Distribution network) at Bardoli city,23-08-2024,Sandip Vadher,Team leader,7043903718,gujarat.blg@gmail.com,Mr. Sumit Ganvit,7698043266,rpbardoli@yahoo.co.in ,Submitted,Submitted,Save As Draft,Sent to State,Submitted,Report Submitted,Yes,Informative comment. No action required.,Q2 - 2024-2025,,,,,
1112,GUJARAT,BARDOLI,GJ-BARDOLI-4880,Parks & Green Space Development,AMRUT 2.0: Acharya Mahapragyaan Garden Re-development project at Bardoli,18-12-2024,Sandip vadher,Team Leader,7043903718,gujarat.blg@gmail.com,Milan H Palsana,9925608535,npbardoli@yahoo.co.in,Submitted,Submitted,Save As Draft,Sent to State,Submitted,Report Submitted,Yes,Recommendations from IRMA should be incorporated.,Q3 - 2024-2025,,,,,
1113,GUJARAT,BARDOLI,GJ-BARDOLI-4909,Water Supply,Bardoli: Nagarpalika Water Storage Scheme,28-05-2024,Sandip Vadher,Team leader,7043903718,gujarat.blg@gmail.com,Mr. Sumit Ganvit,7698043266,rpbardoli@yahoo.co.in ,Submitted,Submitted,Save As Draft,Sent to State,Submitted,Report Submitted,Yes,Compliance accepted.,Q1 - 2024-2025,,,,,
1114,GUJARAT,BARDOLI,GJ-BARDOLI-14235,Water Supply,AMRUT 2.0: TRANCHE 3: Water supply project for Bardoli Nagar Palika.,22-12-2024,Sandip Vadher,Team leader,7043903718,gujarat.blg@gmail.com,Mr. Sumit Ganvit,7698043266,rpbardoli@yahoo.co.in ,Submitted,Submitted,Save As Draft,Sent to State,Submitted,Report Submitted,Yes,Informative comment. No action required.,Q3 - 2024-2025,,,,,
1115,GUJARAT,VYARA,GJ-VYARA-4946,Water Supply,Water supply scheme vyara nagarpalika nal se jal,25-09-2024,Sandip Vadher,Dy. Team Leader,7043903718,gujarat.blg@gmail.com,K D patel ,+91 72280 22537,piusurat-gudc@gujarat.gov.in,Submitted,Save As Draft,Save As Draft,Sent to State,Submitted,Report Submitted,Yes,Informative comment. No action required.,Q2 - 2024-2025,,,,,
1116,GUJARAT,VYARA,GJ-VYARA-10642,Water Body Rejuvenation,AMRUT 2.0 : TRANCHE 2.0 : RENOVATION WORK AT JALVATIKA POND IN VYARA MUNICIPALITY,25-09-2024,Sandip Vadher,Dy. Team Leader,7043903718,gujarat.blg@gmail.com,Vandanaben B Dobariya ,9429855725,vyaranagar@yahoo.co.in,Submitted,Submitted,Save As Draft,Sent to State,Submitted,Report Submitted,Yes,Compliance Accepted,Q2 - 2024-2025,,,,,
1117,GUJARAT,MUNDRA BAROI,GJ-MUNDRA_BAROI-5072,Parks & Green Space Development,AMRUT 2.0: Renovation and Development of PUBLIC PARK NR DAK BUNGLOW in MUNDRA BAROI MUNICIPALITY,22-08-2024,Sandip Vadher,Team leader ,7043903718,gujarat.blg@gmail.com,Sukhdevsinh Jadeja,9510353570,mundrabaroi.municipality@gmail.com,Submitted,Submitted,Save As Draft,Sent to State,Submitted,Report Submitted,Yes,Compliance accepted.,Q2 - 2024-2025,,,,,
1118,GUJARAT,MUNDRA BAROI,GJ-MUNDRA_BAROI-5080,Parks & Green Space Development,Development of public park at paras nagar near shree swaminarayan temple in mundra baroi municipalit,22-08-2024,Sandip Vadher,Team leader ,7043903718,gujarat.blg@gmail.com,Sukhdevsinh Jadeja,9510353570,mundrabaroi.municipality@gmail.com,Submitted,Submitted,Save As Draft,Sent to State,Submitted,Report Submitted,Yes,Compliance accepted.,Q2 - 2024-2025,,,,,
1119,GUJARAT,MUNDRA BAROI,GJ-MUNDRA_BAROI-5095,Water Body Rejuvenation,Development and Rejuvenation of jeramsar lake in mundra baroi municipality,15-05-2024,Sandip Vadher,Team leader ,7043903718,gujarat.blg@gmail.com,Sukhdevsinh Jadeja,9510353570,mundrabaroi.municipality@gmail.com,Submitted,Submitted,Save As Draft,Sent to State,Submitted,Report Submitted,Yes,Compliance accepted.,Q1 - 2024-2025,,,,,
1120,GUJARAT,MUNDRA BAROI,GJ-MUNDRA_BAROI-5131,Water Supply,MUNDRA BAROI: Water Supply Scheme,15-05-2024,Sandip vadher,Team Leader,7043903718,gujart.blg@gmail.com,Harish Rabadiya,8866327343,mundrabaroi.municipality@gmail.com,Submitted,Submitted,Save As Draft,Sent to State,Submitted,Report Submitted,Yes,Compliance accepted.,Q1 - 2024-2025,,,,,
1121,GUJARAT,MUNDRA BAROI,GJ-MUNDRA_BAROI-8407,Water Body Rejuvenation,AMRIT SAROVAR: Mundra Baroi municipality Jeramsar talav Development Project (Phase-II) ,20-03-2025,Ghanshyam Bhalgama,Technical Expert,9687228433,gujarat.blg@gmail.com,Harish Rabadiya,8866327343,mundrabaroi.municipality@gmail.com,Submitted,Save As Draft,Save As Draft,Sent to State,Submitted,Report Submitted,Yes,Informative comment.,Q4 - 2024-2025,,,,,
1122,HARYANA,AMBALA,HR-AMBALA-15589,Water Supply,"Repair of SS Tanks, Boundary Wall and Connection of WTP 's with raw water agumantation of Pumping Machinery to supply Raw Water into all WTP",22-07-2024,Neeraj Kumar,Technical Expert,7983455763,neeraj255.nk@gmail.com,Karanbeer Singh,9467840132,eeambcity@gmail.com,Submitted,Submitted,Save As Draft,Sent to State,Submitted,Report Submitted,Yes,agreed,Q2 - 2024-2025,,,,,
1123,HARYANA,AMBALA,HR-AMBALA-15591,Sewerage & Septage Management,Strengthening of Existing 800 mm id and 1200 mm id sewer line by Using CIPP (Curved in place pipe),22-07-2024,Neeraj Kumar,Technical Expert,7983455763,neeraj255.nk@gmail.com,Karanbeer Singh,9467840132,eeambcity@gmail.com,Submitted,Submitted,Save As Draft,Sent to State,Submitted,Report Submitted,Yes,As per Comments,Q2 - 2024-2025,,,,,
1124,HARYANA,AMBALA,HR-AMBALA-15651,Water Supply,Strengthning of fwater supply scheme Ambala City,22-07-2024,Neeraj Kumar,Technical Expert,7983455763,neeraj255.nk@gmail.com,Karanbeer Singh,9467840132,eeambcity@gmail.com,Submitted,Submitted,Save As Draft,Sent to State,Submitted,Report Submitted,Yes,Agreed,Q2 - 2024-2025,,,,,
1125,HARYANA,YAMUNANAGAR,HR-YAMUNANAGAR-15582,Sewerage & Septage Management,"Details project report of treatment system for sewage containing industrial wastewater in Yamunagar-jagadhari, Haryana",25-03-2025,AKHILESH  VERMA,Technical Expert,7080502846,akhilesh101296@gmail.com,Sh.Saurabh Ahlawat,9466888100,ee1ynagar@phedharyana.gov.in,Submitted,Submitted,Save As Draft,Sent to State,Submitted,Report Submitted,Yes,accepted,Q4 - 2024-2025,,,,,
1126,HARYANA,SHAHBAD,HR-SHAHBAD-14266,Water Supply,"Shahbad Town :- DPR for Prov. and Installing 3 Nos additional TW, replacement of existing AC/PVC pipeline, Pumping Machinary , Laying of newly DI pipeline etc. in Shahbad Town.( under AMRUT 2.0)[",12-11-2025,SANDEEP  JHA ,Deputy Team Leader,9313937241,sandeepjha966@gmail.com,Sh. Sumit Garg,8059530576,eekuktra@phedharyana.gov.in,Submitted,Submitted,Save As Draft,Sent to State,Pending Submitted,Pending to be Submitted,,,Q3 - 2025-2026,,,,,
1127,HARYANA,THANESAR (M CL),HR-THANESAR-15594,Water Supply,"Kurukshetr Town :- Estimate of  replacement of old / damaged AC/PVC pipeline with DI pipe line to avoid insanitary connection in Thanesar Town, Distt. Kurukshetra",19-07-2024,Neeraj Kumar,Technical Expert,7983455763,neeraj255.nk@gmail.com,DINESH GABA,7056517159,eekurkshetra@gmail.com,Submitted,Submitted,Save As Draft,Sent to State,Submitted,Report Submitted,Yes,As per Comments,Q2 - 2024-2025,,,,,
1128,HARYANA,KAITHAL,HR-KAITHAL-15587,Water Supply,Kaithal Town-Water Supply System,29-08-2024,Neeraj Kumar,Technical Expert,7983455763,neeraj255.nk@gmail.com,Arvind Rohilla,9416304824,eekaithal@gmail.com,Submitted,Submitted,Save As Draft,Sent to State,Submitted,Report Submitted,Yes,agreed,Q2 - 2024-2025,,,,,
1129,HARYANA,KAITHAL,HR-KAITHAL-15590,Sewerage & Septage Management,Kaithal Town -Sewerage Scheme for replacement of pumping machinery,18-03-2025,AKHILESH  VERMA,Technical Expert,7080502846,akhilesh101296@gmail.com,Prashant Silvania,8607311333,ee1kaithal@phedharyana.gov.in,Submitted,Submitted,Save As Draft,Sent to State,Submitted,Report Submitted,Yes,agreed,Q4 - 2024-2025,,,,,
1130,HARYANA,PUNDRI,HR-PUNDRI-14024,Water Supply,Pundri Town-Water Supply Scheme for installation of 1 No. Additional Tubewell and Strengthening of distribution system in water supply scheme Pundri Town District Kaithal,30-08-2024,Neeraj Kumar,Technical Expert,7983455763,neeraj255.nk@gmail.com,Prashant Silvania,8607311333,ee1kaithal@phedharyana.gov.in,Submitted,Submitted,Save As Draft,Sent to State,Submitted,Report Submitted,Yes,agreed,Q2 - 2024-2025,,,,,
1131,HARYANA,NILOKHERI,HR-NILOKHERI-14459,Water Supply,Nilokheri Town- Strengthening of water supply scheme by installing 1 no. tubewell & laying of distribution network in balance area of MC at Nilokheri Town.,19-07-2024,Neeraj Kumar,Technical Expert,7983455763,neeraj255.nk@gmail.com,Gurmeet,8929657000,ee1karnal@phedharyana.gov.in,Submitted,Submitted,Save As Draft,Sent to State,Submitted,Report Submitted,Yes,Agreed,Q2 - 2024-2025,,,,,
1132,HARYANA,TARAORI,HR-TARAORI-14423,Water Supply,Taraori Town- Strengthening of water supply scheme by installing 2 no. tubewells & laying of distribution network in balance area of MC at Taraori Town.,19-07-2024,Neeraj Kumar,Technical Expert,7983455763,neeraj255.nk@gmail.com,Gurmeet,8929657000,ee1karnal@phedharyana.gov.in,Submitted,Submitted,Save As Draft,Sent to State,Submitted,Report Submitted,Yes,agreed,Q2 - 2024-2025,,,,,
1133,HARYANA,INDRI,HR-INDRI-14380,Water Supply,"INDRI Town- Augmentation & Strengthening of w/s network, providing 24x7 network in ward 12 &13 and Household connections to the consumers. (Under AMRUT2.0)",19-07-2024,Neeraj Kumar,Technical Expert,7983455763,neeraj255.nk@gmail.com,VIKAS BALYAN,9996671716,eepkarnal@gmail.com,Submitted,Save As Draft,Save As Draft,Sent to State,Submitted,Report Submitted,Yes, accepted,Q2 - 2024-2025,,,,,
1134,HARYANA,KARNAL,HR-KARNAL-15597,Sewerage & Septage Management,"Karnal Town- Improvement of existing Infrastructure Remodeling of Katcha Channel, Raising of  effluent channel and strengthening of existing sewer lines by CIPP Technology",19-07-2024,Neeraj Kumar,Technical Expert,7983455763,neeraj255.nk@gmail.com,Vikas Balyan,01842266004,eepkarnal@gmail.com,Submitted,Submitted,Save As Draft,Sent to State,Submitted,Report Submitted,Yes,agreed,Q2 - 2024-2025,,,,,
1135,HARYANA,NISSING,HR-NISSING-14457,Water Supply,Nissing Town- Strengthening of water supply scheme by installing 2 no. tubewells & laying of distribution network in balance area of MC at Nissing Town.,19-07-2024,Neeraj Kumar,Technical Expert,7983455763,neeraj255.nk@gmail.com,Rakesh Kumar,7206000828,ee1karnal@phedharyana.gov.in,Submitted,Submitted,Save As Draft,Sent to State,Submitted,Report Submitted,Yes,agreed,Q2 - 2024-2025,,,,,
1136,HARYANA,ASSANDH (MC),HR-ASSANDH-14425,Water Supply,Assandh Town- Augmentation of water supply scheme by construction of additional required structures & laying of distribution network in balance area of MC at Assandh.,19-07-2024,Neeraj Kumar,Technical Expert,7983455763,neeraj255.nk@gmail.com,Rakesh Kumar,7206000828,ee1karnal@phedharyana.gov.in,Submitted,Submitted,Save As Draft,Sent to State,Submitted,Report Submitted,Yes,agreed,Q2 - 2024-2025,,,,,
1137,HARYANA,GHARAUNDA,HR-GHARAUNDA-14382,Water Supply,"GHARAUNDA town- Augmentation & strengthening of w/s network, providing quantity and quality sensors and providing Household connections to the end users.",19-07-2024,Neeraj Kumar,Technical Expert,7983455763,neeraj255.nk@gmail.com,Vikas Balyan,01842266004,eepkarnal@gmail.com,Submitted,Save As Draft,Save As Draft,Sent to State,Submitted,Report Submitted,Yes,agreed,Q2 - 2024-2025,,,,,
1138,HARYANA,SAMALKHA,HR-SAMALKHA-14480,Water Supply,"Samalkha Town- Augmentation of water supply scheme by installing 9 nos. tubewells, 2 nos. boosting station & laying of distribution network in balance area",18-07-2024,Neeraj Kumar,Technical Expert,7983455763,neeraj255.nk@gmail.com,Mohit Sharma,8398004521,Sde.Samalkha@Phedharyana.Gov.In,Save As Draft,Save As Draft,Save As Draft,Pending Sent to State,Pending Submitted,Pending to be Submitted,,,Q2 - 2024-2025,,,,,
1139,HARYANA,GOHANA,HR-GOHANA-14516,Water Supply,Gohana Town : Water Supply Scheme Gohana Town,11-02-2025,AKHILESH  VERMA,Technical Expert,7080502846,akhilesh101296@gmail.com,Naveen Kumar Goyat,9467217309,ee1gohana@phedharyana.gov.in,Submitted,Submitted,Save As Draft,Sent to State,Submitted,Report Submitted,Partially Compliant, submit the photo for consideration,Q4 - 2024-2025,,,,,
1140,HARYANA,GANAUR,HR-GANAUR-14403,Water Supply,Ganaur Town:- Augmentation of Water Supply Scheme Ganaur Town District Sonipat under AMRUT-2.0,11-02-2025,AKHILESH  VERMA,Technical Expert,7080502846,akhilesh101296@gmail.com,Naveen Kumar Goyat,9467217309,ee1gohana@phedharyana.gov.in,Submitted,Submitted,Save As Draft,Sent to State,Submitted,Report Submitted,Partially Compliant, compliance will be considered after installation of board and submission of photo of the same,Q4 - 2024-2025,,,,,
1141,HARYANA,KHARKHODA,HR-KHARKHODA-14468,Water Supply,Kharkhoda Town- Augmentation of water supply scheme by construction of Additional required structures & laying the distribution network in balance area of Kharkhoda Town.,18-07-2024,Neeraj Kumar,Technical Expert,7983455763,neeraj255.nk@gmail.com,Ravindra Rana,9300480048,ee2sonipat@phedharyana.gov.in,Submitted,Submitted,Save As Draft,Sent to State,Submitted,Report Submitted,Yes,agreed,Q2 - 2024-2025,,,,,
1142,HARYANA,NARWANA,HR-NARWANA-15643,Water Supply,Narwana Town,29-08-2024,Neeraj Kumar,Technical Expert,7983455763,neeraj255.nk@gmail.com,Gurmeet Singh,9896672130,eenarwana@phedharyana.gov.in,Submitted,Submitted,Save As Draft,Sent to State,Submitted,Report Submitted,Yes,As per Comments,Q2 - 2024-2025,,,,,
1143,HARYANA,UCHANA,HR-UCHANA-14471,Water Supply,UCHANA TOWN:-  UPGRADATION OF WATER SUPPLY SCHEME: FOR UCHANA TOWN DISTT. JIND UNDER AMRUT 2.0,24-08-2024,Neeraj Kumar,Technical Expert,7983455763,neeraj255.nk@gmail.com,Sanjeev Kumar,7206375008,eenarwana@phedharyana.gov.in,Submitted,Submitted,Save As Draft,Sent to State,Submitted,Report Submitted,Yes,agreed,Q2 - 2024-2025,,,,,
1144,HARYANA,JIND,HR-JIND-15575,Water Supply,Jind Town Construction of Canal Based Water Supply Scheme Jind City (Under C.M. Announcement Code No.24490),28-08-2024,Neeraj Kumar,Technical Expert,7983455763,neeraj255.nk@gmail.com,Sanjeev Kumar,7206375007,ee2.jind@phedharyana.gov.in,Submitted,Save As Draft,Save As Draft,Sent to State,Submitted,Report Submitted,Yes,agreed,Q2 - 2024-2025,,,,,
1145,HARYANA,JULANA,HR-JULANA-14374,Water Supply,Julana Town:- Aug. of Water Supply Scheme Julana Town Distt. Jind Under Amrut-2,03-12-2025,SANDEEP  JHA ,Deputy Team Leader,9313937241,sandeepjha966@gmail.com,Sh. Bhanu Parkash,9467404747,ee2.jind@phedharyana.gov.in,Save As Draft,Submitted,Save As Draft,Sent to State,Pending Submitted,Pending to be Submitted,,,Q3 - 2025-2026,,,,,
1146,HARYANA,RATIA,HR-RATIA-14373,Water Supply,Providing Independent Canal Based Water Works at Ratia Town Distt Fatehabad,03-09-2024,Neeraj Kumar,Technical Expert,7983455763,neeraj255.nk@gmail.com,Adarsh Singla,8569910916,eetohana@gmail.com,Submitted,Submitted,Save As Draft,Sent to State,Submitted,Report Submitted,Yes,agreed,Q2 - 2024-2025,,,,,
1147,HARYANA,TOHANA,HR-TOHANA-14461,Water Supply,Augumentation water supply scheme Tohana under AMRUT 2.0,03-09-2024,Neeraj Kumar,Technical Expert,7983455763,neeraj255.nk@gmail.com,Adarsh Singla,8569910916,eetohana@phedharyana.gov.in,Submitted,Submitted,Save As Draft,Sent to State,Submitted,Report Submitted,Yes,agreed,Q2 - 2024-2025,,,,,
1148,HARYANA,TOHANA,HR-TOHANA-15652,Water Supply,Augmentation water supply scheme Tohana under AMRUT 2.0,19-03-2025,AKHILESH  VERMA,Technical Expert,7080502846,akhilesh101296@gmail.com,Adarsh Kumar,Executive Engineer,eetohana@phedharyana.gov.in,Submitted,Submitted,Save As Draft,Sent to State,Submitted,Report Submitted,Yes,agreed,Q4 - 2024-2025,,,,,
1149,HARYANA,FATEHABAD,HR-FATEHABAD-15640,Water Supply,Estimate for Updating of Water supply scheme Fatehabad Town Distt. Fatehabad,02-09-2024,Neeraj Kumar,Technical Expert,7983455763,neeraj255.nk@gmail.com,Satish Kumar,9034589459,eepfatehabad@gmail.com,Submitted,Submitted,Save As Draft,Sent to State,Submitted,Report Submitted,Yes,agreed,Q2 - 2024-2025,,,,,
1150,HARYANA,MANDI DABWALI,HR-MANDI_DABWALI-15603,Water Supply,Renovation of Water Works construction of 2 nos. Boosting Station and provision of laying Distribution network system,05-09-2024,Neeraj Kumar,Technical Expert,7983455763,neeraj255.nk@gmail.com,Vijay Kumar,8730000001,ee.mandidabwali@gmail.com,Submitted,Submitted,Save As Draft,Sent to State,Submitted,Report Submitted,Yes,agreed,Q2 - 2024-2025,,,,,
1151,HARYANA,SIRSA (M CL),HR-SIRSA-15641,Sewerage & Septage Management,Sirsa Town:- Estimate for Extension of 400mm i/d DI Rising Main from Opposite Chaudhary Devi Lal University to Existing Main Pumping Station at Kelnia,04-09-2024,Neeraj Kumar,Technical Expert,7983455763,neeraj255.nk@gmail.com,Bhanu Parkash Sharma,9467404747,ee3sirsa@phedharyana.gov.in,Submitted,Submitted,Save As Draft,Sent to State,Submitted,Report Submitted,Yes,Agreed,Q2 - 2024-2025,,,,,
1152,HARYANA,SIRSA (M CL),HR-SIRSA-15644,Sewerage & Septage Management,"Sirsa Town:- Laying/Improvement of Sewer Line in various streets, providing sewerage facilities in balance area of ward no.26, Aug. of IPS Kanganpur at Sirsa Town,",04-09-2024,Neeraj Kumar,Technical Expert,7983455763,neeraj255.nk@gmail.com,Bhanu Parkash Sharma,9467404747,ee3sirsa@phedharyana.gov.in,Submitted,Submitted,Save As Draft,Sent to State,Submitted,Report Submitted,Yes,agreed,Q2 - 2024-2025,,,,,
1153,HARYANA,SIRSA (M CL),HR-SIRSA-17339,Water Supply,"rough cost estimate for augmentation of water supply scheme sirsa town, Construction of Boosting station, additional structures & laying the internal distribution pipeline at sirsa town",09-12-2025,,,,,,,,Save As Draft,Save As Draft,Save As Draft,Pending Sent to State,Pending Submitted,Pending to be Submitted,,,Q3 - 2025-2026,,,,,
1154,HARYANA,ELLENABAD (MC),HR-ELLENABAD-15642,Water Supply,"Ellenabad Town:- Aug. Water Supply Scheme Ellenabad Town. `Construction of S/S Tanks, Repair of Existing Water Works Structures and Laying of New Water Carrier (800mm",04-09-2024,Neeraj Kumar,Technical Expert,7983455763,neeraj255.nk@gmail.com,Bhanu Parkash Sharma,9467404747,ee3sirsa@phedharyana.gov.in,Submitted,Submitted,Save As Draft,Sent to State,Submitted,Report Submitted,Yes,agreed,Q2 - 2024-2025,,,,,
1155,HARYANA,BARWALA,HR-BARWALA-14103,Water Supply,"Augmentation and Upgradation of water supply scheme (Additional Structures, Renovation & Strengthening of existing structures) of Barwala Town, Distt. Hisar",23-08-2024,Neeraj Kumar,Technical Expert,7983455763,neeraj255.nk@gmail.com,Sashikant,9466000871,ee2hisar@gmail.com,Submitted,Submitted,Save As Draft,Sent to State,Submitted,Report Submitted,Yes,As per Comments,Q2 - 2024-2025,,,,,
1156,HARYANA,HISAR,HR-HISAR-17409,Sewerage & Septage Management,DPR FOR AUGMENTATION OF SEWERAGE SCHEME HISAR TOWN UNDER AMRUT 2.0.,11-12-2025,SANDEEP  JHA ,Deputy Team Leader,9313937241,sandeepjha966@gmail.com,Er. Balkar Singh,9467748009,ee3hisar@phedharyana.gov.in,Submitted,Submitted,Save As Draft,Sent to State,Pending Submitted,Pending to be Submitted,,,Q3 - 2025-2026,,,,,
1157,HARYANA,NARNAUND,HR-NARNAUND-14375,Water Supply,Estimate for renovation / Upgradation of Structures at Water Works and Laying the Balance pipe lines in Narnaund Town Distt. Hisar,22-08-2024,Neeraj Kumar,Technical Expert,7983455763,neeraj255.nk@gmail.com,S K Tyagi,9253666363,eehansi@phedharyana.gov.in,Submitted,Submitted,Save As Draft,Sent to State,Submitted,Report Submitted,Yes,As per Comments,Q2 - 2024-2025,,,,,
1158,HARYANA,HANSI,HR-HANSI-14583,Water Supply,"Upgradation of water supply scheme, replacement and laying of new pipe line construction of new boosting station etc. in Hansi Town",22-08-2024,Neeraj Kumar,Technical Expert,7983455763,neeraj255.nk@gmail.com,Sanjeev Kumar Tyagi,9253666363,eehansi@phedharyana.gov.in,Submitted,Submitted,Save As Draft,Sent to State,Submitted,Report Submitted,Yes,agreed,Q2 - 2024-2025,,,,,
1159,HARYANA,HANSI,HR-HANSI-17386,Water Supply,Hansi Town :- Estimate for Raw Water Arrangements and Laying of balanced distribution system in Hansi Town Distt.Hisar (Under AMRUT 2.0),09-12-2025,SANDEEP  JHA ,Deputy Team Leader,9313937241,sandeepjha966@gmail.com,Er. S.K Tyagi,9253666363,eehansi@phedharyana.gov.in,Submitted,Save As Draft,Save As Draft,Pending Sent to State,Pending Submitted,Pending to be Submitted,,,Q3 - 2025-2026,,,,,
1160,HARYANA,BAWANI KHERA,HR-BAWANI_KHERA-14386,Water Supply,"Augmentation, Renovation and Raw water arrangement for 1st & 2nd Water Works and Distribution Network for  Water Supply Scheme Bawani Khera Town, Distt. Bhiwani",22-08-2024,Neeraj Kumar,Technical Expert,7983455763,neeraj255.nk@gmail.com,Vikas Dhankar,9416381652,eetoshan@gmail.com,Submitted,Submitted,Save As Draft,Sent to State,Submitted,Report Submitted,Yes,Agreed,Q2 - 2024-2025,,,,,
1161,HARYANA,CHARKHI DADRI (MC),HR-CHARKHIDADRI-14670,Water Supply,"Aug. of water supply scheme by constructing 3rd W/w , Ren. of existing structures of existing w/w, laying the rising main, distribution system",21-08-2024,Neeeaj Kumar,Technical Expert,7983455763,neeraj255.nk@gmail.com,Sohan Lal,9813097022,eedadri@phedharyana.gov.in,Submitted,Submitted,Save As Draft,Sent to State,Submitted,Report Submitted,Yes,agreed,Q2 - 2024-2025,,,,,
1162,HARYANA,ROHTAK,HR-ROHTAK-15645,Water Supply,Proving Raw water pumping station JLN canal and upgradation of upendent water of HSIIDC,17-07-2024,Neeraj Kumar,Technical Expert,7983455763,neeraj255.nk@gmail.com,Tarun Garg,9416930996,ee2rohtak@phedharyana.gov.in,Submitted,Submitted,Save As Draft,Sent to State,Submitted,Report Submitted,Yes,Agreed,Q2 - 2024-2025,,,,,
1163,HARYANA,ROHTAK,HR-ROHTAK-15647,Water Supply,Estimate of strengthening and replacement of old pumping machinery and lying of Distibution pipe line,17-07-2024,Neeraj Kumar,Technical Expert,7983455763,neeraj255.nk@gmail.com,Tarun Garg,9416930996,ee2rohtak@phedharyana.gov.in,Submitted,Submitted,Save As Draft,Sent to State,Submitted,Report Submitted,Yes,Agreed,Q2 - 2024-2025,,,,,
1164,HARYANA,ROHTAK,HR-ROHTAK-15648,Sewerage & Septage Management,Estimate for Strengthen and replacement of old pumping machinery of existing disposal and main pumping station and providing laaying of sewer line,17-07-2024,Neeraj Kumar,Technical Expert,7983455763,neeraj255.nk@gmail.com,Mukesh Kumar,9813511829,ee2rohtak@phedharyana.gov.in,Submitted,Submitted,Save As Draft,Sent to State,Submitted,Report Submitted,Yes,agreed,Q2 - 2024-2025,,,,,
1165,HARYANA,KALANAUR,HR-KALANAUR-15646,Water Supply,"Providing raw water arrangement through raw water lifting and lying, cutting, jointing, DI pipe raw water, rising main in Kalanaur town",17-07-2024,Neeraj Kumar,Technical Expert,7983455763,neeraj255.nk@gmail.com,Rohit Kumar,9467685780,ee1rohtak@gmail.com,Submitted,Submitted,Save As Draft,Sent to State,Submitted,Report Submitted,Yes,agreed,Q2 - 2024-2025,,,,,
1166,HARYANA,BAHADURGARH,HR-BAHADURGARH-14134,Sewerage & Septage Management,Bahadurgarh Town:- Estimate for Up gradation and Commissioning of existing 18.0 MLD capacity Sewage Treatment Plant based on UASB Technology (Anaerobic growth process),16-07-2024,Neeraj Kumar,Technical Expert,7983455763,neeraj255.nk@gmail.com,Nitin Sharma,9812747178,eebgarh@phedharyana.gov.in,Submitted,Save As Draft,Save As Draft,Sent to State,Submitted,Report Submitted,Yes,work not started,Q2 - 2024-2025,,,,,
1167,HARYANA,FARRUKHNAGAR,HR-FARRUKHNAGAR-13850,Water Supply,AUGMENTATION OF WATER SUPPLY SCHEME OF FARRUKH NAGAR TOWN,17-12-2024,Neeraj Kumar,Technical Expert,7983455763,neeraj255.nk@gmail.com,Nitin Kumar,9255004162,eegurgaon@gmail.com,Submitted,Submitted,Save As Draft,Sent to State,Submitted,Report Submitted,Yes,Agreed,Q3 - 2024-2025,,,,,
1168,HARYANA,TAORU,HR-TAORU-14412,Water Supply,"Estimate for providing and laying water supply DI Pipeline, tubewell drilling,3 No. UGT construction and machinery for Taoru Town under AMRUT scheme.",27-02-2025,AKHILESH  VERMA,Technical Expert,7080502846,akhilesh101296@gmail.com,Pardeep Kumar,Executive Engineer,ee1nuh@phedharyana.gov.in,Submitted,Submitted,Save As Draft,Sent to State,Submitted,Report Submitted,Partially Compliant,Relevant photo be attached regarding the depth rectification for consideration of compliance,Q4 - 2024-2025,,,,,
1169,HARYANA,NUH,HR-NUH-14416,Water Supply,"Estimate for Prov & laying of DI Pipeline , 4 No. UGT , drilling of tubewells alongwith with machinery for Nuh Town under AMRUT Scheme.",16-07-2024,Neeraj Kumar,Technical Expert,7983455763,neeraj255.nk@gmail.com,Abid Hussain,9873774770,ee1nuh@phedharyana.gov.in,Submitted,Save As Draft,Save As Draft,Sent to State,Submitted,Report Submitted,Yes,ok,Q2 - 2024-2025,,,,,
1170,HARYANA,FEROZEPUR JHIRKA,HR-FEROZEPUR_JHIRKA-14378,Water Supply,"Estimate for Prov & DI Pipeline , Tubewell drilling & UGT construction with machinery in Firojpur Zirka Town Dist nuh Haryana",16-07-2024,Neeraj Kumar,Technical Expert,7983455763,neeraj255.nk@gmail.com,Bali Mohd,9813279500,eenuh@phedharyana.gov.in,Submitted,Save As Draft,Save As Draft,Sent to State,Submitted,Report Submitted,Yes,ok,Q2 - 2024-2025,,,,,
1171,HARYANA,PALWAL,HR-PALWAL-15628,Sewerage & Septage Management,Strenghtening of existing 600mm i/d RCC pipe sewer line by providing CIPP technology,15-07-2024,Neeraj Kumar,Technical Expert,7983455763,neeraj255.nk@gmail.com,Tirlok Mangla,9818127960,ee3palwal@phedharyana.gov.in,Submitted,Submitted,Save As Draft,Sent to State,Submitted,Report Submitted,Yes,Agreed,Q2 - 2024-2025,,,,,
1172,HARYANA,HATHIN,HR-HATHIN-13805,Water Supply,Hathin Augmentation and strenghting of water supply scheme Hathin Town under Amrut 2.0,15-07-2024,Neeraj Kumar,Technical Expert,7983455763,neeraj255.nk@gmail.com,Dipendra Raj Singh,9910274354,eeproject2palwal@gmail.com,Submitted,Save As Draft,Save As Draft,Sent to State,Submitted,Report Submitted,Yes,Agreed,Q2 - 2024-2025,,,,,
1173,HARYANA,HODAL,HR-HODAL-15627,Water Supply,Strengthening of Existing water supply in Hodal Town,15-07-2024,Neeraj Kumar,Technical Expert,7983455763,neeraj255.nk@gmail.com,Ajay Kangra,9990508999,ee3palwal@phedharyana.gov.in,Submitted,Submitted,Save As Draft,Sent to State,Submitted,Report Submitted,Yes,agreed,Q2 - 2024-2025,,,,,
1174,HARYANA,NANGAL CHAUDHARY,HR-NANGAL_CHAUDHARY-12697,Water Supply,"Augmentation of water supply scheme Nangal Choudhary Town @ 135 lpcd, District Mohindergarh",21-08-2024,Neeraj Kumar,Technical Expert,7983455763,neeraj255.nk@gmail.com,Ramesh Chand Gaur,9911521920,ee1narnaul@phedharyana.gov.in,Submitted,Submitted,Save As Draft,Sent to State,Submitted,Report Submitted,Yes,As per Comments,Q2 - 2024-2025,,,,,
1175,HARYANA,BHUNA,HR-BHUNA-15638,Water Supply,Bhuna Water Supply Project,03-09-2024,Neeraj Kumar,Technical Expert,7983455763,neeraj255.nk@gmail.com,Satish Kumar,9034589459,eepfatehabad@gmail.com,Submitted,Submitted,Save As Draft,Sent to State,Submitted,Report Submitted,Yes,agreed,Q2 - 2024-2025,,,,,
1176,HARYANA,UKLANA,HR-UKLANA-14372,Water Supply,DPR for Augmentation of Water Supply Scheme & Strengthening of Existing piping Network of Uklana Town Distt. Hisar,23-08-2024,Neeraj Kumar,Technical Expert,7983455763,neeraj255.nk@gmail.com,Sashikant,9466000871,ee2hissar@gmail.com,Submitted,Submitted,Save As Draft,Sent to State,Submitted,Report Submitted,Yes,agreed,Q2 - 2024-2025,,,,,
1177,HARYANA,RAJOUND,HR-RAJOUND-15588,Water Supply,Rajound Town - Water Supply Scheme in Rajound Town (Under AMRUT 2.0),29-08-2024,Neeraj Kumar,Technical Expert,7983455763,neeraj255.nk@gmail.com,Gourav Kansal,9812395909,ee2kaithal@phedharyana.gov.in,Submitted,Submitted,Save As Draft,Sent to State,Submitted,Report Submitted,Yes,agreed,Q2 - 2024-2025,,,,,
1178,HARYANA,BARARA,HR-BARARA-15649,Water Supply,Providing water supply in balance street/ replacement in Barara Town,22-07-2024,Neeraj Kumar,Technical Expert,7983455763,neeraj255.nk@gmail.com,Harbhajan Singh,9466796006,eeambala@gmail.com,Submitted,Submitted,Save As Draft,Sent to State,Submitted,Report Submitted,Yes,Agreed,Q2 - 2024-2025,,,,,
1179,HARYANA,BARARA,HR-BARARA-17759,Water Supply,"Barara Town: Renovation/Up-Gradation of water supply, Construction of boosting  stations and laying the balance pipelines in mc area of Barara Town District Ambala. (Under AMRUT 2.0)",04-12-2025,SANDEEP  JHA ,Deputy Team Leader,9313937241,sandeepjha966@gmail.com,Er. Harbhajan Singh,9466796006,eeambala@phedharyana.gov.in,Submitted,Submitted,Save As Draft,Sent to State,Pending Submitted,Pending to be Submitted,,,Q3 - 2025-2026,,,,,
1180,HARYANA,RADAUR,HR-RADAUR-14376,Water Supply,"Augmentation of water supply scheme Radaur Town, District Yamuna Nagar.",23-07-2024,Neeraj Kumar,Technical Expert,7983455763,neeraj255.nk@gmail.com,DINESH GABA,7056517159,ee2ynagar@phedharyana.gov.in,Submitted,Submitted,Save As Draft,Sent to State,Submitted,Report Submitted,Yes,As per Comments,Q2 - 2024-2025,,,,,
1181,HARYANA,KUNDLI,HR-KUNDLI-14422,Water Supply,"Kundli Town:- Aug. of Water Supply Scheme by providing T/W , Bossting Station and laying the Balance pipe line in MC area of kundli",25-08-2025,SANDEEP  JHA ,Deputy Team Leader,9313937241,sandeepjha966@gmail.com,Er. Gautam Kumar,9728889873,ee2sonipat@phedharyana.gov.in,Submitted,Submitted,Save As Draft,Sent to State,Submitted,Report Submitted,Yes,ok,Q2 - 2025-2026,,,,,
1182,HARYANA,JAKHAL MANDI,HR-JAKHAL_MANDI-14551,Water Supply,Augumentation water supply scheme Jakhal Mandi under AMRUT 2.0,27-08-2024,jodhpur it team,jodhpur it team,jodhpur it team,jodhpuritteam@gmail.com,jodhpur it team,jodhpur it team,jodhpuritteam@gmail.com,Save As Draft,Save As Draft,Save As Draft,Pending Sent to State,Pending Submitted,Pending to be Submitted,,,Q2 - 2024-2025,,,,,
1183,HARYANA,JAKHAL MANDI,HR-JAKHAL_MANDI-17402,Water Supply,"Estimate for augmentation drinking water supply scheme and providing and laying of water supply pipeline at Jakhal Town, District Fatehabad (Under AMRUT 2.0).",10-12-2025,,,,,,,,Save As Draft,Save As Draft,Save As Draft,Pending Sent to State,Pending Submitted,Pending to be Submitted,,,Q3 - 2025-2026,,,,,
1184,HIMACHAL PRADESH,DALHOUSIE CANTT.,HP-DALHOUSIE(C)-6007,Water Body Rejuvenation,Rejuvenation of water body ,30-09-2024,Mr. Zeeshan Ali  ,Technical Expert,7983455763,amrut2.0blgjod@gmail.com,Mr Hemant Puri (Executive Engineer) ,8091759838,ceodalh-stats@nic.in,Submitted,Submitted,Save As Draft,Sent to State,Submitted,Report Submitted,Yes,agreed,Q2 - 2024-2025,,,,,
1185,HIMACHAL PRADESH,DALHOUSIE,HP-DALHOUSIE-2856,Water Supply,Providing Water Supply Facility to Dalhousie Town,30-09-2024,Mr. Neeraj Kumar,Technical Expert,7983455763,amrut2.0blgjod@gmail.com,Mr Hemant Puri (Executive Engineer),8091759838,ceodalh-stats@nic.in,Submitted,Submitted,Save As Draft,Sent to State,Submitted,Report Submitted,Yes,agreed,Q2 - 2024-2025,,,,,
1186,HIMACHAL PRADESH,DALHOUSIE,HP-DALHOUSIE-5807,Water Body Rejuvenation,Improvement of Catchment area at Ahala ,30-09-2024,Mr. Neeraj Kumar ,Technical Expert,7310891560     ,amrut2.0blgjod@gmail.com,Mr Hemant Puri (Executive Engineer)  Shishu Sharma (Junior Engineer) ,8091759838,ceodalh-stats@nic.in,Submitted,Submitted,Save As Draft,Sent to State,Submitted,Report Submitted,Yes,agreed,Q2 - 2024-2025,,,,,
1187,HIMACHAL PRADESH,DALHOUSIE,HP-DALHOUSIE-14668,Water Body Rejuvenation,RENOVATON OF WATER BODIES SUBHASH BOWLI JANDRIGHAT ROAD DALHOUSIE,21-05-2025,ZEESHAN ALI,Technical Expert,7310891560,zeeshanali9046@gmail.com,RAKHI KAUSHAL,9418316362,mcdalhousie@gmail.com,Submitted,Submitted,Save As Draft,Sent to State,Submitted,Report Submitted,Yes,agreed,Q1 - 2025-2026,,,,,
1188,HIMACHAL PRADESH,BAKLOH CANTT.,HP-BAKLOH(C)-6132,Water Body Rejuvenation,Water body rejuvenation project for existing spring source at Gadana,01-10-2024,Mr. Neeraj Kumar,Technical Expert,7983455763,mishr.sha2nk@gmail.com,Mr. Rakesh Thakur (Executive Engineer)   ,9418111771,ceobakl-stats@nic.in,Submitted,Submitted,Save As Draft,Sent to State,Submitted,Report Submitted,Yes,agreed,Q3 - 2024-2025,,,,,
1189,HIMACHAL PRADESH,CHAMBA,HP-CHAMBA-3469,Water Supply,IMPROVEMENT/EXTENSION OF WATER SUPPLY SCHEME OF CHAMBA TOWN,01-10-2024,Mr Neeraj Kumar,Technical Expert,7983455763,amrut2.0blgjod@gmail.com,Mr. Jitendra Sharma (Executive Engineer) ,6230079000,eeiphcba@rediffmail.com,Submitted,Submitted,Save As Draft,Sent to State,Submitted,Report Submitted,Partially Compliant,Procurement of GI pipes still pending,Q3 - 2024-2025,,,,,
1190,HIMACHAL PRADESH,YOL CANTT.,HP-YOL(C)-7760,Water Body Rejuvenation,Water Body Narwana (Near Hospital),25-09-2024,Mr. Neeraj Kr,Technical Expert,7310891560 ,amrut2.0blgjod@gmail.com,Mr. Sunil Kumar (Assistant Engineer),9882144986,sunanu1979@gmail.com,Submitted,Submitted,Save As Draft,Sent to State,Pending Submitted,Pending to be Submitted,,,Q2 - 2024-2025,,,,,
1191,HIMACHAL PRADESH,YOL CANTT.,HP-YOL(C)-7784,Water Body Rejuvenation,Water Body Tika Bani (Near vishvakarma Temple),25-09-2024,Mr Neeraj Kr,Technical Expert,7310891560,amrut2.0blgjod@gmail.com,Mr. Sunil Kumar (Assistant Engineer),9882144986,sunanu1979@gmail.com,Submitted,Submitted,Save As Draft,Sent to State,Pending Submitted,Pending to be Submitted,,,Q2 - 2024-2025,,,,,
1192,HIMACHAL PRADESH,KANGRA (M CL),HP-KANGRA-11672,Water Body Rejuvenation,"renovation of water body near police station , ward no 7 in kangra town ",26-09-2024,Neeraj Kr,Technical Expert,8290702701,amrut2.0blgjod@gmail.com,Mr. Rameshs  Singh (Junior Engineer),9459078300,aejsvkangra@gmail.com,Submitted,Submitted,Save As Draft,Sent to State,Submitted,Report Submitted,Yes,as per comments,Q2 - 2024-2025,,,,,
1193,HIMACHAL PRADESH,NAGROTA BAGWAN,HP-NAGROTA_BAGWAN-11670,Water Body Rejuvenation,Renovation of Water Body at Matiyari near Shamshaan Ghat in Tehsil Nagrota Bagwan,25-09-2024,Mr. Neeraj Kumar,Technical Expert,7983455763,amrut2.0blgjod@gmail.com,Mr. Vivek Thakur (Executive Engineer),9459563408,xeniphnagrota@gmail.com,Submitted,Submitted,Save As Draft,Sent to State,Submitted,Report Submitted,Yes,as per comments,Q2 - 2024-2025,,,,,
1194,HIMACHAL PRADESH,PALAMPUR,HP-PALAMPUR-11680,Water Body Rejuvenation,Rejuvenation of water body near Ambedkar Bhawan Ward No 4 Aima in Palampur Town,25-09-2024,Mr. Neeraj Kumar,Technical Expert,983455763,amrut2.0blgjod@gmail.com,Mr. Anil Verma (Executive Engineer). Anil Verma (Executive Engineer),9418023794,palampuriphee@yahoo.comyahoo.com,Submitted,Submitted,Save As Draft,Sent to State,Submitted,Report Submitted,Yes,as per comments,Q2 - 2024-2025,,,,,
1195,HIMACHAL PRADESH,PALAMPUR,HP-PALAMPUR-14981,Water Supply,Improvement and Extension of water supply scheme-AWA phase Palampur,28-02-2025,JITENDRA  SINGH ,Deputy Team Leader,8127436183,paljitendra918@gmail.com,Anil Verma ,Anil Verma ,palampuriphee@yahoo.co.in,Submitted,Submitted,Save As Draft,Sent to State,Submitted,Report Submitted,Yes,agreed,Q4 - 2024-2025,,,,,
1196,HIMACHAL PRADESH,KULLU (M CL),HP-KULLU-6556,Sewerage & Septage Management,Capacity enhancement and technology upgradation of STP Badah at Kullu.,06-03-2025,JITENDRA  SINGH ,Deputy Team Leader,8127436183,paljitendra918@gmail.com,Er Amit Sharma,7905308651,mishr.sha2nk@gmail.com,Submitted,Submitted,Save As Draft,Sent to State,Submitted,Report Submitted,Yes,agreed,Q4 - 2024-2025,,,,,
1197,HIMACHAL PRADESH,KULLU (M CL),HP-KULLU-6560,Sewerage & Septage Management,Sewerage connectivity to left out and low laying areas under MC Kullu.,23-09-2024,Zeeshan Ali,Technical Experts,7310891560,amrut2.0blgjod@gmail.com,Ankit Bisht (SDO-Kullu),7018870016,aeiphkullu@gmail.com,Submitted,Submitted,Save As Draft,Sent to State,Submitted,Report Submitted,Yes,as per comments,Q2 - 2024-2025,,,,,
1198,HIMACHAL PRADESH,KULLU (M CL),HP-KULLU-6563,Water Body Rejuvenation,Upgradation/Protection of Jairu Water body at ward 3 of Kullu town.,23-09-2024,Zeeshan Ali,Technical Experts,7310891560,amrut2.0blgjod@gmail.com,Sh. H.S Yadav,8219830776,eo-kul-hp@gov.in,Submitted,Submitted,Save As Draft,Sent to State,Submitted,Report Submitted,Yes,as per comments,Q2 - 2024-2025,,,,,
1199,HIMACHAL PRADESH,KULLU (M CL),HP-KULLU-9617,Water Body Rejuvenation,Upgradation/Protection of Hidimba Mata Water body at ward 9 (lankabekar) of Kullu town.,23-09-2024,Zeeshan Ali,Technical Experts,7310891560,amrut2.0blgjod@gmail.com,Sh. H.S Yadav,8219830776,eo-kul-hp@gov.in,Submitted,Submitted,Save As Draft,Sent to State,Submitted,Report Submitted,Yes,as per comments,Q2 - 2024-2025,,,,,
1200,HIMACHAL PRADESH,KULLU (M CL),HP-KULLU-9619,Water Body Rejuvenation,"Up-gradation/Development of Tikra & Bihal Water Body, at ward 7 & 11 of Kullu Town.",23-09-2025,JITENDRA,Deputy Team Leader,8127436183,paljitendra918@gmail.com,Babu Ram Negi,9805278449,kulluamrut101@gmail.com,Submitted,Save As Draft,Save As Draft,Sent to State,Pending Submitted,Pending to be Submitted,,,Q2 - 2025-2026,,,,,
1201,HIMACHAL PRADESH,BHUNTAR,HP-BHUNTAR-6135,Water Supply,Aug of WSS Bhunter Town,11-11-2025,JITENDRA  SINGH ,Deputy Team Leader,8127436183,paljitendra918@gmail.com,Er Amit Sharma,7905308651,divisionkullu1@gmail.com,Submitted,Submitted,Save As Draft,Sent to State,Submitted,Pending to be Submitted,,,Q3 - 2025-2026,,,,,
1202,HIMACHAL PRADESH,JOGINDARNAGAR,HP-JOGINDARNAGAR-4522,Water Supply,Providing Water Supply Scheme  for  Joginder Nagar Town under AMRUT 2.0,06-11-2025,JITENDRA  SINGH ,Deputy Team Leader,8127436183,paljitendra918@gmail.com,Er. Pradeep Rathor ,9418182317,iphsubdivjnr@gmail.com,Submitted,Save As Draft,Save As Draft,Sent to State,Pending Submitted,Pending to be Submitted,,,Q3 - 2025-2026,,,,,
1203,HIMACHAL PRADESH,SUNDARNAGAR,HP-SUNDARNAGAR-11292,Parks & Green Space Development,Development of development of Municipal Parks within Municipal[al Limit,12-09-2024,SHASHANK MISHRA DELHI,Technical Expert,7905308651,mishr.sha2nk@gmail.com,ulb,7905308651,mishr.sha2nk@gmail.com,Submitted,Save As Draft,Save As Draft,Sent to State,Submitted,Report Submitted,Yes,as per comments,Q2 - 2024-2025,,,,,
1204,HIMACHAL PRADESH,SUNDARNAGAR,HP-SUNDARNAGAR-11293,Parks & Green Space Development,Development of development of Municipal Parks within Municipal Limit (Sukhdev Vatika) Sundernaagr. Distt.Mandi,12-09-2024,SHASHANK MISHRA DELHI,Technical Expert,7905308651,mishr.sha2nk@gmail.com,ulb,7905308651,mishr.sha2nk@gmail.com,Submitted,Save As Draft,Save As Draft,Sent to State,Submitted,Report Submitted,Yes,as per comments,Q2 - 2024-2025,,,,,
1205,HIMACHAL PRADESH,MANDI (M CL),HP-MANDI-6241,Water Supply,"Providing water supply scheme for newly added area of Nagar Nigam, Mandi H.P.",24-09-2024,Mr. Zeeshan Ali   ,Technical Expert,7310891560,amrut2.0blgjod@gmail.com,Mr. Raj Kumar Sani (Executive Engineer),7018700541,iphmnd@gmail.com,Save As Draft,Submitted,Save As Draft,Sent to State,Submitted,Report Submitted,Yes,as per comments,Q2 - 2024-2025,,,,,
1206,HIMACHAL PRADESH,RAWALSAR,HP-RAWALSAR-7783,Water Body Rejuvenation,Rejuvenation of Rewalsar Lake Distt Mandi (H.P),24-09-2024,Mr. Zeeshan Ali,Technical Expert,7310891560  11111,amrut2.0blgjod@gmail.com,Mr Vinod Kumar (Secretary),9418035285,np.rewalsar2@gmail.com,Submitted,Submitted,Save As Draft,Sent to State,Submitted,Report Submitted,Yes,as per comments,Q2 - 2024-2025,,,,,
1207,HIMACHAL PRADESH,SUJANPUR,HP-SUJANPUR-5067,Water Body Rejuvenation,Rejuvenation of water Well near Kali mata mandir,27-09-2024,Neeraj Kumar,Technical Experts,8290702701,amrut2.0blgjod@gmail.com,Surya Katwal (JE)-Sujanpur,8219336571,iphhamirpur@gmail.com,Submitted,Submitted,Save As Draft,Sent to State,Submitted,Report Submitted,Yes,as per comments,Q2 - 2024-2025,,,,,
1208,HIMACHAL PRADESH,SUJANPUR,HP-SUJANPUR-9621,Water Body Rejuvenation,Water well near Mini secretariat ward no. 7,27-09-2024,Neeraj Kr,Technical Experts,7310891560,amrut2.0blgjod@gmail.com,Surya Katwal (JE)-Sujanpur,8219336571,iphhamirpur@gmail.com,Submitted,Submitted,Save As Draft,Sent to State,Submitted,Report Submitted,Yes,as per comments,Q2 - 2024-2025,,,,,
1209,HIMACHAL PRADESH,HAMIRPUR,HP-HAMIRPUR-6457,Water Supply,Upgradation of water source under LWSS Hamirpur Town,28-09-2024,Zeeshan Al,Technical Expert,7310891560,amrut2.0blgjod@gmail.com,Er.Sanjay Thakur (EE) -Jalshakti,941802753,iphhamirpur@gmail.com,Submitted,Submitted,Save As Draft,Sent to State,Submitted,Report Submitted,Yes,as per coments,Q2 - 2024-2025,,,,,
1210,HIMACHAL PRADESH,BILASPUR (M CL),HP-BILASPUR-7748,Water Body Rejuvenation,Water body Kosarian,21-09-2024,Mr. Zeeshan ,Technical Expert,7310891560,amrut2.0blgjod@gmail.com,Mr. Mohit Sharma,9459729912,mohit.mohitsharma123@gmail.com,Submitted,Submitted,Save As Draft,Sent to State,Submitted,Report Submitted,Yes,as per comments,Q2 - 2024-2025,,,,,
1211,HIMACHAL PRADESH,BILASPUR (M CL),HP-BILASPUR-7755,Water Body Rejuvenation,Water Body at Changer Baintlu,21-09-2024,Neeraj Kumar,Technical Expert,7983455763,neeraj255.nk@gmail.com,Mohit Sharma,9877756470,mohit.mohitsharma123@gmail.com,Submitted,Submitted,Save As Draft,Sent to State,Submitted,Report Submitted,Yes,agreed,Q2 - 2024-2025,,,,,
1212,HIMACHAL PRADESH,ARKI,HP-ARKI-4283,Water Supply,"Improvement of Water Supply Scheme to Arki Town, in District Solan H.P",27-11-2025,AMIT KUMAR DELHISAINIKUMAR DELHI,Deputy Team Leader,8826271016,amitkrsingh08@gmail.com,gopal singh,9736102166,ipharki@gmail.com,Save As Draft,Submitted,Save As Draft,Sent to State,Pending Submitted,Pending to be Submitted,Partially Compliant,the necessary deviation be got approved from competent authority.,Q3 - 2025-2026,,,,,
1213,HIMACHAL PRADESH,NALAGARH (M CL),HP-NALAGARH-11290,Parks & Green Space Development,Development of Park,03-10-2024,NEERAJ KUMAR,Technical Expert,7983455763,neeraj255.nk@gmail.com,Prabhat Sharma ,8219289549,mcnalagarh@yahoo.co.in,Submitted,Submitted,Save As Draft,Sent to State,Submitted,Report Submitted,Yes,agreed,Q3 - 2024-2025,,,,,
1214,HIMACHAL PRADESH,NALAGARH (M CL),HP-NALAGARH-11303,Parks & Green Space Development,Development of Park in ward No 2,03-10-2024,Shashank,DTL,7905308651,Shs@gmail.com,Ranveer Singh Verma,7807184366,Nalagarh@gmail.com,Submitted,Submitted,Save As Draft,Sent to State,Submitted,Report Submitted,Yes,as per comments,Q3 - 2024-2025,,,,,
1215,HIMACHAL PRADESH,BADDI,HP-BADDI-11280,Parks & Green Space Development,Const. of Park W.No. 1 Baddi,03-10-2024,Mr Neeraj Kumar,Technical Expert,7983455763,amrut2.0blgjod@gmail.com,Deepak Sharma (Junior Engineer),9817844593,mcbaddi@gmail.com,Submitted,Submitted,Save As Draft,Sent to State,Submitted,Report Submitted,Yes,as per comments,Q3 - 2024-2025,,,,,
1216,HIMACHAL PRADESH,BADDI,HP-BADDI-11281,Parks & Green Space Development,Park HBC 3,03-10-2024,Shashank Mishra,Deputy Team Leader,7310891560  ,amrut2.0blgjod@gmail.com,Mr. Lalit Kumar (Executive Officer) ,9817844593,mishr.sha2nk@gmail.com,Submitted,Submitted,Save As Draft,Sent to State,Submitted,Report Submitted,Yes,as per comments,Q3 - 2024-2025,,,,,
1217,HIMACHAL PRADESH,PARWANOO,HP-PARWANOO-11283,Parks & Green Space Development,Development of Eco Friendly Park in DAV School alongside and rain water harvesting for reuse as per required in shiv mandir park sector-4 MC Parwanoo,04-10-2024,Shashank Mishra,DTL,7905308651,mishr.sha2nk@gmail.com,Krishan dutt Sharma,9418022082,mcparwanoo1@gmail.com,Submitted,Submitted,Save As Draft,Sent to State,Submitted,Report Submitted,Yes,agreed,Q3 - 2024-2025,,,,,
1218,HIMACHAL PRADESH,PARWANOO,HP-PARWANOO-11284,Parks & Green Space Development,Development of Eco Friendly Park in gole market rain water harvesting for reuse as per required in Gole market park sector-1 MC Parwanoo,03-10-2024,Shashank Mishra,DTL,7905308651,mishr.sha2nk@gmail.com,Krishan dutt Sharma,9418022082,mcparwanoo1@gmail.com,Submitted,Submitted,Save As Draft,Sent to State,Submitted,Report Submitted,Yes,agreed,Q3 - 2024-2025,,,,,
1219,HIMACHAL PRADESH,PARWANOO,HP-PARWANOO-11285,Parks & Green Space Development,Development of Eco Friendly Park in experimental block  as per required in  park sector-3 MC Parwanoo,04-10-2024,Shashank Mishra,DTL,7905308651,mishra.sha2nk@gmail.com,Krishan dutt Sharma,9418022082,mcparwanoo1@gmail.com,Submitted,Submitted,Save As Draft,Sent to State,Submitted,Report Submitted,Yes,agreed,Q3 - 2024-2025,,,,,
1220,HIMACHAL PRADESH,RAJGARH (NP),HP-RAJGARH-4566,Water Supply,Providing LWSS to Nagar Panchayat Rajgarh in Tehsil Rajgarh District Sirmaur H.P.,17-09-2024,SHASHANK MISHRA DELHI,Deputy Team Leader,7905308651,mishr.sha2nk@gmail.com,ulb ,7905308651,mishr.sha2nk@gmail.com,Submitted,Submitted,Save As Draft,Sent to State,Submitted,Report Submitted,Partially Compliant,Aggregate test report be attached for consideration of compliance,Q2 - 2024-2025,,,,,
1221,HIMACHAL PRADESH,NAHAN,HP-NAHAN-5945,Water Supply,improvement of Water distribution system in Nahan Town,17-09-2024,SHASHANK MISHRA DELHI,Deputy Team Leader,7905308651,mishr.sha2nk@gmail.com,ulb,7905308651,mishr.sha2nk@gmail.com,Save As Draft,Save As Draft,Save As Draft,Pending Sent to State,Pending Submitted,Pending to be Submitted,,,Q2 - 2024-2025,,,,,
1222,HIMACHAL PRADESH,NAHAN,HP-NAHAN-7769,Water Body Rejuvenation,Repair and maintenance of kalisthan talab at ward no. 5 of Nahan Town distt. Sirmour HP,17-09-2024,Neeraj Kumar ,Technical Expert,8290702701,amrut2.0blgjod@gmail.com,Sanjay Kumar EO MC,9857254624,mishr.sha2nk@gmail.com,Submitted,Submitted,Save As Draft,Sent to State,Submitted,Report Submitted,Yes,as per comments,Q2 - 2024-2025,,,,,
1223,HIMACHAL PRADESH,PAONTA SAHIB,HP-PAONTA_SAHIB-11267,Parks & Green Space Development,"DEVELOPMENT OF PARK IN FRIENDS COLONY IN WARD NO 1 PAONTA SAHIB,(H.P)",14-10-2024,Zeeshan AliHANK MISHRA DELHI,Technical Expert,7310891560,amrut2.0blgjod@gmail.com,Mukesh Chauhan (JE) ,9805601726,eo_mcpaontasahib@rediffmail.com,Submitted,Submitted,Save As Draft,Sent to State,Pending Submitted,Pending to be Submitted,,,Q3 - 2024-2025,,,,,
1224,HIMACHAL PRADESH,PAONTA SAHIB,HP-PAONTA_SAHIB-11268,Parks & Green Space Development,"DEVELOPMENT OF BAL PARK IN WARD NO 8,PAONTA  SAHIB ,(H.P)",14-10-2024,Neeraj Kumar,Technical Expert, 8290702701,amrut2.0blgjod@gmail.com,Mukesh Chauhan (JE),9805601726,eo_mcpaontasahib@rediffmail.com,Submitted,Submitted,Save As Draft,Sent to State,Submitted,Report Submitted,Yes,as per comments,Q3 - 2024-2025,,,,,
1225,HIMACHAL PRADESH,RAMPUR,HP-RAMPUR-4156,Water Supply,Augumentation of Water Supply Scheme to newly created wards 6 and 7 under MC Rampur Bushahr Distt. S,20-09-2024,SHASHANK MISHRA DELHI,Deputy Team Leader,7905308651,mishr.sha2nk@gmail.com,ULB ,7905308651,mishr.sha2nk@gmail.com,Submitted,Submitted,Save As Draft,Sent to State,Submitted,Report Submitted,Yes,as per comments,Q2 - 2024-2025,,,,,
1226,HIMACHAL PRADESH,SEONI,HP-SEONI-5678,Water Supply,Augmentation Of WSS Sunni,19-09-2024,Neeraj Kumar,Technical Expert,7983455763,neeraj255.nk@gmail.com,Kamal Kapil,9418777253,eeiphdnsuni@gmail.com,Submitted,Submitted,Save As Draft,Sent to State,Submitted,Report Submitted,Yes,"agreed
",Q2 - 2024-2025,,,,,
1227,HIMACHAL PRADESH,SHIMLA,HP-SHIMLA-9624,Water Body Rejuvenation,Rejuvenation/Improvement of spring sources in various location in Shimla,18-09-2024,Neeraj Kr,Technical Expert,7310891560,amrut2.0blgjod@gmail.com,Prem Parkesh Sharma,0177-2650680,agmwd.sjpnl4@gmail.com,Submitted,Submitted,Save As Draft,Sent to State,Submitted,Report Submitted,Partially Compliant,compliance not clear please clarify for consideration,Q2 - 2024-2025,,,,,
1228,HIMACHAL PRADESH,THEOG (M CL),HP-THEOG-4645,Water Supply,Augmentation of lift water supply scheme Theog town from Giri khad,21-09-2024,SHASHANK MISHRA DELHI,Deputy Team Leader,7905308651,mishr.sha2nk@gmail.com,ulb,7905308651,mishr.sha2nk@gmail.com,Submitted,Submitted,Save As Draft,Sent to State,Submitted,Report Submitted,Partially Compliant,test reports not attached as stated,Q2 - 2024-2025,,,,,
1229,HIMACHAL PRADESH,JAWALI,HP-JAWALI-5927,Water Supply,Urban Water Supply scheme Jawali,22-05-2025,ZEESHAN ALI,Technical Expert,7310891560,zeeshanali9046@gmail.com,Er. Ajay Sharma,9418028082,xeniphjawali@yahoo.co.in,Submitted,Submitted,Save As Draft,Sent to State,Pending Submitted,Pending to be Submitted,Partially Compliant,"safety
measures be
adopted
strictly and
photo be
uploaded",Q1 - 2025-2026,,,,,
1230,HIMACHAL PRADESH,BAIJNATHPAPROLA,HP-BAIJNATHPAPROLA-4242,Water Supply,"Providing Drinking Water Scheme to Baijnath & Paprola Town in Tehsil Baijnath District Kangra, H.P.",03-03-2025,JITENDRA  SINGH ,Deputy Team Leader,8127436183,paljitendra918@gmail.com,Er Rahul Dhiman,9418249613,eejsv@gmail.com,Submitted,Submitted,Save As Draft,Sent to State,Submitted,Report Submitted,Yes,agreed,Q4 - 2024-2025,,,,,
1231,JAMMU AND KASHMIR,KUPWARA,JK-KUPWARA-7786,Water Supply,WSS Kupwara Town AMRUT 2.0,23-07-2025,JITENDRA SINGH,DEPUTY TEAM LEADER,8127436183,paljitendra918@mail.com,BHRAM JYOTI SHARMA,9419197748,kmrirrigation@rediffgmail.com,Submitted,Submitted,Save As Draft,Sent to State,Pending Submitted,Pending to be Submitted,Partially Compliant,Process is not yet finalized. status be submitted after finalization,Q2 - 2025-2026,,,,,
1232,JAMMU AND KASHMIR,HANDWARA,JK-HANDWARA-7983,Water Supply,WSS Augmentation Handwara Town (Coverage Part),01-11-2025,ZEESHAN ALI,Technical Expert,7310891560,zeeshanali9046@gmail.com,Executive Engineer,7006919317,xenphe2021@gmail.com,Submitted,Submitted,Save As Draft,Sent to State,Submitted,Pending to be Submitted,,,Q3 - 2025-2026,,,,,
1233,JAMMU AND KASHMIR,HANDWARA,JK-HANDWARA-11195,Water Body Rejuvenation,Water Body misha,06-09-2024,ZEESHAN ALI,Technical Expert,7310891560,zeeshanali9046@gmail.com,Er. Arshad Qadir,9906518530,eomchandwara@gmail.com,Submitted,Submitted,Save As Draft,Sent to State,Submitted,Report Submitted,Yes,accepted,Q2 - 2024-2025,,,,,
1234,JAMMU AND KASHMIR,WATRA GAM,JK-WATRA_GAM-5930,Water Supply,AUGMENTATION OF WATER SUPPLY SCHEME WATERGAM TOWN,29-08-2024,jodhpur it team,jodhpur it team,jodhpur it team,jodhpuritteam@gmail.com,jodhpur it team,jodhpur it team,jodhpuritteam@gmail.com,Save As Draft,Save As Draft,Save As Draft,Pending Sent to State,Pending Submitted,Pending to be Submitted,,,Q2 - 2024-2025,,,,,
1235,JAMMU AND KASHMIR,WATRA GAM,JK-WATRA_GAM-11400,Water Body Rejuvenation,REJUVENATION OF NALLAH HAMAL WATERGAM,06-09-2024,ZEESHAN ALI,Technical Expert,7310891560,zeeshanali9046@gmail.com,Noveed Ajaz Khan,7006685983it team,eomcbaramulla@gmail.com,Submitted,Submitted,Save As Draft,Sent to State,Submitted,Report Submitted,Yes,As per Comments,Q2 - 2024-2025,,,,,
1236,JAMMU AND KASHMIR,PATTAN (MC),JK-PATTAN-8603,Water Supply,Water Supply Scheme for Pattan Town,29-08-2024,jodhpur it team,jodhpur it team,jodhpur it team,jodhpuritteam@gmail.com,jodhpur it team,jodhpur it team,jodhpuritteam@gmail.com,Save As Draft,Save As Draft,Save As Draft,Pending Sent to State,Pending Submitted,Pending to be Submitted,,,Q2 - 2024-2025,,,,,
1237,JAMMU AND KASHMIR,PATTAN (MC),JK-PATTAN-11180,Water Body Rejuvenation,Rejuvenation of Muslim Nag,05-09-2024,ZEESHAN ALI,Technical Expert,7310891560,zeeshanali9046@gmail.com,Mir Tafveez Mehmood,9906611022,eomckunzar@gmail.com,Submitted,Save As Draft,Save As Draft,Sent to State,Submitted,Report Submitted,Yes,agreed,Q2 - 2024-2025,,,,,
1238,JAMMU AND KASHMIR,BARAMULA,JK-BARAMULA-11393,Water Body Rejuvenation,Rejuvenation of Water Bodies Springs in Town Baramulla,06-09-2024,ZEESHAN ALI,Technical Expert,7310891560,zeeshanali9046@gmail.com,Noveed Ajaz Khan,7006685983,eomcbaramulla@gmail.com,Submitted,Submitted,Save As Draft,Sent to State,Submitted,Report Submitted,Yes,As per Comments,Q2 - 2024-2025,,,,,
1239,JAMMU AND KASHMIR,BARAMULA,JK-BARAMULA-11542,Water Supply,WSS Baramulla Town (Coverage Part) under AMRUT-2.0 Phase-1,23-07-2025,JITENDRA  SINGH ,Deputy Team Leader,8127436183,paljitendra918@gmail.com,Er. Shahid Latif Mir,6006905073,phe.mdns2@gmail.com,Submitted,Submitted,Save As Draft,Sent to State,Submitted,Report Submitted,Yes,Okay,Q2 - 2025-2026,,,,,
1240,JAMMU AND KASHMIR,URI,JK-URI-6107,Water Supply,Coverage of Water Supply  Scheme of Town Uri Under AMRUT 2.0,03-11-2025,AKHILESH  VERMA,Technical Expert,7080502846,akhilesh101296@gmail.com,Er Irfan Ahmad Dar,7006565106,urihydraulic@gmail.com,Submitted,Submitted,Save As Draft,Sent to State,Submitted,Pending to be Submitted,,,Q3 - 2025-2026,,,,,
1241,JAMMU AND KASHMIR,KUNZER (MC),JK-KUNZER-6046,Water Supply,Augmentation of Water supply Scheme Town Kunzer,22-03-2025,ZEESHAN ALIit team,Technical Expert,7310891560,zeeshanali9046@gmail.com,Er. Afroz Ahmad,9622864254,phekunzerdivision@gmail.com,Submitted,Save As Draft,Save As Draft,Sent to State,Submitted,Report Submitted,Yes,agreed,Q4 - 2024-2025,,,,,
1242,JAMMU AND KASHMIR,KUNZER (MC),JK-KUNZER-11168,Water Body Rejuvenation,Rejuvenation of Masjid Al Hadees Spring,05-09-2024,ZEESHAN ALI,Technical Expertit team,7310891560it team,zeeshanali9046@gmail.com,Mr. Mir tafveez mehmood,9906611022officer ,eomckunzar@gmail.com,Submitted,Submitted,Save As Draft,Sent to State,Submitted,Report Submitted,Yes,As per Comments,Q2 - 2024-2025,,,,,
1243,JAMMU AND KASHMIR,SUMBAL,JK-SUMBAL-5917,Water Supply,Coverage of unconnected households under WSS Sumbal Town Amrut 2.0,13-05-2025,SANDEEP  JHA ,Deputy Team Leader,9313937241,sandeepjha966@gmail.com,Mr. Mushtaq Ahmad Wani,7051845806,sehydbla@gmail.com,Submitted,Submitted,Save As Draft,Sent to State,Submitted,Report Submitted,Yes,okay,Q1 - 2025-2026,,,,,
1244,JAMMU AND KASHMIR,SRINAGAR,JK-SRINAGAR-6621,Water Supply,Construction of 0.1 MGD WTP at Ishber Nishat,22-05-2025,ZEESHAN ALI,Technical Expert,7310891560,zeeshanali9046@gmail.com,Er. Anbreena Anjum ,9419019506,xenwwd@gmail.com,Submitted,Submitted,Save As Draft,Sent to State,Submitted,Report Submitted,Yes,agreed,Q1 - 2025-2026,,,,,
1245,JAMMU AND KASHMIR,SRINAGAR,JK-SRINAGAR-6628,Water Supply,Extensions & replacements in existing Distribution system of Srinagar city to achieve 100% Coverage,28-05-2025,ZEESHAN ALI,Technical Expert,7310891560,zeeshanali9046@gmail.com,Er. Anbreena Anjum ,9419019506,xenwwd@gmail.com,Submitted,Submitted,Save As Draft,Sent to State,Submitted,Report Submitted,Yes,agreed,Q1 - 2025-2026,,,,,
1246,JAMMU AND KASHMIR,SRINAGAR,JK-SRINAGAR-6719,Sewerage & Septage Management,Pollution abatement of Dal-Lake Srinagar,13-11-2025,AKHILESH  VERMA,Technical Expert,7080502846,akhilesh101296@gmail.com,Samiullah Beigh,990Samiullah Beigh66,cejkueed8@gmail.com,Submitted,Submitted,Save As Draft,Sent to State,Pending Submitted,Pending to be Submitted,,,Q3 - 2025-2026,,,,,
1247,JAMMU AND KASHMIR,SRINAGAR,JK-SRINAGAR-7809,Water Supply,Providing laying and fitting of 630mm Raw water HDPE pipeline from Ashaibagh bridge to Stage-1 of WTP Pokhribal.,16-07-2025,ZEESHAN ALI,Technical Expert,7310891560,zeeshanali9046@gmail.com,Er. Vijay Kumar Pandita,9797116287,semechsouth111@gmail.com,Submitted,Submitted,Save As Draft,Sent to State,Submitted,Report Submitted,Yes,agreed,Q2 - 2025-2026,,,,,
1248,JAMMU AND KASHMIR,SRINAGAR,JK-SRINAGAR-8579,Water Supply,Construction of 7 MGD capacity Activated Carbon Chamber at Nishat WTP,13-05-2025,ZEESHAN ALI,Technical Expert,7310891560,zeeshanali9046@gmail.com,Er. Anbreena Anjum ,9419019506,srinagarse@gmail.com,Submitted,Submitted,Save As Draft,Sent to State,Submitted,Report Submitted,Yes,agreed,Q1 - 2025-2026,,,,,
1249,JAMMU AND KASHMIR,SRINAGAR,JK-SRINAGAR-11956,Water Supply,Construction of Ground water based OHTs at tail ends of Distribution system with complete Electromechanical system having 50000G OHT capacity at Lal bazar near Police,13-05-2025,ZEESHAN ALI,Technical Expert,7310891560,zeeshanali9046@gmail.com,Er. Anbreena Anjum ,9419019506,xenwwd@gmail.com,Submitted,Submitted,Save As Draft,Sent to State,Submitted,Report Submitted,Yes,agreed,Q1 - 2025-2026,,,,,
1250,JAMMU AND KASHMIR,SRINAGAR,JK-SRINAGAR-11957,Water Supply,Construction of Ground water based OHTs at tail ends of Distribution system with complete Electromechanical system having  50000G OHT at Malabagh,13-05-2025,ZEESHAN ALI,Technical Expert,7310891560,zeeshanali9046@gmail.com,Er. Anbreena Anjum ,9419019506,srinagarse@gmail.com,Submitted,Submitted,Save As Draft,Sent to State,Submitted,Report Submitted,Yes,agreed,Q1 - 2025-2026,,,,,
1251,JAMMU AND KASHMIR,SRINAGAR,JK-SRINAGAR-11958,Water Supply,Construction of Ground water based OHTs at tail ends of Distribution system with complete Electromechanical system 70000G capacity OHT at Dandekhah Batamaloo,14-05-2025,ZEESHAN ALI,Technical Expert,7310891560,zeeshanali9046@gmail.com,Er. Anbreena Anjum ,9419019506,xenwwd@gmail.com,Submitted,Submitted,Save As Draft,Sent to State,Submitted,Report Submitted,Yes,ok,Q1 - 2025-2026,,,,,
1252,JAMMU AND KASHMIR,SRINAGAR,JK-SRINAGAR-11959,Water Supply,Construction of Ground water based OHTs at tail ends of Distribution system with complete Electromechanical system having 70000G OHT capacity at Khadimil Aluchi bagh,15-05-2025,ZEESHAN ALI,Technical Expert,7310891560,zeeshanali9046@gmail.com,Er. Anbreena Anjum ,9419019506,xenwwd@gmail.com,Submitted,Submitted,Save As Draft,Sent to State,Submitted,Report Submitted,Yes,agreed,Q1 - 2025-2026,,,,,
1253,JAMMU AND KASHMIR,SRINAGAR,JK-SRINAGAR-11960,Water Supply,Construction of Ground water based OHTs at tail ends of Distribution system with complete Electromechanical system having  50000G capacity OHT at FCI Godown,15-05-2025,ZEESHAN ALI,Technical Expert,7310891560,zeeshanali9046@gmail.com,Er. Anbreena Anjum ,9419019506,xenwwd@gmail.com,Submitted,Submitted,Save As Draft,Sent to State,Submitted,Report Submitted,Yes,agreed,Q1 - 2025-2026,,,,,
1254,JAMMU AND KASHMIR,SRINAGAR,JK-SRINAGAR-11962,Water Supply,Construction of Ground water based OHTs at tail ends of Distribution system with complete Electromechanical system having 100000G capacity OHT at Natipora Budshah Nagar Stadium,15-05-2025,ZEESHAN ALI,Technical Expert,7310891560,zeeshanali9046@gmail.com,Er. Anbreena Anjum ,9419019506,xenwwd@gmail.com,Submitted,Submitted,Save As Draft,Sent to State,Submitted,Report Submitted,Yes,agreed,Q1 - 2025-2026,,,,,
1255,JAMMU AND KASHMIR,SRINAGAR,JK-SRINAGAR-11963,Water Supply,Construction of Ground water based OHTs at tail ends of Distribution system with complete Electromechanical system having 100000G capacity OHT at Rajbagh/ Jawahar Nagar,19-05-2025,ZEESHAN ALI,Technical Expert,7310891560,zeeshanali9046@gmail.com,Er. Anbreena Anjum ,9419019506,xenwwd@gmail.com,Submitted,Submitted,Save As Draft,Sent to State,Submitted,Report Submitted,Yes,agreed,Q1 - 2025-2026,,,,,
1256,JAMMU AND KASHMIR,SRINAGAR,JK-SRINAGAR-11964,Water Supply,Construction of Ground water based OHTs at tail ends of Distribution system with complete Electromechanical system with 50000G capacity OHT at Jinab Sahab Soura,19-05-2025,ZEESHAN ALI,Technical Expert,7310891560,zeeshanali9046@gmail.com,Er. Anbreena Anjum ,9419019506,xenwwd@gmail.com,Submitted,Submitted,Save As Draft,Sent to State,Submitted,Report Submitted,Partially Compliant,photos be uploaded,Q1 - 2025-2026,,,,,
1257,JAMMU AND KASHMIR,SRINAGAR,JK-SRINAGAR-11965,Water Supply,Construction of Ground water based OHTs at tail ends of Distribution system with complete Electromechanical system having 50000G OHT capacity at Baaghwanpora Lal bazar,20-05-2025,ZEESHAN ALI,Technical Expert,7310891560,zeeshanali9046@gmail.com,Er. Anbreena Anjum ,9419019506,xenwwd@gmail.com,Submitted,Submitted,Save As Draft,Sent to State,Submitted,Report Submitted,Yes,agreed,Q1 - 2025-2026,,,,,
1258,JAMMU AND KASHMIR,SRINAGAR,JK-SRINAGAR-11966,Water Supply,Construction of OHTs at tail ends of Distribution system with complete Electromechanical system having  50000G OHT capacity at Nundreshi colony Bemina,20-05-2025,ZEESHAN ALI,Technical Expert,7310891560,zeeshanali9046@gmail.com,Er. Anbreena Anjum ,9419019506,xenwwd@gmail.com,Submitted,Submitted,Save As Draft,Sent to State,Submitted,Report Submitted,Yes,agreed,Q1 - 2025-2026,,,,,
1259,JAMMU AND KASHMIR,SRINAGAR,JK-SRINAGAR-11967,Water Supply,Construction of Ground water based OHTs at tail ends of Distribution system with complete Electromechanical system having 50000G capacity OHT at HMT Zainakot,22-05-2025,ZEESHAN ALI,Technical Expert,7310891560,zeeshanali9046@gmail.com,Er. Anbreena Anjum ,9419019506,xenwwd@gmail.com,Submitted,Submitted,Save As Draft,Sent to State,Submitted,Report Submitted,Yes,agreed,Q1 - 2025-2026,,,,,
1260,JAMMU AND KASHMIR,SRINAGAR,JK-SRINAGAR-11968,Water Supply,Construction of OHTs at tail ends of Distribution system with complete Electromechanical system having 50000G capacity OHT at Lawaypora,23-05-2025,ZEESHAN ALI,Technical Expert,7310891560,zeeshanali9046@gmail.com,Er. Anbreena Anjum ,9419019506,xenwwd@gmail.com,Submitted,Submitted,Save As Draft,Sent to State,Submitted,Report Submitted,Yes,agreed,Q1 - 2025-2026,,,,,
1261,JAMMU AND KASHMIR,SRINAGAR,JK-SRINAGAR-11969,Water Supply,Construction of Ground water based OHTs at tail ends of Distribution system with complete Electromechanical system having 50000 G OHT capacity at Qamarwari,20-05-2025,ZEESHAN ALI,Technical Expert,7310891560,zeeshanali9046@gmail.com,Er. Anbreena Anjum ,9419019506,xenwwd@gmail.com,Submitted,Submitted,Save As Draft,Sent to State,Submitted,Report Submitted,Yes,agreed,Q1 - 2025-2026,,,,,
1262,JAMMU AND KASHMIR,GANDERBAL (MC),JK-GANDERBAL-5940,Water Supply,Water Supply Scheme Ganderbal Town,14-05-2025,SANDEEP  JHA ,Deputy Team Leader,9313937241,sandeepjha966@gmail.com,Er. Anbreena Anjum ,9419019506,srinagarse@gmail.com,Submitted,Submitted,Save As Draft,Sent to State,Submitted,Report Submitted,Yes,agreed,Q1 - 2025-2026,,,,,
1263,JAMMU AND KASHMIR,GANDERBAL (MC),JK-GANDERBAL-11401,Water Body Rejuvenation,Rejuvenation of water body Naagpaw Beehama ,07-09-2024,ZEESHAN ALI,Technical Expert,7310891560,zeeshanali9046@gmail.com,Mirza Asif Ali Beigh,7006310020,eomcganderbal@gmail.com,Submitted,Submitted,Save As Draft,Sent to State,Submitted,Report Submitted,Yes,As per Comments,Q2 - 2024-2025,,,,,
1264,JAMMU AND KASHMIR,MAGAM,JK-MAGAM-7905,Water Supply,Water Supply Scheme Town Magam Part I (Coverage),14-05-2025,ZEESHAN ALI,Technical Expert,7310891560,zeeshanali9046@gmail.com,Er. Nazia Nazir Zahid,7006886592,phedivisionbudgam@gmail.com,Submitted,Submitted,Save As Draft,Sent to State,Submitted,Report Submitted,Yes,agreed,Q1 - 2025-2026,,,,,
1265,JAMMU AND KASHMIR,BEERWAH,JK-BEERWAH-7845,Water Supply,WATER SUPPLY SCHEME BEERWAH TOWN  PART 01  (COVERAGE)  UNDER AMRUT 2.0,14-05-2025,ZEESHAN ALIit team,Technical Expert,7310891560,zeeshanali9046@gmail.com,Er. Shakeel-ur-Rehman ,9419030432,phedivisionbudgam@gmail.com,Submitted,Submitted,Save As Draft,Sent to State,Submitted,Report Submitted,Yes,ok,Q1 - 2025-2026,,,,,
1266,JAMMU AND KASHMIR,BEERWAH,JK-BEERWAH-11179,Water Body Rejuvenation,Rejuvenation of Puj Narain Nag,09-09-2024,ZEESHAN ALI,Technical Expert,7310891560,zeeshanali9046@gmail.com,Zameer Ali Gani,8715048320,eomcbeerwah@gmail.com,Submitted,Submitted,Save As Draft,Sent to State,Submitted,Report Submitted,Yes,As per Comments,Q2 - 2024-2025,,,,,
1267,JAMMU AND KASHMIR,KHANSAHIB (MC),JK-KHANSAHIB-8615,Water Supply,Water Supply Scheme Khansahib Town  Part I Coverage,14-05-2025,ZEESHAN ALI,Technical Expert,7310891560,zeeshanali9046@gmail.com,Er. Shakeel-ur-Rehman ,9419030432,phedivisionbudgam@gmail.com,Submitted,Submitted,Save As Draft,Sent to State,Submitted,Report Submitted,Yes,accepted,Q1 - 2025-2026,,,,,
1268,JAMMU AND KASHMIR,BADGAM (MC),JK-BADGAM-8614,Water Supply,WATER SUPPLY SCHEME FOR TOWN BUDGAM (COVERAGE) PART-I,14-05-2025,ZEESHAN ALI,Technical Expert,7310891560,zeeshanali9046@gmail.com,Er. Shakeel-ur-Rehman ,9419030432,phedivisionbudgam@gmail.com,Submitted,Submitted,Save As Draft,Sent to State,Submitted,Report Submitted,Yes,agreed,Q1 - 2025-2026,,,,,
1269,JAMMU AND KASHMIR,BADGAM (MC),JK-BADGAM-11187,Water Body Rejuvenation,Rejuvenation of Dignibal Nag at Budgam. under amrut 2.0,09-09-2024,ZEESHAN ALI,Technical Expert,7310891560,zeeshanali9046@gmail.com,Oruja Mohiuddin,6005250098,eomcbudgam@gmail.com,Submitted,Submitted,Save As Draft,Sent to State,Submitted,Report Submitted,Yes,As per Comments,Q2 - 2024-2025,,,,,
1270,JAMMU AND KASHMIR,CHARAR-I-SHARIEF (MC),JK-CHARAR-I-SHARIEF-7683,Water Body Rejuvenation,TALAAB KALAAN,09-09-2024,ZEESHAN ALI,Technical Expert,7310891560,zeeshanali9046@gmail.com,Mohd Ismail Mir,8825011495,eomcchararisharief@gmail.com,Submitted,Submitted,Save As Draft,Sent to State,Submitted,Report Submitted,Yes,As per Comments,Q2 - 2024-2025,,,,,
1271,JAMMU AND KASHMIR,CHARAR-I-SHARIEF (MC),JK-CHARAR-I-SHARIEF-8060,Water Supply,WSS ALAMKOOT GULSHANABAD CHARARI SHARIEF TOWN (COVERAGE),03-09-2024,jodhpur it team,jodhpur it team,jodhpur it team,jodhpuritteam@gmail.com,jodhpur it team,jodhpur it team,jodhpuritteam@gmail.com,Save As Draft,Save As Draft,Save As Draft,Pending Sent to State,Pending Submitted,Pending to be Submitted,,,Q2 - 2024-2025,,,,,
1272,JAMMU AND KASHMIR,PAMPORE,JK-PAMPORE-8014,Water Supply,COVERAGE WATER SUPPLY FACILITIES TO PAMPORE TOWN,01-08-2025,er. jitendra singh,deputy team leader,8127436183,paljitendra918@gmail.com,Er. Vipin kumar,8082851545,phedivisionawantipora@gmail.com,Submitted,Save As Draft,Save As Draft,Sent to State,Pending Submitted,Pending to be Submitted,Partially Compliant,Status of approval of design and drawing ?,Q2 - 2025-2026,,,,,
1273,JAMMU AND KASHMIR,AWANTIPORA,JK-AWANTIPORA-7974,Water Supply,Water Supply Scheme for  Awatipora town( Coverage),30-07-2025,JITENDRA  SINGH ,Deputy Team Leader,8127436183,paljitendra918@gmail.com,Er. Vipin kumar,8082851545,phedivisionawantipora@gmail.com,Submitted,Save As Draft,Save As Draft,Sent to State,Pending Submitted,Pending to be Submitted,Partially Compliant,Status of the approval of design and drawing ,Q2 - 2025-2026,,,,,
1274,JAMMU AND KASHMIR,AWANTIPORA,JK-AWANTIPORA-11391,Water Body Rejuvenation,HERPORA NAG SPRING OF AWANTIPORA,04-09-2024,ZEESHAN ALI,Technical Expert,7310891560,jodhpuritteam@gmail.com,jodhpur it team,jodhpur it team,eomcawantipora@gmail.com,Submitted,Submitted,Save As Draft,Sent to State,Submitted,Report Submitted,Yes,As per Comments,Q2 - 2024-2025,,,,,
1275,JAMMU AND KASHMIR,TRAL,JK-TRAL-6056,Water Supply,Water Supply Scheme Tral Town,05-09-2024,jodhpur it team,jodhpur it team,jodhpur it team,jodhpuritteam@gmail.com,jodhpur it team,jodhpur it team,jodhpuritteam@gmail.com,Save As Draft,Save As Draft,Save As Draft,Pending Sent to State,Pending Submitted,Pending to be Submitted,,,Q2 - 2024-2025,,,,,
1276,JAMMU AND KASHMIR,TRAL,JK-TRAL-6066,Water Body Rejuvenation,Rejuvenation of Water Body of Tral Town (BUTNAG),05-09-2024,ZEESHAN ALI,Technical Expert,7310891560,zeeshanali9046@gmail.com,Tariq Hasan Lone,Tariq Hasan Lone,eomctral@gmail.com,Submitted,Submitted,Save As Draft,Sent to State,Submitted,Report Submitted,Yes,As per Comments,Q2 - 2024-2025,,,,,
1277,JAMMU AND KASHMIR,PULWAMA (MC),JK-PULWAMA-8233,Water Supply,Coverage by  way of storage and Pipe network,05-09-2024,jodhpur it team,jodhpur it team,jodhpur it team,jodhpuritteam@gmail.com,jodhpur it team,jodhpur it team,jodhpuritteam@gmail.com,Save As Draft,Save As Draft,Save As Draft,Pending Sent to State,Pending Submitted,Pending to be Submitted,,,Q2 - 2024-2025,,,,,
1278,JAMMU AND KASHMIR,PULWAMA (MC),JK-PULWAMA-11164,Water Body Rejuvenation, Water Body Rejuvenation Malikpora Pulwama (Spring near Arif Masjid Pulwama),05-09-2024,ZEESHAN ALI,Technical Expert,7310891560,zeeshanali9046@gmail.com,Wali Mohammad Wani,7006907639,eomcpulwama@gmail.com,Submitted,Save As Draft,Save As Draft,Sent to State,Submitted,Report Submitted,Yes,agreed,Q2 - 2024-2025,,,,,
1279,JAMMU AND KASHMIR,SHUPIYAN (MC),JK-SHUPIYAN-6016,Water Supply,Coverage  of MC Shopian under Amrut 2.0,11-11-2025,AKHILESH  VERMA,Technical Expert,7080502846,akhilesh101296@gmail.com,Er. Mohd. Taj Chowdhary,9419130951,phecejmu@gmail.com,Submitted,Submitted,Save As Draft,Sent to State,Pending Submitted,Pending to be Submitted,,,Q3 - 2025-2026,,,,,
1280,JAMMU AND KASHMIR,SHUPIYAN (MC),JK-SHUPIYAN-11396,Water Body Rejuvenation,REJUVENATION OF WATER BODY NEAR ASSAR I SHARIEF PINJOORA,11-09-2024,er. Zeeshan Ali,technical expert,7310891560,zeeshanali9046@gmail.com,Mohd. Iqbal ,7006072619,eomcshupiyan@gmail.com,Submitted,Submitted,Save As Draft,Sent to State,Submitted,Report Submitted,Partially Compliant,As per Comments,Q2 - 2024-2025,,,,,
1281,JAMMU AND KASHMIR,MATTAN,JK-MATTAN-6074,Water Supply,Water Supply Scheme under  AMRUT 2.0 MC MATTAN,07-09-2024,jodhpur it team,jodhpur it team,jodhpur it team,jodhpuritteam@gmail.com,jodhpur it team,jodhpur it team,jodhpuritteam@gmail.com,Save As Draft,Save As Draft,Save As Draft,Pending Sent to State,Pending Submitted,Pending to be Submitted,,,Q2 - 2024-2025,,,,,
1282,JAMMU AND KASHMIR,MATTAN,JK-MATTAN-11169,Water Body Rejuvenation,Rejuvenation of Mosh Khul & Allied khuls under Amrit-02 of Municipal Committee Mattan  ,07-09-2024,ZEESHAN ALI,Technical Expert,7310891560,zeeshanali9046@gmail.com,shahid yousuf bhat,7006407488,eomcmattan@gmail.com,Submitted,Submitted,Save As Draft,Sent to State,Submitted,Report Submitted,Yes,As per Comments,Q2 - 2024-2025,,,,,
1283,JAMMU AND KASHMIR,ANANTNAG,JK-ANANTNAG-6030,Water Supply,Water Supply Scheme for Anantnag Town,06-09-2024,jodhpur it team,jodhpur it team,jodhpur it team,jodhpuritteam@gmail.com,jodhpur it team,jodhpur it team,jodhpuritteam@gmail.com,Save As Draft,Save As Draft,Save As Draft,Pending Sent to State,Pending Submitted,Pending to be Submitted,,,Q2 - 2024-2025,,,,,
1284,JAMMU AND KASHMIR,ANANTNAG,JK-ANANTNAG-6100,Sewerage & Septage Management,Pollution abatement of  River Jehlum at Anantnag Town Zone 2 & 3,06-09-2024,jodhpur it team,jodhpur it team,jodhpur it team,jodhpuritteam@gmail.com,jodhpur it team,jodhpur it team,jodhpuritteam@gmail.com,Save As Draft,Save As Draft,Save As Draft,Pending Sent to State,Pending Submitted,Pending to be Submitted,,,Q2 - 2024-2025,,,,,
1285,JAMMU AND KASHMIR,ANANTNAG,JK-ANANTNAG-11398,Water Body Rejuvenation,REJUVENATION OF SPRING NEAR RESHMOAL SAHIB SHRINE DUBRANA ANANTNAG. ,11-09-2024,ZEESHAN ALI,Technical Expert,7310891560,zeeshanali9046@gmail.com,Suhail Malik,9469469458,eomcanantnag@gmail.com,Submitted,Submitted,Save As Draft,Sent to State,Submitted,Report Submitted,Yes,As per Comments,Q2 - 2024-2025,,,,,
1286,JAMMU AND KASHMIR,ACHHABAL (MC),JK-ACHHABAL-6054,Water Supply,Water Supply Scheme for Achabal Town,06-09-2024,jodhpur it team,jodhpur it team,jodhpur it team,jodhpuritteam@gmail.com,jodhpur it team,jodhpur it team,jodhpuritteam@gmail.com,Save As Draft,Save As Draft,Save As Draft,Pending Sent to State,Pending Submitted,Pending to be Submitted,,,Q2 - 2024-2025,,,,,
1287,JAMMU AND KASHMIR,ACHHABAL (MC),JK-ACHHABAL-11399,Water Body Rejuvenation,REJUVENATION OF ZADINAG SPRING AT ACHABAL,06-09-2024,ZEESHAN ALI,Technical Expert,7310891560,zeeshanali9046@gmail.com,Abdul Mateen Baba,9596000868,eomcachabal@gmail.com,Submitted,Save As Draft,Save As Draft,Sent to State,Submitted,Report Submitted,Yes,agreed,Q2 - 2024-2025,,,,,
1288,JAMMU AND KASHMIR,QAZI GUND,JK-QAZI_GUND-6024,Water Supply,WSS Augumentation Qazigund Town under AMRUT 2.0,10-11-2025,AKHILESH  VERMA,Technical Expert,7080502846,akhilesh101296@gmail.com,Er. Nawaz Ahmad Bhat,Superintending Engin,sehydcircleanantnag@gmail.com,Submitted,Save As Draft,Save As Draft,Pending Sent to State,Pending Submitted,Pending to be Submitted,,,Q3 - 2025-2026,,,,,
1289,JAMMU AND KASHMIR,DURU VERINAG (MC),JK-DURU_VERINAG-6041,Water Supply,WSS AUGUMENTATION DOORU VERINAG UNDER AMRUT,07-09-2024,jodhpur it team,jodhpur it team,jodhpur it team,jodhpuritteam@gmail.com,jodhpur it team,jodhpur it team,jodhpuritteam@gmail.com,Save As Draft,Save As Draft,Save As Draft,Pending Sent to State,Pending Submitted,Pending to be Submitted,,,Q2 - 2024-2025,,,,,
1290,JAMMU AND KASHMIR,DURU VERINAG (MC),JK-DURU_VERINAG-11186,Water Body Rejuvenation,REJUVENATION OF BADAMNAAG VERINAG UNDER AMRUT 2.0,07-09-2024,ZEESHAN ALI,Technical Expert,7310891560,zeeshanali9046@gmail.com,Mohd. Irfan wani,7006184048,eomcduruverinag@gmail.com,Submitted,Submitted,Save As Draft,Sent to State,Submitted,Report Submitted,Yes,As per Comments,Q2 - 2024-2025,,,,,
1291,JAMMU AND KASHMIR,KULGAM,JK-KULGAM-7967,Water Supply,CONSTRUCTION OF TREATMENT PLANT AND UPGRADATION OF DISTRIBUTION SYSTEM FOR KULGAM TOWN,08-11-2025,AKHILESH  VERMA,Technical Expert,7080502846,akhilesh101296@gmail.com,Er. Nawaz Ahmad Bhat,7006836106,sehydcircleanantnag@gmail.com,Submitted,Submitted,Save As Draft,Sent to State,Pending Submitted,Pending to be Submitted,,,Q3 - 2025-2026,,,,,
1292,JAMMU AND KASHMIR,FRISAL (MC),JK-FRISAL-7965,Water Supply,STORAGE AUGMETATION OF WATER SUPPLY SCHEME FRISAL,07-11-2025,ZEESHAN ALI,Technical Expert,7310891560,zeeshanali9046@gmail.com,Er. Ishfaq Ahmad Wani,7006220933,sehydcircleanantnag@gmail.com,Save As Draft,Submitted,Save As Draft,Sent to State,Pending Submitted,Pending to be Submitted,,,Q3 - 2025-2026,,,,,
1293,JAMMU AND KASHMIR,FRISAL (MC),JK-FRISAL-11188,Water Body Rejuvenation,REJUVENATION OF.WATER BODY NGABAL SPRING IN TOWN FRISAL,09-09-2024,ZEESHAN ALI,Technical Expert it team,7310891560 it team,zeeshanali9046@gmail.com,Farooq Ahmad Ganie it team,9419097919,eomcfrisal@gmail.com,Submitted,Submitted,Save As Draft,Sent to State,Submitted,Report Submitted,Yes,As per Comments,Q2 - 2024-2025,,,,,
1294,JAMMU AND KASHMIR,YARI PORA,JK-YARI_PORA-7962,Water Supply,CONSTRUCTIO OF TREATMENT PLANT AND UPGRADATION OF DISTRIBUTION SYSTEM FOR YARIPORA TOWN,29-07-2025,JITENDRA  SINGH ,Deputy Team Leader,8127436183,paljitendra918@gmail.com,Er Ishfaq Hamid ,7006220933,xenphekgm@gmail.com,Submitted,Submitted,Save As Draft,Sent to State,Pending Submitted,Pending to be Submitted,Partially Compliant,photo of the same be attached for verification,Q2 - 2025-2026,,,,,
1295,JAMMU AND KASHMIR,DEVSAR,JK-DEVSAR-7694,Water Supply,Water Supply Scheme Devsar  Town under AMRUT 2.0,24-03-2025,ZEESHAN ALI,Technical Expert,7310891560,zeeshanali9046@gmail.com,EE. Desh Raj ,9103351677,phedevsardivision@gmail.com,Submitted,Submitted,Save As Draft,Sent to State,Submitted,Report Submitted,Yes,agreed,Q4 - 2024-2025,,,,,
1296,JAMMU AND KASHMIR,DEVSAR,JK-DEVSAR-11389,Water Body Rejuvenation,Rejuvenation of Devsar Ladi,13-09-2024,ZEESHAN ALI,Technical Expert,7310891560,zeeshanali9046@gmail.com,Gulam Mohammad Dar,9419031624,eomcdevsar@gmail.com,Submitted,Submitted,Save As Draft,Sent to State,Submitted,Report Submitted,Yes,As per Comments,Q2 - 2024-2025,,,,,
1297,JAMMU AND KASHMIR,DODA,JK-DODA-4639,Water Supply,Augmentation of Water Supply Scheme for Doda Municipal Council,04-11-2024,,,,,,,,Save As Draft,Save As Draft,Save As Draft,Pending Sent to State,Pending Submitted,Pending to be Submitted,,,Q3 - 2024-2025,,,,,
1298,JAMMU AND KASHMIR,BHADERWAH (MC),JK-BHADERWAH-4625,Water Supply,Augmentation of Water Supply Scheme for Bhaderwah Municipal Committee,05-03-2025,ZEESHAN ALI,Technical Expert,7310891560,zeeshanali9046@gmail.com,Er. Sudhesh Bhagat,70064715997,phecejmu@gmail.com,Submitted,Save As Draft,Save As Draft,Sent to State,Submitted,Report Submitted,Yes,agreed,Q4 - 2024-2025,,,,,
1299,JAMMU AND KASHMIR,BATOTE (MC),JK-BATOTE-4622,Water Supply,Augmentation of Water Supply Scheme for Batote Municipal Committee,25-03-2025,ZEESHAN ALI,Technical Expert,7310891560,zeeshanali9046@gmail.com,Shri Sunil Seth,9419112499,pherambandivsion@gmail.com,Submitted,Submitted,Save As Draft,Sent to State,Submitted,Report Submitted,Yes,agreed,Q4 - 2024-2025,,,,,
1300,JAMMU AND KASHMIR,UDHAMPUR (M CL),JK-UDHAMPUR-11501,Water Body Rejuvenation,Rejuvenation of Water Body TALAB UNDER PIR BABA JAKHENI at Udhampur,18-07-2024,Zeeshan Ali,TE,7310891560,zeeshanali9046@gmail.com,EE Harpal Singh,9419198468,ifcjmuirrigationdivudhampur@gmail.com,Submitted,Save As Draft,Save As Draft,Sent to State,Submitted,Report Submitted,Yes,agreed,Q2 - 2024-2025,,,,,
1301,JAMMU AND KASHMIR,CHENANI,JK-CHENANI-4636,Water Supply,Augmentation of Water Supply Scheme for Chenani Municipal Committee,04-03-2025,ZEESHAN ALI,Technical Expert,7310891560,zeeshanali9046@gmail.com,Shri Sandeep Gupta,9419162466,xenpheciviludhampur@gmail.com,Save As Draft,Submitted,Save As Draft,Sent to State,Submitted,Report Submitted,Yes,agreed,Q4 - 2024-2025,,,,,
1302,JAMMU AND KASHMIR,CHENANI,JK-CHENANI-11513,Water Body Rejuvenation,Rejuvenation of Water Body Dumb Bowli at Chenani,18-07-2024,Zeeshan Ali,TE,7310891560,zeeshanali9046@gmail.com,EE Harpal Singh,9419198468,ifcjmuirrigationdivudhampur@gmail.com,Submitted,Save As Draft,Save As Draft,Sent to State,Submitted,Report Submitted,Yes,agreed,Q2 - 2024-2025,,,,,
1303,JAMMU AND KASHMIR,RAM NAGAR (MC),JK-RAM-4948,Water Supply,Augmentation of Water Supply Scheme for Ramnagar Municipal Committee,22-04-2025,SANDEEP  JHA ,Deputy Team Leader,9313937241,sandeepjha966@gmail.com,Mr. Sandeep Gupta ,9419164466,xenpheciviludhampur@gmail.com,Submitted,Submitted,Save As Draft,Sent to State,Submitted,Report Submitted,Yes,agreed,Q1 - 2025-2026,,,,,
1304,JAMMU AND KASHMIR,RAM NAGAR (MC),JK-RAM-11514,Water Body Rejuvenation,"Rejuvenation of Water Body NouziBowli, Ward No 12 at Ramnagar",18-07-2024,Zeeshan Ali,TE,7310891560,zeeshanali9046@gmail.com,EE Harpal Singh,9419198468,ifcjmuirrigationdivudhampur@gmail.com,Submitted,Save As Draft,Save As Draft,Sent to State,Submitted,Report Submitted,Yes,agreed,Q2 - 2024-2025,,,,,
1305,JAMMU AND KASHMIR,RAM NAGAR (MC),JK-RAM-11515,Water Body Rejuvenation,"Rejuvenation of Water Body Bindra ban bowli, Ward No 6 at Ramnagar",18-07-2024,Zeeshan Ali,TE,7310891560,zeeshanali9046@gmail.com,EE Harpal Singh,9419198468,ifcjmuirrigationdivudhampur@gmail.com,Submitted,Save As Draft,Save As Draft,Sent to State,Submitted,Report Submitted,Yes,agreed,Q2 - 2024-2025,,,,,
1306,JAMMU AND KASHMIR,REASI (MC),JK-REASI-4961,Water Supply,Augmentation of Water Supply Scheme for Reasi Municipal Council,27-02-2025,ZEESHAN ALI,Technical Expert,7310891560,zeeshanali9046@gmail.com,Shri Rakesh Gupta,9419187112,phecejmu@gmail.com,Submitted,Submitted,Save As Draft,Sent to State,Submitted,Report Submitted,Yes,agreed,Q4 - 2024-2025,,,,,
1307,JAMMU AND KASHMIR,THANAMANDI,JK-THANAMANDI-5034,Water Supply,Augmentation of Water Supply Scheme for Thannamandi Municipal Committee,05-03-2025,ZEESHAN ALI,Technical Expert,7310891560,zeeshanali9046@gmail.com,Er. Ashwani Khajuriya ,9419198332,phecejmu@gmail.com,Submitted,Submitted,Save As Draft,Sent to State,Submitted,Report Submitted,Yes,agreed,Q4 - 2024-2025,,,,,
1308,JAMMU AND KASHMIR,RAJAURI,JK-RAJAURI-4917,Water Supply,Augmentation of Water Supply Scheme for Rajouri Municipal Council,05-03-2025,,,,,,,,Save As Draft,Save As Draft,Save As Draft,Pending Sent to State,Pending Submitted,Pending to be Submitted,,,Q4 - 2024-2025,,,,,
1309,JAMMU AND KASHMIR,RAJAURI,JK-RAJAURI-11503,Water Body Rejuvenation,Rejuvenation of Water Body Dhanara W.No 16 & 05 at Rajouri,22-07-2024,SHUBHAM GUPTA ,Technical Expert,7755054966,shu23aug@gmail.com,Yusuf,7051061770,ifcjmurajouri@gmail.com,Save As Draft,Save As Draft,Save As Draft,Pending Sent to State,Pending Submitted,Pending to be Submitted,,,Q2 - 2024-2025,,,,,
1310,JAMMU AND KASHMIR,SUNDERBANI,JK-SUNDERBANI-4980,Water Supply,Augmentation of Water Supply Scheme for Sunderbani Municipal Committee,31-08-2024,test,tes,987654321,test@gmail.com,test,987654321,test@gmail.com,Save As Draft,Save As Draft,Save As Draft,Pending Sent to State,Pending Submitted,Pending to be Submitted,,,Q2 - 2024-2025,,,,,
1311,JAMMU AND KASHMIR,JOURIAN (MC),JK-JOURIAN-4657,Water Supply,Augmentation of Water Supply Scheme for Jourian Municipal Committee,05-03-2025,ZEESHAN ALI,Technical Expert,7310891560,zeeshanali9046@gmail.com,Shri Rocky Mahajan,9419161837,phedivisionakhnoor@gmail.com,Submitted,Save As Draft,Save As Draft,Sent to State,Submitted,Report Submitted,Yes,agreed,Q4 - 2024-2025,,,,,
1312,JAMMU AND KASHMIR,AKHNOOR,JK-AKHNOOR-4521,Water Supply,Augmentation of Water Supply Scheme for Akhnoor Municipal Committee,05-03-2025,ZEESHAN ALI,Technical Expert,7310891560,zeeshanali9046@gmail.com,Shri. Rocky Mahajan,9419161837,phedivisionakhnoor@gmail.com,Submitted,Submitted,Save As Draft,Sent to State,Submitted,Report Submitted,Yes,agreed,Q4 - 2024-2025,,,,,
1313,JAMMU AND KASHMIR,AKHNOOR,JK-AKHNOOR-11493,Water Body Rejuvenation,Rejuvenation of Water Body Sungal Morh Water Ward No. 7 Sungal Morh at Akhnoor.,24-07-2024,Shubham,TE,7755054966,shu23aug@gmail.com,"EE ,Rajeev Gupta",9419158064,shu23aug@gmail.com,Submitted,Save As Draft,Save As Draft,Sent to State,Submitted,Report Submitted,Yes,agreed,Q2 - 2024-2025,,,,,
1314,JAMMU AND KASHMIR,AKHNOOR,JK-AKHNOOR-11494,Water Body Rejuvenation,"Rejuvenation of Water Body Pannu Chowk Water Body, Ward No. 13 Pannu Chowk at Akhnoor",24-07-2024,Shubham Gupta & Zeeshan Ali,TE,7755054966,shu23aug@gmail.com,Rajeev Gupta,9419158064,shu23aug@gmail.com,Submitted,Save As Draft,Save As Draft,Sent to State,Submitted,Report Submitted,Yes,agreed,Q2 - 2024-2025,,,,,
1315,JAMMU AND KASHMIR,KHORE (MC),JK-KHORE-4804,Water Supply,Augmentation of Water Supply Scheme for Khour Municipal Committee,05-05-2025,SANDEEP  JHA ,Deputy Team Leader,9313937241,sandeepjha966@gmail.com,Naresh Jamwal,9419190625,phekhore@gmail.com,Submitted,Submitted,Save As Draft,Sent to State,Submitted,Report Submitted,Yes,agreed,Q1 - 2025-2026,,,,,
1316,JAMMU AND KASHMIR,JAMMU,JK-JAMMU-2999,Sewerage & Septage Management,Sewerage Scheme Missing Link Div A Jammu City J&K,23-07-2024,ZEESHAN ALI,Technical Expert,7310891560,zeeshanali9046@gmail.com, Vijay Singh Manhas,9419142784,eesdwestjammu@gmail.com,Submitted,Save As Draft,Save As Draft,Sent to State,Submitted,Report Submitted,Yes,agreed,Q2 - 2024-2025,,,,,
1317,JAMMU AND KASHMIR,JAMMU,JK-JAMMU-3008,Sewerage & Septage Management,Sewerage Scheme  Talab Tillo Bhori (Missing Links)  Jammu City J&K,23-07-2024,Zeeshan Ali,TE,7310891560,zeeshanali9046@gmail.com,"EE,Vijay singh Manhas",9419142784,eesdwestjammu@gmail.com,Submitted,Save As Draft,Save As Draft,Sent to State,Submitted,Report Submitted,Yes,agreed,Q2 - 2024-2025,,,,,
1318,JAMMU AND KASHMIR,JAMMU,JK-JAMMU-7066,Water Supply,WATER SUPPLY SCHEME FOR JAMMU CITY .,03-03-2025,ZEESHAN ALI,Technical Expert,7310891560,zeeshanali9046@gmail.com,Shri Harsharan Singh,9419145152,phejammucitydivision@gmail.com,Submitted,Submitted,Save As Draft,Sent to State,Submitted,Report Submitted,Yes,agreed,Q4 - 2024-2025,,,,,
1319,JAMMU AND KASHMIR,JAMMU,JK-JAMMU-11133,Water Body Rejuvenation,"Rejuvenation of Pond Near Chenab Educational College, Deeli in W.No. 55, JMC",23-07-2024,Zeeshan Ali,TE,7310891560,zeeshanali9046@gmail.com,"EE, Lokesh Gupta",7006897982,xenjmcdivision5@gmail.com,Submitted,Submitted,Save As Draft,Sent to State,Submitted,Report Submitted,Yes,As per Comments,Q2 - 2024-2025,,,,,
1320,JAMMU AND KASHMIR,JAMMU,JK-JAMMU-11137,Water Body Rejuvenation,"Rejuvenation of Pond Near Ashram Chinore in W.No. 62, JMC",22-07-2024,Zeeshan Ali,TE,7310891560,zeeshanali9046@gmail.com,"EE, Akhil Dutt",7889856380,akhnoorMC123@gmail.com,Submitted,Submitted,Save As Draft,Sent to State,Submitted,Report Submitted,Yes,As per Comments,Q2 - 2024-2025,,,,,
1321,JAMMU AND KASHMIR,JAMMU,JK-JAMMU-11139,Water Body Rejuvenation,"Rejuvenation of Pond Opp. Welding Shop Gurah Brahmana in W.No. 65, JMC",22-07-2024,Zeeshan Ali,TE,7310891560,zeeshanali9046@gmail.com,Mr. Akhil Dutt (JMC),7889856380,xenjmcdivision3@gmail.com,Submitted,Submitted,Save As Draft,Sent to State,Submitted,Report Submitted,Yes,agreed,Q2 - 2024-2025,,,,,
1322,JAMMU AND KASHMIR,JAMMU CANTT.,JK-JAMMU(C)-12001,Water Supply,Water Supply Scheme for Jammu Cantt,01-03-2025,ZEESHAN ALI,Technical Expert,7310891560,zeeshanali9046@gmail.com,Shri Ashish Sharma,9622047800,phejammucitydivision@gmail.com,Submitted,Submitted,Save As Draft,Sent to State,Submitted,Report Submitted,Yes,agreed,Q4 - 2024-2025,,,,,
1323,JAMMU AND KASHMIR,GHOMANHASAN,JK-GHOMANHASAN-4642,Water Supply,Augmentation of Water Supply Scheme for Ghoumanhasan Municipal Committee,03-03-2025,ZEESHAN ALI,Technical Expert,7310891560,zeeshanali9046@gmail.com,Er. Rashpal Singh,9.19597E+11,phecejmu@gmail.com,Submitted,Save As Draft,Save As Draft,Sent to State,Submitted,Report Submitted,Yes,agreed,Q4 - 2024-2025,,,,,
1324,JAMMU AND KASHMIR,R.S. PORA,JK-R.S.PORA-4900,Water Supply,Augmentation of Water Supply Scheme for R S Pura Municipal Committee,03-03-2025,ZEESHAN ALI,ZEESHAN ALI,7310891560,zeeshanali9046@gmail.com,er. rajpal singh,9596836022,phecejmu@gmail.com,Submitted,Save As Draft,Save As Draft,Sent to State,Submitted,Report Submitted,Yes,agreed,Q4 - 2024-2025,,,,,
1325,JAMMU AND KASHMIR,BARI BRAHAMANA,JK-BARI_BRAHAMANA-4560,Water Supply,Augmentation of Water Supply Scheme for Bari Brahamana Municipal Committee,18-04-2025,SANDEEP  JHA ,Deputy Team Leader,Deputy Team Leader,sandeepjha966@gmail.com,Shri. Hukum Singh,9419255937,phedivisionsamba@gmail.com,Submitted,Submitted,Save As Draft,Sent to State,Submitted,Report Submitted,Yes,agreed,Q1 - 2025-2026,,,,,
1326,JAMMU AND KASHMIR,BARI BRAHAMANA,JK-BARI_BRAHAMANA-11491,Water Body Rejuvenation,Rejuvenation of Water Body Pond in Ward No. 8 Tanda (2nd) at Bari Brahmana,16-07-2024,Zeeshan Ali,TE,7310891560,zeeshanali9046@gmail.com,Mohd Taj Chaudhary,9419130951,fcdsambha123@gmail.com,Save As Draft,Save As Draft,Save As Draft,Pending Sent to State,Pending Submitted,Pending to be Submitted,,,Q2 - 2024-2025,,,,,
1327,JAMMU AND KASHMIR,VIJAY PUR (MC),JK-VIJAYPUR-5041,Water Supply,Augmentation of Water Supply Scheme for Vijaypur Municipal Committee,25-02-2025,ZEESHAN ALI,Technical Expert,7310891560,zeeshanali9046@gmail.com,Shri Hukum Singh,9419255937,phedivisionsamba@gmail.com,Submitted,Submitted,Save As Draft,Sent to State,Submitted,Report Submitted,Yes,agreed,Q4 - 2024-2025,,,,,
1328,JAMMU AND KASHMIR,SAMBA,JK-SAMBA-4966,Water Supply,Augmentation of Water Supply Scheme for Samba Municipal Council,18-04-2025,SANDEEP  JHA ,Deputy Team Leader,9313937241,sandeepjha966@gmail.com,Shri Hukum Singh,9419255937,phedivisionsamba@gmail.com,Submitted,Submitted,Save As Draft,Sent to State,Submitted,Report Submitted,Yes,Regarding point 2 Above the quality of PCC be ensured and rectification of the quality affected area be done on priority.,Q1 - 2025-2026,,,,,
1329,JAMMU AND KASHMIR,SAMBA,JK-SAMBA-11504,Water Body Rejuvenation,Rejuvenation of Water Body Dhansala Mandi Pond at Samba,16-07-2024,Shubham Gupta and Zeeshan Ali,Technical Expert,7310891560,shu23aug@gmail.com,Taj chaudhry EE,9419130951,shu23aug@gmail.com,Save As Draft,Save As Draft,Save As Draft,Pending Sent to State,Pending Submitted,Pending to be Submitted,,,Q2 - 2024-2025,,,,,
1330,JAMMU AND KASHMIR,SAMBA,JK-SAMBA-11505,Water Body Rejuvenation,Rejuvenation of Water Body Tleri Pond at Samba,16-07-2024,ndn Ali,Technical Expert,7310891560,shu23aug@gmail.com,Taj chaudhry EE,9419130951,fcdsamba123@gmail.com,Save As Draft,Save As Draft,Save As Draft,Pending Sent to State,Pending Submitted,Pending to be Submitted,,,Q2 - 2024-2025,,,,,
1331,JAMMU AND KASHMIR,SAMBA,JK-SAMBA-11506,Water Body Rejuvenation,Rejuvenation of Water Body Border road Chappri at Samba,16-07-2024,Shubham Gupta and Zeeshan Ali,Technical Expert,7310891560,shu23aug@gmail.com,Taj chaudhry EE,9419130951,shu23aug@gmail.com,Save As Draft,Save As Draft,Save As Draft,Pending Sent to State,Pending Submitted,Pending to be Submitted,,,Q2 - 2024-2025,,,,,
1332,JAMMU AND KASHMIR,SAMBA,JK-SAMBA-11507,Water Body Rejuvenation,Rejuvenation of Water Body Mandi Garh (Jheel) Pond at Samba,16-07-2024,Shubham Gupta and Zeeshan Ali,Technical Expert,7310891560,shu23aug@gmail.com,Taj chaudhry EE,9419130951,fcdsamba123@gmail.com,Save As Draft,Save As Draft,Save As Draft,Pending Sent to State,Pending Submitted,Pending to be Submitted,,,Q2 - 2024-2025,,,,,
1333,JAMMU AND KASHMIR,SAMBA,JK-SAMBA-11508,Water Body Rejuvenation,Rejuvenation of Water Body Mandi Ghar main Pond at Samba,16-07-2024,d Zeeshan Ali,Technical Expert,7755054966,shu23aug@gmail.com,Taj chaudhry EE,9419130951,shu23aug@gmail.com,Save As Draft,Save As Draft,Save As Draft,Pending Sent to State,Pending Submitted,Pending to be Submitted,,,Q2 - 2024-2025,,,,,
1334,JAMMU AND KASHMIR,SAMBA,JK-SAMBA-11509,Water Body Rejuvenation,Rejuvenation of Water Body Rolki Pond/ Chappar at Samba,16-07-2024,Shubham Gupta and Zeeshan Ali,Technical Expert,7755054966,shu23aug@gmail.com,Taj chaudhry EE,9419130951,shu23aug@gmail.com,Save As Draft,Save As Draft,Save As Draft,Pending Sent to State,Pending Submitted,Pending to be Submitted,,,Q2 - 2024-2025,,,,,
1335,JAMMU AND KASHMIR,SAMBA,JK-SAMBA-11510,Water Body Rejuvenation,Rejuvenation of Water Body Chappar Mohalla Pond Opp. Primary health center at Samba,16-07-2024,Shubham Gupta and Zeeshan Ali,Technical Expert,7755054966,shu23aug@gmail.com,Taj chaudhry EE,9419130951,fcdsamba123@gmail.com,Save As Draft,Save As Draft,Save As Draft,Pending Sent to State,Pending Submitted,Pending to be Submitted,,,Q2 - 2024-2025,,,,,
1336,JAMMU AND KASHMIR,SAMBA,JK-SAMBA-11511,Water Body Rejuvenation,Rejuvenation of Water Body Pond in Samba Fort at Samba,16-07-2024,Shubham Gupta and Zeeshan Ali,Technical Expert,7755054966,shu23aug@gmail.com,Taj chaudhry EE,9419130951,shu23aug@gmail.com,Save As Draft,Save As Draft,Save As Draft,Pending Sent to State,Pending Submitted,Pending to be Submitted,,,Q2 - 2024-2025,,,,,
1337,JAMMU AND KASHMIR,RAMGARH,JK-RAMGARH-4943,Water Supply,Augmentation of Water Supply Scheme for Ramgarh Municipal Committee,25-02-2025,ZEESHAN ALI,Technical Expert,7310891560,zeeshanali9046@gmail.com,Shri Hukum Singh,9419255937,phedivisionsamba@gmail.com,Submitted,Submitted,Save As Draft,Sent to State,Submitted,Report Submitted,Yes, upload photo of the same of compliance of instructions.,Q4 - 2024-2025,,,,,
1338,JAMMU AND KASHMIR,RAMGARH,JK-RAMGARH-11496,Water Body Rejuvenation,Rejuvenation of Water Body Shiv Mandir Pond Ward No 7 at Ramgarh,16-07-2024,Zeeshan Ali,TE,7310891560,zeeshanali9046@gmail.com,Mohd Taj Chaudhary,9419130951,fcdsambha123@gmail.com,Submitted,Save As Draft,Save As Draft,Sent to State,Submitted,Report Submitted,Yes,agreed,Q2 - 2024-2025,,,,,
1339,JAMMU AND KASHMIR,RAMGARH,JK-RAMGARH-11497,Water Body Rejuvenation,Rejuvenation of Water Body Pond at Ward No. 9 Palouta at Ramgarh,16-07-2024,Zeeshan Ali,TE,7310891560,zeeshanali9046@gmail.com,Mohd Taj Chaudhary,9419130951,fcdsambha123@gmail.com,Submitted,Save As Draft,Save As Draft,Sent to State,Submitted,Report Submitted,Yes,agreed,Q2 - 2024-2025,,,,,
1340,JAMMU AND KASHMIR,RAMGARH,JK-RAMGARH-11498,Water Body Rejuvenation,Rejuvenation of Water Body Pond near Link Road Ward No 10 at Ramgarh,16-07-2024,Zeeshan Ali,TE,7310891560,zeeshanali9046@gmail.com,Mohd Taj Chaudhary,9419130951,fcdsambha123@gmail.com,Submitted,Save As Draft,Save As Draft,Sent to State,Submitted,Report Submitted,Partially Compliant,"proposal be put
forward for
consideration by
competent",Q2 - 2024-2025,,,,,
1341,JAMMU AND KASHMIR,RAMGARH,JK-RAMGARH-11499,Water Body Rejuvenation,Rejuvenation of Water Body Pond at Rajwal Ward No 12 at Ramgarh,16-07-2024,Zeeshan Ali,TE,7310891560,zeeshanali9046@gmail.com,Mohd Taj Chaudhary,9419109351,fcdsambha123@gmail.com,Submitted,Save As Draft,Save As Draft,Sent to State,Submitted,Report Submitted,Yes,agreed,Q2 - 2024-2025,,,,,
1342,JAMMU AND KASHMIR,BILLAWAR,JK-BILLAWAR-4627,Water Supply,Augmentation of Water Supply Scheme for Billawar Municipal Committee,17-04-2025,SANDEEP  JHA ,Deputy Team Leader,9313937241,sandeepjha966@gmail.com,Er. Girdhari Lal,9419629837,phekathua@gmail.com,Submitted,Submitted,Save As Draft,Sent to State,Submitted,Report Submitted,Yes,agreed,Q1 - 2025-2026,,,,,
1343,JAMMU AND KASHMIR,BASHOHLI,JK-BASHOHLI-4562,Water Supply,Augmentation of Water Supply Scheme for Basholi Municipal Committee,22-09-2025,Er. JITENDRA SINGH,DEPUTY TEAM LEADER,8127436183,paljitendra918@gmail.com,Er. Girdhari Lal,9419629837,phekathua@gmail.com,Submitted,Submitted,Save As Draft,Sent to State,Submitted,Report Submitted,Yes,okay,Q2 - 2025-2026,,,,,
1344,JAMMU AND KASHMIR,BASHOHLI,JK-BASHOHLI-11495,Water Body Rejuvenation,Rejuvenation of Water Body Barla Chougan Talab at Basholi,15-07-2024,SHUBHAM GUPTA ,Technical Expert,7755054966,shu23aug@gmail.com,ML Sharma,9906177727,ifcjmufcdkathua2014@gmail.com,Save As Draft,Save As Draft,Save As Draft,Pending Sent to State,Pending Submitted,Pending to be Submitted,,,Q2 - 2024-2025,,,,,
1345,JAMMU AND KASHMIR,LAKHANPUR,JK-LAKHANPUR-4814,Water Supply,Augmentation of Water Supply Scheme for Lakhanpur Municipal Committee,24-02-2025,ZEESHAN ALI,Technical Expert,7310891560,zeeshanali9046@gmail.com,Er. Girdhari Lal,9419629837,phekathua@gmail.com,Submitted,Submitted,Save As Draft,Sent to State,Submitted,Report Submitted,Yes,agreed,Q4 - 2024-2025,,,,,
1346,JAMMU AND KASHMIR,PAROLE,JK-PAROLE-4826,Water Supply,Augmentation of Water Supply Scheme for Parole Municipal Committee,24-02-2025,ZEESHAN ALI,Technical Expert,7310891560,zeeshanali9046@gmail.com,Er. Girdhari Lal,9419629837,phekathua@gmail.com,Submitted,Submitted,Save As Draft,Sent to State,Submitted,Report Submitted,Yes,agreed,Q4 - 2024-2025,,,,,
1347,JAMMU AND KASHMIR,HIRANAGAR,JK-HIRANAGAR-4651,Water Supply,Augmentation of Water Supply Scheme for Hiranagar Municipal Committee,17-04-2025,SANDEEP  JHA ,Deputy Team Leader,9313937241,sandeepjha966@gmail.com,Er. Girdhari Lal,9419629837,phekathua@gmail.com,Submitted,Submitted,Save As Draft,Sent to State,Submitted,Report Submitted,Yes,agreed,Q1 - 2025-2026,,,,,
1348,JAMMU AND KASHMIR,HIRANAGAR,JK-HIRANAGAR-11512,Water Body Rejuvenation,Rejuvenation of Water Body Bowli at W.No.10 at Hiranagar,15-07-2024,SHUBHAM GUPTA ,Technical Expert,7755054966,shu23aug@gmail.com,ML Sharma,9906177727,ifcjmufcdkathua2014@gmail.com,Save As Draft,Save As Draft,Save As Draft,Pending Sent to State,Pending Submitted,Pending to be Submitted,,,Q2 - 2024-2025,,,,,
1349,JAMMU AND KASHMIR,LANGATE (MC),JK-LANGATE-8104,Water Supply,WSS Langate Town (Coverage  Part),01-11-2025,AKHILESH  VERMA,Technical Expert,7080502846,akhilesh101296@gmail.com,Nisar Ahmed Dar,7006919317,xenphe2021@gmail.com,Submitted,Submitted,Save As Draft,Sent to State,Submitted,Pending to be Submitted,,,Q3 - 2025-2026,,,,,
1350,JAMMU AND KASHMIR,THATHRI (MC),JK-THATHRI-5035,Water Supply,Augmentation of Water Supply Scheme for Thathri Municipal Committee,05-03-2025,ZEESHAN ALI,Technical Expert,7310891560,zeeshanali9046@gmail.com,Er. Sudhesh Bhagat,7006471597,phecejmu@gmail.com,Submitted,Save As Draft,Save As Draft,Sent to State,Submitted,Report Submitted,Yes,agreed,Q4 - 2024-2025,,,,,
1351,LADAKH,LEH LADAKH,LA-LEH-6678,Sewerage & Septage Management,Sewerage Connections for Left Out Areas,10-11-2025,,,,,,,,Save As Draft,Save As Draft,Save As Draft,Pending Sent to State,Pending Submitted,Pending to be Submitted,,,Q3 - 2025-2026,,,,,
1352,MANIPUR,NAMBOL,MN-NAMBOL-17743,Water Body Rejuvenation,Water Body Rejuvenation of Kabowakching Makha Leikai Public Pond at Nambol Ward No. 12,17-10-2024,SHASHIKANT  KUMAR,Technical Expert,8920118011,shashikantkumar3001@gmail.com,Suranjoy Singh Laishram,8132901163,nambolmc@gmail.com,Submitted,Submitted,Save As Draft,Sent to State,Submitted,Report Submitted,Yes,as per comments,Q3 - 2024-2025,,,,,
1353,MANIPUR,BISHNUPUR,MN-BISHNUPUR-16855,Water Supply,Augmentation of Bishnupur Town Water Supply Scheme,11-11-2024,,,,,,,,Save As Draft,Save As Draft,Save As Draft,Pending Sent to State,Pending Submitted,Pending to be Submitted,,,Q3 - 2024-2025,,,,,
1354,MANIPUR,BISHNUPUR,MN-BISHNUPUR-17744,Water Body Rejuvenation,Water Body Rejuvenation of Leikai Pukhri Achouba at Bishnupur Ward No.5.,20-10-2024,SHASHIKANT  KUMAR,Technical Expert,8920118011,shashikantkumar3001@gmail.com,Nepram Helmet Singh,7005525158,municipalbishnupur@gmail.com,Submitted,Submitted,Save As Draft,Sent to State,Submitted,Report Submitted,Yes,agreed,Q3 - 2024-2025,,,,,
1355,MANIPUR,MOIRANG,MN-MOIRANG-9645,Water Body Rejuvenation,Water Body Rejuvenation of Public Pond at Chingei Leikai Pukhri - Ward No. 4,20-10-2024,SHASHIKANT  KUMAR,Technical Expert,8920118011,shashikantkumar3001@gmail.com,Kiyam Chandrakumar Singh,9862174124,mmc.moirang123@gmail.com,Submitted,Submitted,Save As Draft,Sent to State,Submitted,Report Submitted,Yes,agreed,Q3 - 2024-2025,,,,,
1356,MANIPUR,KUMBI,MN-KUMBI-9652,Water Body Rejuvenation,Water Body Rejuvenation of Public Pond at Kumbi Awang Khunou - Ward No. 7,17-10-2024,SHASHIKANT  KUMAR,Technical Expert,8920118011,shashikantkumar3001@gmail.com,Moirangthem Inaobi Singh,9366183565,kumbimunicipalcouncil@gmail.co,Submitted,Submitted,Save As Draft,Sent to State,Submitted,Report Submitted,Yes,agreed,Q3 - 2024-2025,,,,,
1357,MANIPUR,THOUBAL,MN-THOUBAL-9586,Water Body Rejuvenation,Water Body Rejuvenation of Public Pond at Haokha Maning Pebam-Ward No.12,17-10-2024,SHASHIKANT  KUMAR,Technical Expert,8920118011,shashikantkumar3001@gmail.com,Yumnam Kulachandra Singh,7005686142,thoubalmunicipalcouncil14@gmaiL.COM,Submitted,Submitted,Save As Draft,Sent to State,Submitted,Report Submitted,Yes,agreed,Q3 - 2024-2025,,,,,
1358,MANIPUR,THOUBAL,MN-THOUBAL-9595,Water Body Rejuvenation,Water Body Rejuvenation of Public Pond at Thoubal Khunou Makha Leikai-Ward No.18,17-10-2024,SHASHIKANT  KUMAR,Technical Expert,8920118011,shashikantkumar3001@gmail.com,Yumnam Kulachandra Singh,7005686142,thoubalmunicipalcouncil14@gmai.COM,Submitted,Submitted,Save As Draft,Sent to State,Submitted,Report Submitted,Yes,agreed,Q3 - 2024-2025,,,,,
1359,MANIPUR,SIKHONG SEKMAI,MN-SIKHONG_SEKMAI-9588,Water Body Rejuvenation,Water Body Rejuvenation of public pond at Ukhongshang Mamang Leikai - Ward No. 7,25-06-2025,ANUP  MALIK,Technical Expert,8145242141,anupmalik3892@gmail.com,Akoijam Basanta Singh,8837301239,sikhongsekmaimc@gmail.com,Submitted,Submitted,Save As Draft,Sent to State,Pending Submitted,Pending to be Submitted,,,Q1 - 2025-2026,,,,,
1360,MANIPUR,KAKCHING,MN-KAKCHING-9599,Water Body Rejuvenation,Water Body Rejuvenation of Public Pond at Makha Leikai Pukhri Achouba- Ward No. 11,17-10-2024,SHASHIKANT  KUMAR,Technical Expert,8920118011,shashikantkumar3001@gmail.com,L. Romesh Singh,9862499269,rlaishram97@gmail.com,Submitted,Submitted,Save As Draft,Sent to State,Submitted,Report Submitted,Yes,agreed,Q3 - 2024-2025,,,,,
1361,MANIPUR,KAKCHING,MN-KAKCHING-9611,Water Body Rejuvenation,Water Body Rejuvenation of Public Pond at Salam Project Pukhri Achouba - Ward No. 3,17-10-2024,SHASHIKANT  KUMAR,Technical Expert,8920118011,shashikantkumar3001@gmail.com,L. Romesh Singh,9862499269,rlaishram97@gmail.com,Submitted,Submitted,Save As Draft,Sent to State,Submitted,Report Submitted,Yes,agreed,Q3 - 2024-2025,,,,,
1362,MANIPUR,KAKCHING,MN-KAKCHING-9615,Water Body Rejuvenation,Water Body Rejuvenation of Public Pond at Sangai Yumfam Pukhri- Ward No. 08,17-10-2024,SHASHIKANT  KUMAR,Technical Expert,8920118011,shashikantkumar3001@gmail.com,L. Romesh Singh,9862499269,rlaishram97@gmail.com,Submitted,Submitted,Save As Draft,Sent to State,Submitted,Report Submitted,Yes,agreed,Q3 - 2024-2025,,,,,
1363,MANIPUR,KAKCHING,MN-KAKCHING-9618,Water Body Rejuvenation,Water Body Rejuvenation of Public Pond at Manarei Pareng Matai Pukhri- Ward No. 07,17-10-2024,SHASHIKANT  KUMAR,Technical Expert,8920118011,shashikantkumar3001@gmail.com,L. Romesh Singh,9862499269,rlaishram97@gmail.com,Submitted,Submitted,Save As Draft,Sent to State,Submitted,Report Submitted,Yes,agreed,Q3 - 2024-2025,,,,,
1364,MANIPUR,KAKCHING,MN-KAKCHING-12177,Water Supply,Augmentation of Kakching Water Supply Scheme under AMRUT 2.0,21-03-2025,,,,,,,,Save As Draft,Save As Draft,Save As Draft,Pending Sent to State,Pending Submitted,Pending to be Submitted,,,Q4 - 2024-2025,,,,,
1365,MANIPUR,LAMSHANG,MN-LAMSHANG-11991,Water Supply,Augmentation of Water Supply in Lamshang Municipal Area under AMRUT Mission 2.0,18-03-2025,,,,,,,,Save As Draft,Save As Draft,Save As Draft,Pending Sent to State,Pending Submitted,Pending to be Submitted,,,Q4 - 2024-2025,,,,,
1366,MANIPUR,LAMSHANG,MN-LAMSHANG-12013,Water Body Rejuvenation,Water Body Rejuvenation of Taothong Ayungba Community Pond (ward no. 9),20-06-2025,AKHAND PRATAP SINGH,Technical Expert,9721116001,apsingh5296@gmail.com,Chingangbam Ananda Angomcha,9862608535,anandaching@gmail.com,Submitted,Save As Draft,Save As Draft,Sent to State,Submitted,Report Submitted,Yes,ACCEPTED,Q1 - 2025-2026,,,,,
1367,MANIPUR,LAMSHANG,MN-LAMSHANG-12166,Parks & Green Space Development,Rain Water Harvesting Park,20-06-2025,AKHAND PRATAP SINGH,Technical Expert,9721116001,apsingh5296@gmail.com,Th Somorendro Singh,9774231758,stsomo55@gmail.com,Submitted,Submitted,Save As Draft,Sent to State,Submitted,Report Submitted,Yes,agreed,Q1 - 2025-2026,,,,,
1368,MANIPUR,LAMSHANG,MN-LAMSHANG-12167,Parks & Green Space Development,Oxygen Park at Lamdeng,20-06-2025,ANUP  MALIK,Technical Expert,8145242141,anupmalik3892@gmail.com,Th Somorendro Singh,9774231758,stsomo55@gmail.com,Submitted,Submitted,Save As Draft,Sent to State,Submitted,Report Submitted,Yes,agreed,Q1 - 2025-2026,,,,,
1369,MANIPUR,IMPHAL,MN-IMPHAL-11942,Water Supply,24x7 WATER SUPPLY IN IDENTIFIED DMAs OF IMPHAL MUNICIPAL CORPORATION AREA,18-10-2024,SHASHIKANT  KUMAR,Technical Expert,8920118011,shashikantkumar3001@gmail.com,Thokchom Bebina Devi,9954359112,Manipurphed@gmail.com,Submitted,Submitted,Save As Draft,Sent to State,Submitted,Report Submitted,Yes,agreed,Q3 - 2024-2025,,,,,
1370,MANIPUR,SAMUROU,MN-SAMUROU-9592,Water Body Rejuvenation,Water Body Rejuvenation of Public Pond at Haoreibi Awang Leikai - Ward No. 1,17-10-2024,SHASHIKANT  KUMAR,Technical Expert,8920118011,shashikantkumar3001@gmail.com,MM Ziaur Rahaman,9957719632,thongkhongnp@gmail.com,Submitted,Submitted,Save As Draft,Sent to State,Submitted,Report Submitted,Yes,agreed,Q3 - 2024-2025,,,,,
1371,MANIPUR,SAMUROU,MN-SAMUROU-9594,Water Body Rejuvenation,"Water Body Rejuvenation of Public Pond at Longjam Leikai, Samurou Makaha Leikai - Ward No. 6",17-10-2024,SHASHIKANT  KUMAR,Technical Expert,8920118011,shashikantkumar3001@gmail.com,MM Ziaur Rahaman,9957719632,thongkhongnp@gmail.com,Submitted,Submitted,Save As Draft,Sent to State,Submitted,Report Submitted,Yes,agreed,Q3 - 2024-2025,,,,,
1372,MANIPUR,SAMUROU,MN-SAMUROU-9596,Water Body Rejuvenation,Water Body Rejuvenation of Public Pond at Naorem Chaprou Awang Leikai - Ward No. 7,17-10-2024,SHASHIKANT  KUMAR,Technical Expert,8920118011,shashikantkumar3001@gmail.com,MM Ziaur Rahaman,9957719632,thongkhongnp@gmail.com,Submitted,Submitted,Save As Draft,Sent to State,Submitted,Report Submitted,Yes,agreed,Q3 - 2024-2025,,,,,
1373,MANIPUR,MAYANG IMPHAL,MN-MAYANG_IMPHAL-11997,Water Body Rejuvenation,Water Body Rejuvenation of Public Pond at Mayang Imphal Thana Maning Leikai Pukhri Achouba near IB (Ward No. 3),17-10-2024,SHASHIKANT  KUMAR,Technical Expert,8920118011,shashikantkumar3001@gmail.com,Ch. Khelen Singh ,9612644191,khelenchanambam@gmail.com,Submitted,Submitted,Save As Draft,Sent to State,Submitted,Report Submitted,Partially Compliant,compliance will be accepted after submission  of the record,Q3 - 2024-2025,,,,,
1374,MANIPUR,THONGKHONG LAXMI,MN-THONGKHONG_LAXMI-9602,Water Body Rejuvenation,Rejuvenation of Mang Pukhri Achouba Public Pond at Yumnam Huidrom Makha Leikai,17-10-2024,SHASHIKANT  KUMAR,Technical Expert,8920118011,shashikantkumar3001@gmail.com,MM Ziaur Rahaman,9957719632,thongkhongnp@gmail.com,Submitted,Submitted,Save As Draft,Sent to State,Submitted,Report Submitted,Partially Compliant,Compliance will be considered after submission of relevant photos /documents,Q3 - 2024-2025,,,,,
1375,MANIPUR,LILONG_I,MN-LILONG_I-9580,Water Body Rejuvenation,WATER BODY REJUVENATION OF PUBLIC POND AT LILONG KONUNG,17-10-2024,SHASHIKANT  KUMAR,Technical Expert,8920118011,shashikantkumar3001@gmail.com,Maibam Joykumar Singh,9366416834,joykumarmaibam213@gmail.com,Submitted,Submitted,Save As Draft,Sent to State,Submitted,Report Submitted,Yes,agreed,Q3 - 2024-2025,,,,,
1376,MANIPUR,JIRIBAM,MN-JIRIBAM-9603,Water Body Rejuvenation,Water Body Rejuvenation of Public Pond at Multi Utility Complex Jiribam,21-03-2025,GAJENDRA SINGH,Technical Expert,9582043842,gs56570@gmail.com,M. Surjit Singh,8974387872,jmcjiribam@gmail.com,Submitted,Submitted,Save As Draft,Sent to State,Submitted,Report Submitted,Yes,agreed,Q4 - 2024-2025,,,,,
1377,MEGHALAYA,WILLIAMNAGAR,ML-WILLIAMNAGAR-6187,Water Supply,Williamnagar Urban Water Supply Project.,25-05-2024,Mr. Prashant Tiwari,Deupty Team Leader,887840368,er.prashant1710@gmail.com,Shri Sujeet P Marak,9436112192,eephewnagar19@gmail.com,Submitted,Submitted,Save As Draft,Sent to State,Pending Submitted,Pending to be Submitted,,,Q1 - 2024-2025,,,,,
1378,MIZORAM,MAMIT,MZ-MAMIT-8729,Water Supply,Renovation of Greater Mamit Water Supply Scheme.,18-01-2025,GAJENDRA SINGH,Technical Expert,9582043842,gs56570@gmail.com,Helen Saibuangi,9436144438,phedmamitdivision@gmail.com,Submitted,Submitted,Save As Draft,Sent to State,Pending Submitted,Pending to be Submitted,Partially Compliant,"test
certificate
not attached
as submitted",Q4 - 2024-2025,,,,,
1379,MIZORAM,KAWNPUI,MZ-KAWNPUI-11370,Water Supply,Augmentation and extension of Distribution System of Kawnpui Water Supply Scheme.,22-01-2025,AKHAND PRATAP SINGH,Technical Expert,9721116001,apsingh5296@gmail.com,Lalrosangi,9436196249,pheklb@gmail.com,Submitted,Submitted,Save As Draft,Sent to State,Pending Submitted,Pending to be Submitted,Partially Compliant," O & M duration, scope & components should be included in DPR",Q4 - 2024-2025,,,,,
1380,MIZORAM,VAIRENGTE,MZ-VAIRENGTE-11360,Water Supply,Augmentation and extension of Distribution  System of Vairengte Water Supply Scheme.,19-01-2025,AKHAND PRATAP SINGH,Technical Expert,9721116001,apsingh5296@gmail.com,Lalrosangi,9436196248,pheklb@gmail.com,Submitted,Submitted,Save As Draft,Sent to State,Pending Submitted,Pending to be Submitted,Partially Compliant,as per comments,Q4 - 2024-2025,,,,,
1381,MIZORAM,BAIRABI,MZ-BAIRABI-11362,Water Supply,Augmentation and extension of Distribution System of Bairabi Water Supply Scheme.,20-01-2025,AKHAND PRATAP SINGH,Technical Expert,9721116001,apsingh5296@gmail.com,Departmental,9436196248,sds@gmail.com,Submitted,Submitted,Save As Draft,Sent to State,Pending Submitted,Pending to be Submitted,Partially Compliant,Fund doesn't effect the way of storage,Q4 - 2024-2025,,,,,
1382,MIZORAM,KOLASIB,MZ-KOLASIB-11361,Water Supply,Augmentation and extension of Distribution System of Kolasib Water Supply Scheme.,20-01-2025,AKHAND PRATAP SINGH,Technical Expert,9721116001,apsingh5296@gmail.com,Lalrosangi,9436196250,pheklb@gmail.com,Submitted,Submitted,Save As Draft,Sent to State,Submitted,Report Submitted,Yes,"O&M period, cost and components be included in the DPR",Q4 - 2024-2025,,,,,
1383,MIZORAM,SAIRANG,MZ-SAIRANG-11433,Water Supply,Augmentation and extension of Distribution System for Sairang Water Supply Scheme.,24-09-2024,SHASHIKANT  KUMAR,Technical Expert,8920118011,shashikantkumar3001@gmail.com,H. Lallianmawia,8118911320,phedrwda@gmail.com,Submitted,Submitted,Save As Draft,Sent to State,Submitted,Report Submitted,Partially Compliant,as per comments,Q2 - 2024-2025,,,,,
1384,MIZORAM,AIZAWL,MZ-AIZAWL-10293,Sewerage & Septage Management,"Sewerage and Septage Treatment Works for Zone-7, Aizawl City Small bore sewer, Tuikuallui",16-01-2025,BHASKAR  MAJUMDER,Technical Expert,9038584040,bhaskarmajumder94@gmail.com,Helen Rodingliani,8415843197,eesndphed@gmail.com,Submitted,Submitted,Save As Draft,Sent to State,Pending Submitted,Pending to be Submitted,,,Q4 - 2024-2025,,,,,
1385,MIZORAM,AIZAWL,MZ-AIZAWL-11407,Water Supply,Improvement of Water Supply Scheme to Aizawl City (Part-B),17-01-2025,GAJENDRA SINGH,Technical Expert,9582043842,gs56570@gmail.com,Lalzuimawii,7005282686,awddspheaizawl@gmail.com,Submitted,Submitted,Save As Draft,Sent to State,Pending Submitted,Pending to be Submitted,Partially Compliant,O&M manual be prepared and got approved for proper maintenance.,Q4 - 2024-2025,,,,,
1386,MIZORAM,AIZAWL,MZ-AIZAWL-11408,Water Supply,"Improvement of Aizawl Water Supply Scheme (Feeding Mains, Distribution System Pump & Machineries) & 24x7 Water Supply Scheme at Sevenday Tlang.",17-01-2025,BHASKAR  MAJUMDER,Technical Expert,9038584040,bhaskarmajumder94@gmail.com,Lalhruaia,9436140917,awddnofficial@gmail.com,Submitted,Submitted,Save As Draft,Sent to State,Submitted,Report Submitted,Yes,agreed,Q4 - 2024-2025,,,,,
1387,MIZORAM,SAITUAL,MZ-SAITUAL-8671,Water Supply,Improvement of Saitual Water Supply Scheme.,20-01-2025,BHASKAR  MAJUMDER,Technical Expert,9038584040,bhaskarmajumder94@gmail.com,Liantluanga Chohte,9436149207,eephedkhawzawl@gmail.com,Submitted,Submitted,Save As Draft,Sent to State,Submitted,Report Submitted,Yes,okay,Q4 - 2024-2025,,,,,
1388,MIZORAM,KHAWZAWL,MZ-KHAWZAWL-11369,Water Supply,Improvement of Khawzawl (Changel Source) Gravity Water Supply Scheme.,20-01-2025,BHASKAR  MAJUMDER,Technical Expert,9038584040,bhaskarmajumder94@gmail.com,Liantluanga Chohte,9436149207,eephedkhawzawl@gmail.com,Submitted,Submitted,Save As Draft,Sent to State,Pending Submitted,Pending to be Submitted,Partially Compliant,as per comments,Q4 - 2024-2025,,,,,
1389,MIZORAM,CHAMPHAI,MZ-CHAMPHAI-11431,Water Supply,Improvement of Greater Champhai Water Supply Scheme.,21-01-2025,BHASKAR  MAJUMDER,Technical Expert,9038584040,bhaskarmajumder94@gmail.com,ZD Dengthuama,9862929212,cwdphe@gmail.com,Submitted,Submitted,Save As Draft,Sent to State,Pending Submitted,Pending to be Submitted,Partially Compliant,"O&M plan required to be prepared, approved and be implemented for required benefits of the project.",Q4 - 2024-2025,,,,,
1390,MIZORAM,BIATE,MZ-BIATE-10285,Water Supply,Improvement of Biate Water Supply Scheme.,22-01-2025,GAJENDRA SINGH,Technical Expert,9582043842,gs56570@gmail.com,Isaac Lalchhuanmawia,9862567687,phedserchhip@gmail.com,Submitted,Submitted,Save As Draft,Sent to State,Submitted,Report Submitted,Yes,agreed,Q4 - 2024-2025,,,,,
1391,MIZORAM,SERCHHIP,MZ-SERCHHIP-10289,Water Supply,Augmentation and extension of Greater Serchhip Water Supply Scheme.,22-01-2025,GAJENDRA SINGH,Technical Expert,9582043842,gs56570@gmail.com,Isaac Lalchhuanmawia,9862567687,phedserchhip@gmail.com,Submitted,Submitted,Save As Draft,Sent to State,Pending Submitted,Pending to be Submitted,Partially Compliant,as per comments,Q4 - 2024-2025,,,,,
1392,MIZORAM,THENZAWL,MZ-THENZAWL-10290,Water Supply,Augmentation and extension of Thenzawl Water Supply Scheme.,23-01-2025,GAJENDRA SINGH,Technical Expert,9582043842,gs56570@gmail.com,Isaac Lalchhuanmawia,9862567687,phedserchhip@gmail.com,Submitted,Submitted,Save As Draft,Sent to State,Pending Submitted,Pending to be Submitted,Partially Compliant,upload photo after rectification,Q4 - 2024-2025,,,,,
1393,MIZORAM,TLABUNG,MZ-TLABUNG-11372,Water Supply,Augmentation of Tlabung Water Supply Scheme (Solar Pumping) and Extension of Existing Tlabung Water Supply Scheme.,26-09-2024,SHASHIKANT  KUMAR,Technical Expert,8920118011,shashikantkumar3001@gmail.com,Laltlanchhunga,9612161887,pherwd@yahoo.com,Submitted,Submitted,Save As Draft,Sent to State,Submitted,Report Submitted,Partially Compliant,As per comments,Q2 - 2024-2025,,,,,
1394,MIZORAM,LUNGLEI,MZ-LUNGLEI-11374,Water Supply,Improvement of Sources and extension of Distribution System of Greater Lunglei Water Supply Scheme.,26-09-2024,SHASHIKANT  KUMAR,Technical Expert,8920118011,shashikantkumar3001@gmail.com,Lalropuia Hmar,9612905823,lwsmdivision@gmail.com,Submitted,Submitted,Save As Draft,Sent to State,Submitted,Report Submitted,Yes,as per comments,Q2 - 2024-2025,,,,,
1395,MIZORAM,HNAHTHIAL,MZ-HNAHTHIAL-11371,Water Supply,Augmentation of Hnahthial Water Supply Scheme.,24-01-2025,GAJENDRA SINGH,Technical Expert,9582043842,gs56570@gmail.com,Darthangvunga,8415903379,phehnahthial@gmail.com,Submitted,Submitted,Save As Draft,Sent to State,Pending Submitted,Pending to be Submitted,Partially Compliant,"QA/QC
documents and
Register of test
results be
provided to the
visiting team",Q4 - 2024-2025,,,,,
1396,MIZORAM,LAWNGTLAI,MZ-LAWNGTLAI-11373,Water Supply,Augmentation of Existing Greater Lawngtlai Water Supply Scheme.,24-01-2025,AKHAND PRATAP SINGH,Technical Expert,9721116001,apsingh5296@gmail.com,Netralal Jaisi,9436153094,lawngtlaiphed@gmail.com,Submitted,Submitted,Save As Draft,Sent to State,Pending Submitted,Pending to be Submitted,Partially Compliant,"Test results of
hydro test/certificate be
produced/uploaded
before visiting team",Q4 - 2024-2025,,,,,
1397,MIZORAM,SIAHA,MZ-SIAHA-8695,Water Supply,Augmentation of Siaha Water Supply Scheme.,27-09-2024,SHASHIKANT  KUMAR,Technical Expert,8920118011,shashikantkumar3001@gmail.com,Viasai Solo,9436148012,phesaihawatsan@gmail.com,Submitted,Submitted,Save As Draft,Sent to State,Submitted,Report Submitted,Yes,as per comments,Q2 - 2024-2025,,,,,
1398,NAGALAND,NAGINIMORA (TC),NL-NAGINIMORA-15898,Parks & Green Space Development,DEVELOPMENT OF EDEN PARK AT NAGINIMORA,23-05-2025,BHASKAR  MAJUMDER,Technical Expert,9038584040,bhaskarmajumder94@gmail.com,Mhathung Ovung,7005222123,eeudd004@gmail.com,Submitted,Submitted,Save As Draft,Sent to State,Pending Submitted,Pending to be Submitted,Partially Compliant,Rectify the poor quality work and get approved in the next visit,Q1 - 2025-2026,,,,,
1399,NAGALAND,MON (TC),NL-MON-15772,Parks & Green Space Development,DEVELOPMENT OF THAMNAN PARK AT MON TOWN,22-05-2025,BHASKAR  MAJUMDER,Technical Expert,9038584040,bhaskarmajumder94@gmail.com,Mhathung Ovung,7005222123,eeudd004@gmail.com,Submitted,Submitted,Save As Draft,Sent to State,Submitted,Report Submitted,Yes,ok,Q1 - 2025-2026,,,,,
1400,NAGALAND,TULI (TC),NL-TULI-15893,Parks & Green Space Development,DEVELOPMENT OF PARK AT TULIYONG WARD TULI,20-05-2025,BHASKAR  MAJUMDER,Technical Expert,9038584040,bhaskarmajumder94@gmail.com,Chumbeno Shidio,8974623565,eeudd003@gmail.com,Submitted,Submitted,Save As Draft,Sent to State,Pending Submitted,Pending to be Submitted,Partially Compliant,"please submit the
copy of the same",Q1 - 2025-2026,,,,,
1401,NAGALAND,CHANGTONGYA (TC),NL-CHANGTONGYA-15895,Parks & Green Space Development,DEVELOPMENT OF PARK AT CHURCH WARD CHANGTONGYA,19-05-2025,BHASKAR  MAJUMDER,Technical Expert,9038584040,bhaskarmajumder94@gmail.com,Chumbeno Shidio,8974623565,eeudd003@gmail.com,Submitted,Submitted,Save As Draft,Sent to State,Submitted,Report Submitted,Yes,ok,Q1 - 2025-2026,,,,,
1402,NAGALAND,MOKOKCHUNG (MC),NL-MOKOKCHUNG-15887,Parks & Green Space Development,DEVELOPMENT OF DILONG PARK AT ALONGMEN WARD MOKOKCHUNG,19-05-2025,BHASKAR  MAJUMDER,Technical Expert,9038584040,bhaskarmajumder94@gmail.com,Chumbeno Shidio,8974623565,eeudd003@gmail.com,Submitted,Submitted,Save As Draft,Sent to State,Submitted,Report Submitted,Yes,ok,Q1 - 2025-2026,,,,,
1403,NAGALAND,ZUNHEBOTO (TC),NL-ZUNHEBOTO-15823,Parks & Green Space Development,DEVELOPMENT OF ZTC PUBLIC PARK ZUNHEBOTO,22-04-2025,AKHAND PRATAP SINGH,Technical Expert,9721116001,apsingh5296@gmail.com,Er. Chumbeno Shidio,7005788832,eeudd003@gmail.com,Submitted,Submitted,Save As Draft,Sent to State,Pending Submitted,Pending to be Submitted,Partially Compliant,"please submit the
approved O&M
guidelines for
review",Q1 - 2025-2026,,,,,
1404,NAGALAND,WOKHA (TC),NL-WOKHA-15905,Parks & Green Space Development,"DEVELOPMENT OF PARK AT TSUMANG, WOKHA",21-04-2025,AKHAND PRATAP SINGH,Technical Expert,9721116001,apsingh5296@gmail.com,Er. KENEIZEZO,9436604253,kennyzezo@gmail.com,Submitted,Submitted,Save As Draft,Sent to State,Pending Submitted,Pending to be Submitted,Partially Compliant, Details of tests results be compiled and maintained for record.,Q1 - 2025-2026,,,,,
1405,NAGALAND,DIMAPUR (MC),NL-DIMAPUR-15832,Parks & Green Space Development,"DEVELOPMENT OF PARK AT NETAJI COLONY NEAR SM SCHOOL, DIMAPUR",25-04-2025,ANUP  MALIK,Technical Expert,8145242141,anupmalik3892@gmail.com,Er. Theruovituo Pienyii,9436094167,theruo@iitdalumni.com,Submitted,Submitted,Save As Draft,Sent to State,Pending Submitted,Pending to be Submitted,Partially Compliant,test reports not enclosed as stated,Q1 - 2025-2026,,,,,
1406,NAGALAND,DIMAPUR (MC),NL-DIMAPUR-15935,Sewerage & Septage Management,Sewerage and Septage Managment project in Dimapur,25-04-2025,ANUP  MALIK,Technical Expert,8145242141,anupmalik3892@gmail.com,Er. Theruovituo Pienyii,9436094167,theruo@iitdalumni.com,Submitted,Submitted,Save As Draft,Sent to State,Pending Submitted,Pending to be Submitted,Partially Compliant,proper record of the tests conducted be maintained,Q1 - 2025-2026,,,,,
1407,NAGALAND,CHUMUKEDIMA (TC),NL-CHUMUKEDIMA-15879,Parks & Green Space Development,DEVELOPMENT OF PARK NEAR DC OFFICE CHUMOUKEDIMA,26-04-2025,ANUP  MALIK,Technical Expert,8145242141,anupmalik3892@gmail.com,Er. Theruovituo Pienyii,9436094167,theruo@iitdalumni.com,Submitted,Submitted,Save As Draft,Sent to State,Submitted,Pending to be Submitted,,,Q1 - 2025-2026,,,,,
1408,NAGALAND,MEDZIPHEMA (TC),NL-MEDZIPHEMA-15880,Parks & Green Space Development,DEVELOPMENT OF PARK AT WARD 6  MEDZIPHEMA,26-04-2025,ANUP  MALIK,Technical Expert,8145242141,anupmalik3892@gmail.com,Er. Theruovituo Pienyii,9436094167,theruo@iitdalumni.com,Submitted,Submitted,Save As Draft,Sent to State,Submitted,Pending to be Submitted,,,Q1 - 2025-2026,,,,,
1409,NAGALAND,MEDZIPHEMA (TC),NL-MEDZIPHEMA-15911,Water Supply,Augmentation of drinking water supply by gravity system and retrofitting under AMRUT 2.0 to Medziphema Town under Chumukedima District.,26-11-2025,,,,,,,,Save As Draft,Save As Draft,Save As Draft,Pending Sent to State,Pending Submitted,Pending to be Submitted,,,Q3 - 2025-2026,,,,,
1410,NAGALAND,PHEK (TC),NL-PHEK-15908,Parks & Green Space Development,DEVELOPMENT OF PARK AT PHEK TOWN,14-05-2025,BHASKAR  MAJUMDER,Technical Expert,9038584040,bhaskarmajumder94@gmail.com,Kenei Zuzuba,9.19437E+11,eeudd001@gmail.com,Submitted,Submitted,Save As Draft,Sent to State,Submitted,Report Submitted,Yes,ok,Q1 - 2025-2026,,,,,
1411,NAGALAND,PFUTSERO (TC),NL-PFUTSERO-15910,Parks & Green Space Development,DEVELOPMENT OF PARK AT ZHIPA WARD PFUTSERO,16-09-2025,ANUP  MALIK,Technical Expert,8145242141,anupmalik3892@gmail.com,Kenei Zuzuba,9436604253,eeudd001@gmail.com,Submitted,Submitted,Save As Draft,Sent to State,Pending Submitted,Pending to be Submitted,,,Q2 - 2025-2026,,,,,
1412,NAGALAND,TUENSANG (TC),NL-TUENSANG-15868,Parks & Green Space Development,"Development of Public Park at Basant Hill, Tuensang Town",17-05-2025,BHASKAR  MAJUMDER,Technical Expert,9038584040,bhaskarmajumder94@gmail.com,Mhathung Ovung,7005222123,eeudd004@gmail.com,Submitted,Submitted,Save As Draft,Sent to State,Submitted,Report Submitted,Yes,ok,Q1 - 2025-2026,,,,,
1413,NAGALAND,TUENSANG (TC),NL-TUENSANG-15939,Water Supply,Augmentation of drinking water supply by gravity system anf retrofitting under AMRUT 2.0 to Tuensang Town under Tuensang District,10-11-2025,,,,,,,,Save As Draft,Save As Draft,Save As Draft,Pending Sent to State,Pending Submitted,Pending to be Submitted,,,Q3 - 2025-2026,,,,,
1414,NAGALAND,LONGLENG (TC),NL-LONGLENG-15891,Parks & Green Space Development,DEVELPOMENT OF PARK NEAR AHOM RAJA CAVE LONGLENG,21-05-2025,BHASKAR  MAJUMDER,Technical Expert,9038584040,bhaskarmajumder94@gmail.com,Chumbeno Shidio,8974623565,eeudd003@gmail.com,Submitted,Submitted,Save As Draft,Sent to State,Pending Submitted,Pending to be Submitted,Partially Compliant,submission of the  approved estimate is  still pending,Q1 - 2025-2026,,,,,
1415,NAGALAND,KIPHIRE (TC),NL-KIPHIRE-15913,Parks & Green Space Development,DEVELOPMENT OF PARK AT ALIKHONG KIPHIRE,16-05-2025,BHASKAR  MAJUMDER,Technical Expert,9038584040,bhaskarmajumder94@gmail.com,Kenei Zuzuba,9.19437E+11,eeudd001@gmail.com,Submitted,Submitted,Save As Draft,Sent to State,Pending Submitted,Pending to be Submitted,Partially Compliant,as per comments,Q1 - 2025-2026,,,,,
1416,NAGALAND,TSEMINYU (TC),NL-TSEMINYU-15883,Parks & Green Space Development,DEVELOPMENT OF PARK AT TSEMINYU,21-04-2025,ANUP  MALIK,Technical Expert,8145242141,anupmalik3892@gmail.com,Er. Keneizezo,9436604253,kennyzezo@gmail.com,Submitted,Submitted,Save As Draft,Sent to State,Submitted,Report Submitted,Yes,accepted,Q1 - 2025-2026,,,,,
1417,NAGALAND,TSEMINYU (TC),NL-TSEMINYU-15928,Water Supply,Augmentation of drinking water supply by gravity system and retrofitting under AMRUT 2.0 to Tseminyu Town under Tseminyu District.,01-05-2025,,,,,,,,Save As Draft,Save As Draft,Save As Draft,Pending Sent to State,Pending Submitted,Pending to be Submitted,,,Q1 - 2025-2026,,,,,
1418,NAGALAND,KOHIMA,NL-KOHIMA-15930,Parks & Green Space Development,DEVELOPMENT OF PARK AT BAYAVU KOHIMA,01-05-2025,,,,,,,,Save As Draft,Save As Draft,Save As Draft,Pending Sent to State,Pending Submitted,Pending to be Submitted,,,Q1 - 2025-2026,,,,,
1419,NAGALAND,KOHIMA,NL-KOHIMA-15931,Sewerage & Septage Management,Sewerage and Septage Management Project in Kohima,01-05-2025,,,,,,,,Save As Draft,Save As Draft,Save As Draft,Pending Sent to State,Pending Submitted,Pending to be Submitted,,,Q1 - 2025-2026,,,,,
1420,NAGALAND,JALUKIE (TC),NL-JALUKIE-15877,Parks & Green Space Development,DEVELOPMENT OF PARK AT  WARD 3 JALUKIE,24-04-2025,AKHAND PRATAP SINGH,Technical Expert,9721116001,apsingh5296@gmail.com,Er. Theruvituo Pienyii,9436094167,theruo@iitdalumni.com,Submitted,Submitted,Save As Draft,Sent to State,Submitted,Report Submitted,Yes, agreed,Q1 - 2025-2026,,,,,
1421,NAGALAND,PEREN (TC),NL-PEREN-15876,Parks & Green Space Development,DEVELOPMENT OF PARK AT NDINING WARD PEREN,24-04-2025,AKHAND PRATAP SINGH,Technical Expert,9721116001,apsingh5296@gmail.com,Er. Theruvituo Pienyii,9436094167,theruo@iitdalumni.com,Submitted,Submitted,Save As Draft,Sent to State,Submitted,Report Submitted,Yes,No stirrups seen in the enclosed photo,Q1 - 2025-2026,,,,,
1422,PUNJAB,SUJANPUR,PB-SUJANPUR-11098,Water Supply,Augmentation and Rehabilitation of Water Supply System at SUJANPUR,17-11-2025,Ankit rawat,Technical expert,7983107341,ankitrawat167@gmaail.com,Er. Dvitesh Virdi,8728819080, pwssdgsp1@gmail.com,Submitted,Submitted,Save As Draft,Sent to State,Pending Submitted,Pending to be Submitted,,,Q3 - 2025-2026,,,,,
1423,PUNJAB,PATHANKOT,PB-PATHANKOT-14274,Sewerage & Septage Management,Extension of sewerage scheme at PATHANKOT,02-06-2025,JITENDRA  SINGH ,Deputy Team Leader,8127436183,paljitendra918@gmail.com,Er. Dvitesh Virdi,769663080,pwssdgsp1@gmail.com,Submitted,Submitted,Save As Draft,Sent to State,Pending Submitted,Pending to be Submitted,,,Q1 - 2025-2026,,,,,
1424,PUNJAB,PATHANKOT,PB-PATHANKOT-14286,Water Supply,Augmentation of Water supply scheme at PATHANKOT,12-11-2024,PRASHANT  TIWARI,Technical Expert,7080502846,akhilesh101296@gmail.com,Er. Dvitesh Virdi,7696639080,sdepathankot@gmail.com,Submitted,Submitted,Save As Draft,Sent to State,Pending Submitted,Pending to be Submitted,,,Q3 - 2024-2025,,,,,
1425,PUNJAB,GURDASPUR,PB-GURDASPUR-14297,Water Supply,Augmentation of Water supply scheme at Gurdaspur,14-11-2025,ANKIT  RAWAT,Technical Expert,7983107341,ankitrawat167@gmail.com,Er. Dvitesh Virdi,8728819080,pwssdgsp1@gmail.com,Submitted,Submitted,Save As Draft,Sent to State,Pending Submitted,Pending to be Submitted,,,Q3 - 2025-2026,,,,,
1426,PUNJAB,FATEHGARH CHURIAN (M CL),PB-FATEHGARH_CHURIAN-11063,Water Supply,Augmentation and Rehabilitation of Water Supply  at FATEHGARH CHURIAN (M CL),17-07-2024,KUNAL PATHAK ,TECHNICAL EXPERT,9169156944,kunal1991pathak@gmail.com,er. harpreet singh,8360907229,eepwssdasr2@gmail.com,Submitted,Submitted,Save As Draft,Sent to State,Pending Submitted,Pending to be Submitted,,,Q2 - 2024-2025,,,,,
1427,PUNJAB,BATALA (M CL),PB-BATALA-14285,Water Supply,Augmentation of Water supply scheme at Batala,14-11-2025,Ankit Rawat,Technical Expert,7983107341,ankitrawat167@gmail.com,Er. Dvitesh Virdi,8728819080,eepwssdasr2@gmail.com,Submitted,Submitted,Save As Draft,Sent to State,Pending Submitted,Pending to be Submitted,,,Q3 - 2025-2026,,,,,
1428,PUNJAB,QADIAN,PB-QADIAN-11067,Water Supply,Augmentation and Rehabilitation of Water Supply  at QADIAN,14-11-2025,Ankit Rawat,Technical Expert,7983107341,ankitrawat167@gmail.com,Er. Dvitesh Virdi,8728819080,pwssdgsp1@gmail.com,Submitted,Submitted,Save As Draft,Sent to State,Pending Submitted,Pending to be Submitted,,,Q3 - 2025-2026,,,,,
1429,PUNJAB,SRI HARGOBINDPUR,PB-SRIHARGOBINDPUR-11069,Water Supply,Augmentation and Rehabilitation of Water Supply  at SRI HARGOBINDPUR,22-07-2024,kunal pathak,technical expert,9169156944,kunal1991pathak@gmail.com,Mr. Durga das,8556045385,eepwssdasr2@gmail.com,Submitted,Save As Draft,Save As Draft,Sent to State,Pending Submitted,Pending to be Submitted,,,Q2 - 2024-2025,,,,,
1430,PUNJAB,DERA BABA NANAK,PB-DERA_BABA-14311,Water Supply,Augmentation of Water supply scheme at Dera Baba Nanak,22-07-2024,kunal pathak,technical expert,9169156944,er.prashant1710@gmail-.com,mr. durga das,8556045385,pwssdgsp1@gmail.com,Submitted,Save As Draft,Save As Draft,Sent to State,Pending Submitted,Pending to be Submitted,,,Q2 - 2024-2025,,,,,
1431,PUNJAB,BHULATH,PB-BHULATH-14294,Water Supply,Augmentation of Water supply scheme at BHULATH,26-07-2024,er. kunal pathak,technical expert,9169156944,kunal1991pathak@gmail.com,er. arvind mehta,9888861602,eej2.pwssb@punjab.gov.in,Save As Draft,Save As Draft,Save As Draft,Pending Sent to State,Pending Submitted,Pending to be Submitted,,,Q2 - 2024-2025,,,,,
1432,PUNJAB,BEGOWAL (NP),PB-BEGOWAL-11024,Water Supply,Augmentation & Rehabilitation of water supply system at Begowal,23-05-2025,JITENDRA  SINGH ,Deputy Team Leader,8127436183,paljitendra918@gmail.com,Er. Arvind Mehta,9888861602,eepwssd2jal@gmail.com,Submitted,Submitted,Save As Draft,Sent to State,Submitted,Report Submitted,Yes,agreed,Q1 - 2025-2026,,,,,
1433,PUNJAB,KAPURTHALA,PB-KAPURTHALA-14315,Water Supply,Augmentation of Water supply scheme at KAPURTHALA,14-12-2025,Ankit Rawat,Technical expert,7983107341,ankitrawat167@gmail.com,Arvind Mehta,9888861602, eej2.pwssb@punjab.gov.in,Save As Draft,Save As Draft,Save As Draft,Pending Sent to State,Pending Submitted,Pending to be Submitted,,,Q3 - 2025-2026,,,,,
1434,PUNJAB,DHILWAN,PB-DHILWAN-11029,Water Supply,Augmentation & Rehabilitation of water supply system at Dhilwan,01-02-2025,SANDEEP  JHA ,Deputy Team Leader,9313937241,sandeepjha966@gmail.com,Er. Arvind Mehta,9888861602,eepwssd2jal@gmail.com,Submitted,Submitted,Save As Draft,Sent to State,Pending Submitted,Pending to be Submitted,,,Q4 - 2024-2025,,,,,
1435,PUNJAB,PHAGWARA,PB-PHAGWARA-14317,Water Supply,Augmentation of Water supply scheme at PHAGWARA,01-02-2025,SANDEEP  JHA ,Deputy Team Leader,9313937241,sandeepjha966@gmail.com,Er. Arvind Mehta,9888861602,eepwssd2jal@gmail.com,Submitted,Submitted,Save As Draft,Sent to State,Pending Submitted,Pending to be Submitted,,,Q4 - 2024-2025,,,,,
1436,PUNJAB,LOHIAN KHASS,PB-LOHIAN_KHASS-11079,Water Supply,Augmentation and Rehabilitation of Water Supply System at Lohian,26-07-2024,er.prashant tiwari,deputy team leader,8878450368,er.prashant17@gmail.com,er. jatin vasudeva,8427663503,ee1.pwssb@punjab.gov.in,Submitted,Save As Draft,Save As Draft,Sent to State,Pending Submitted,Pending to be Submitted,,,Q2 - 2024-2025,,,,,
1437,PUNJAB,SHAHKOT,PB-SHAHKOT-11089,Water Supply,Augmentation and Rehabilitation of Water Supply System at SHAHKOT,26-07-2024,er. prashant tiwari,deputy team leader,8878450368,er.prashant1710@gmail.com,er. jatin vasudeva,8427663503,eej1.pwssb@punjab.gov.in,Submitted,Save As Draft,Save As Draft,Sent to State,Pending Submitted,Pending to be Submitted,,,Q2 - 2024-2025,,,,,
1438,PUNJAB,NAKODAR,PB-NAKODAR-14304,Water Supply,Augmentation of Water supply scheme at NAKODAR,19-09-2025,AKHILESH  VERMA,Technical Expert,7080502846,akhilesh101296@gmail.com,Jatin Vasudeva,9888861602,jitinvasudeva@gmail.com,Submitted,Submitted,Save As Draft,Sent to State,Pending Submitted,Pending to be Submitted,,,Q2 - 2025-2026,,,,,
1439,PUNJAB,GORAYA,PB-GORAYA-11074,Water Supply,Augmentation and Rehabilitation of Water Supply System at Goraya,25-07-2024,er. kunal pathak,technical expert,9169156944,kunal1991pathak@gmail.com,er. arvind mehta,9888861602,eej2.pwssb@punjab.gov.in,Submitted,Save As Draft,Save As Draft,Sent to State,Pending Submitted,Pending to be Submitted,,,Q2 - 2024-2025,,,,,
1440,PUNJAB,PHILLAUR (M CL),PB-PHILLAUR-11085,Water Supply,Augmentation and Rehabilitation of Water Supply System at PHILLAUR (M CL),26-09-2025,AKHILESH  VERMA,Technical Expert,7080502846,akhilesh101296@gmail.com,Arvind Mehta,9888861602,eej2.pwssb@punjab.gov.in,Save As Draft,Submitted,Save As Draft,Sent to State,Pending Submitted,Pending to be Submitted,,,Q2 - 2025-2026,,,,,
1441,PUNJAB,NURMAHAL,PB-NURMAHAL-14306,Water Supply,Augmentation of Water supply scheme at NURMAHAL,30-05-2025,JITENDRA  SINGH ,Deputy Team Leader,8127436183,paljitendra918@gmail.com,Er. Jatin Vasudeva,8427663503,eepwssd1jal@gmail.com,Submitted,Submitted,Save As Draft,Sent to State,Pending Submitted,Pending to be Submitted,,,Q1 - 2025-2026,,,,,
1442,PUNJAB,JALANDHAR,PB-JALANDHAR-11116,Water Supply,"Pilot Project for 24X7 Water Supply System,Jalandhar",25-07-2024,Er. kunal pathak,Technical expert,9169156944,kunal1991pathak@gmail.com,er. jatin vasudeva,8427663503,eej1pwssb@punjab.gov.in,Save As Draft,Save As Draft,Save As Draft,Pending Sent to State,Pending Submitted,Pending to be Submitted,,,Q2 - 2024-2025,,,,,
1443,PUNJAB,ALAWALPUR,PB-ALAWALPUR-14288,Water Supply,Augmentation of Water supply scheme at Alawalpur,29-05-2025,JITENDRA  SINGH ,Deputy Team Leader,8127436183,paljitendra918@gmail.com,Er. Jatin Vasudeva,8427663503,eepwssd1jal@gmail.com,Submitted,Submitted,Save As Draft,Sent to State,Pending Submitted,Pending to be Submitted,,,Q1 - 2025-2026,,,,,
1444,PUNJAB,ADAMPUR (M CL),PB-ADAMPUR-14413,Water Supply,Augmentation of Water supply scheme at    ADAMPUR (M CL),26-05-2025,JITENDRA SINGH,Deputy Team Leader,8127436183,paljitendra918@gmail.com,Er. Jatin vasudeva,8427663504,eepwssd1jal@gmail.com,Submitted,Submitted,Save As Draft,Sent to State,Pending Submitted,Pending to be Submitted,,,Q1 - 2025-2026,,,,,
1445,PUNJAB,KARTARPUR,PB-KARTARPUR-14299,Water Supply,Augmentation of Water supply scheme at Kartarpur,30-05-2025,JITENDRA  SINGH ,Deputy Team Leader,8127436183,paljitendra918@gmail.com,Er. Jatin Vasudeva,8427663503,eepwssd1jal@gmail.com,Submitted,Submitted,Save As Draft,Sent to State,Pending Submitted,Pending to be Submitted,,,Q1 - 2025-2026,,,,,
1446,PUNJAB,BHOGPUR,PB-BHOGPUR-14293,Water Supply,Augmentation of Water supply scheme at Bhogpur,26-07-2024,er.kunal pathak,technical expert,9169156944,kunal1991pathak@gmail.com,er.jatin vasudeva,8427663503,eej1.pwssb@punjab.gov.in,Submitted,Save As Draft,Save As Draft,Sent to State,Pending Submitted,Pending to be Submitted,,,Q2 - 2024-2025,,,,,
1447,PUNJAB,URMAR TANDA,PB-URMAR_TANDA-11060,Water Supply,Augmentation and Rehabilitation of Water Supply System at Urmar Tanda,23-05-2025,Er. Jitendra Singh,Deputy Team Leader,8127436183,paljitendra918@gmail.com,Er. Amandeep Singh,9676166990,eepwssdhsr1@gmail.com,Submitted,Submitted,Save As Draft,Sent to State,Pending Submitted,Pending to be Submitted,,,Q1 - 2025-2026,,,,,
1448,PUNJAB,DASUA (M CL),PB-DASUA-11072,Water Supply,Augmentation and Rehabilitation of Water Supply  at Dasuya,29-05-2025,Er. Jitendra Singh,Deputy Team Leader,8127436183,paljitendra918@gmail.com,Er. Amandeep Singh,9676166990,eepwssdhsr1@gmail.com,Submitted,Submitted,Save As Draft,Sent to State,Pending Submitted,Pending to be Submitted,,,Q1 - 2025-2026,,,,,
1449,PUNJAB,GARDHIWALA,PB-GARDHIWALA-14296,Water Supply,Augmentation of Water supply scheme at GARDHIWALA,16-09-2025,AKHILESH  VERMA,Technical Expert,7080502846,akhilesh101296@gmail.com,Amandeep,7888997283,eepwssdhsr1@gmail.com,Submitted,Submitted,Save As Draft,Sent to State,Pending Submitted,Pending to be Submitted,,,Q2 - 2025-2026,,,,,
1450,PUNJAB,MUKERIAN,PB-MUKERIAN-11048,Water Supply,Augmentation and Rehabilitation of Water Supply System at MUKERIAN,25-07-2024,er. prashant tiwari,deputy team leader,8878450368,er.prashant1710@gmail.com,er. arvind mehta,9888861602,eepwssbhsr@gmail.com,Submitted,Save As Draft,Save As Draft,Sent to State,Pending Submitted,Pending to be Submitted,,,Q2 - 2024-2025,,,,,
1451,PUNJAB,HARIANA,PB-HARIANA-14313,Water Supply,Augmentation of Water supply scheme at HARIANA,17-09-2025,AKHILESH  VERMA,Technical Expert,7080502846,akhilesh101296@gmail.com,Amandeep,7888997283,eepwssdhsr1@gmail.com,Submitted,Submitted,Save As Draft,Sent to State,Pending Submitted,Pending to be Submitted,,,Q2 - 2025-2026,,,,,
1452,PUNJAB,HOSHIARPUR (M CL),PB-HOSHIARPUR-18221,Water Supply,Providing Tap Connections and Distribution Network by Augmentation and Rehabilitation of Water Supply System at Hoshiarpur,20-11-2025,Ankit Rawat,Technical expert,7983107341,ankitrawat167@gmail.com,Amandeep,07888997283,eepwssdhsr1@gmail.com,Save As Draft,Save As Draft,Save As Draft,Pending Sent to State,Pending Submitted,Pending to be Submitted,,,Q3 - 2025-2026,,,,,
1453,PUNJAB,SHAM CHAURASI,PB-SHAM_CHAURASI-14307,Water Supply,Augmentation of Water supply scheme at SHAM CHAURASI,24-11-2025,Ankit Rawat,Technical Expert,7983107341,ankitrawat167@gmail.com,Amandeep,7888997283, eepwssdhsr@gmail.com,Submitted,Submitted,Save As Draft,Sent to State,Pending Submitted,Pending to be Submitted,,,Q3 - 2025-2026,,,,,
1454,PUNJAB,MAHILPUR,PB-MAHILPUR-11043,Water Supply,Augmentation and Rehabilitation of Water Supply System at Mahilpur,25-07-2024,er. prashant tiwari,deputy team leader,8878450368,er.prashant1710@gmail.com,er. arvind mehta,9888861602,eeh.pwssb@punjab.gov.in,Submitted,Submitted,Save As Draft,Sent to State,Pending Submitted,Pending to be Submitted,,,Q2 - 2024-2025,,,,,
1455,PUNJAB,GARHSHANKAR,PB-GARHSHANKAR-11037,Water Supply,Augmentation and Rehabilitation of Water Supply System at Garshankar,30-05-2025,JITENDRA  SINGH ,Deputy Team Leader,8127436183,paljitendra918@gmail.com,Er. Amandeep Singh,9676166990,eepwssdhsr1@gmail.com,Submitted,Submitted,Save As Draft,Sent to State,Pending Submitted,Pending to be Submitted,,,Q1 - 2025-2026,,,,,
1456,PUNJAB,BANGA,PB-BANGA-11103,Water Supply,Augumentation and Rehabilitation of water supply at Banga,23-12-2025,Ankit Rawat,Technical Expert ,7983107341,ankitrawat167@gmil.com,Amandeep,07888997283, eepwssdhsr1@gmail.com,Save As Draft,Submitted,Save As Draft,Sent to State,Pending Submitted,Pending to be Submitted,,,Q3 - 2025-2026,,,,,
1457,PUNJAB,NAWANSHAHR,PB-NAWANSHAHR-11064,Water Supply,Augmentation and Rehabilitation of Water Supply system at Nawanshahar,14-06-2025,JITENDRA SINGH,DEPUTY TEAM LEADER,8127436183,paljitendra918@gmail.com,Er. Amandeep Singh,9676166990,eehpwssb@punjab.gov.in,Submitted,Submitted,Save As Draft,Sent to State,Pending Submitted,Pending to be Submitted,,,Q1 - 2025-2026,,,,,
1458,PUNJAB,RAHON,PB-RAHON-11102,Water Supply,Augmentation and Rehabilitation of Water Supply System at RAHON,13-06-2025,JITENDRA  SINGH ,Deputy Team Leader,8127436183,paljitendra918@gmail.com,Er. Amandeep Singh,9646166990,eehpwssb@punjab.gov.in,Submitted,Submitted,Save As Draft,Sent to State,Pending Submitted,Pending to be Submitted,,,Q1 - 2025-2026,,,,,
1459,PUNJAB,BALACHAUR (M CL),PB-BALACHAUR-14291,Water Supply,Augmentation of Water supply scheme at Balachaur,28-08-2024,AKHILESH  VERMA,technical expert,7080502846,akhilesh101296@gmail.com,Er. Amandeep Singh,9646166990Engineer,eepwssdhsr1@gmail.com,Submitted,Submitted,Save As Draft,Sent to State,Pending Submitted,Pending to be Submitted,,,Q2 - 2024-2025,,,,,
1460,PUNJAB,BASSI PATHANA,PB-BASSI_PATHANA-11107,Water Supply,Augumentation and Rehabilitation of water supply at Bassi Pathana,06-06-2025,JITENDRA SINGH,DEPUTY TEAM LEADER,8127436183,paljitendra918@gmail.com,HARSHRANJIT SINGH,9653600048,pwssd2pta@gmail.com,Submitted,Submitted,Save As Draft,Sent to State,Pending Submitted,Pending to be Submitted,,,Q1 - 2025-2026,,,,,
1461,PUNJAB,SIRHIND FATEHGARH SAHIB,PB-SIRHIND_FATEHGARH-10962,Water Body Rejuvenation,Rejuvenation of Storm Water Pond under Amrit Sarovar at Sirhind  Fatehgarh Sahib,19-11-2024,AKHILESH  VERMA,Technical Expert,7080502846,akhilesh101296@gmail.com,Gurpreet,9877626210,eomc.sir_fgs@yahoo.co.in,Submitted,Submitted,Save As Draft,Sent to State,Pending Submitted,Pending to be Submitted,,,Q3 - 2024-2025,,,,,
1462,PUNJAB,SIRHIND FATEHGARH SAHIB,PB-SIRHIND_FATEHGARH-10964,Water Body Rejuvenation,Rejuvenation of Bahadurgarh-2 Pond  under Amrit Sarovar at Sirhind  Fatehgarh Sahib.,19-11-2024,AKHILESH  VERMA,Technical Expert,7080502846,akhilesh101296@gmail.com,Gurpreet,9877626210,eomc.sir_fgs@yahoo.co.in,Submitted,Submitted,Save As Draft,Sent to State,Pending Submitted,Pending to be Submitted,,,Q3 - 2024-2025,,,,,
1463,PUNJAB,AMLOH,PB-AMLOH-11109,Water Supply,Augmentation and Rehabilitation of Water Supply System at Amloh,12-06-2025,JITENDRA SINGH ,DEPUTY TEAM LEADER,8127436183,paljitendra918@gmail.com,HARSHRANJIT SINGH,9653600048,pwssd2pta@gmail.com,Submitted,Submitted,Save As Draft,Sent to State,Pending Submitted,Pending to be Submitted,,,Q1 - 2025-2026,,,,,
1464,PUNJAB,KHAMANON,PB-KHAMANON-11111,Water Supply,Augmentation and Rehabilitation of Water Supply  at Khamano,24-08-2024,Akhilesh verma,Technical Expert,7080502846,akhilesh101296@gmail.com,Jugal kishore,8427663501,pwssd2pta@gmail.com,Submitted,Submitted,Save As Draft,Sent to State,Pending Submitted,Pending to be Submitted,,,Q2 - 2024-2025,,,,,
1465,PUNJAB,MACHHIWARA,PB-MACHHIWARA-11070,Water Supply,Augmentation & Rehabilitation of water supply system at MACHHIWARA,26-05-2025,Er. Jitendra Singh,Deputy Team Leader,8127436183,paljitendra918@gmail.com,Er. Balraj Singh Gill,7087097230,eepwssdivn2ldh@gmail.com,Submitted,Submitted,Save As Draft,Sent to State,Pending Submitted,Pending to be Submitted,,,Q1 - 2025-2026,,,,,
1466,PUNJAB,SAMRALA,PB-SAMRALA-11065,Water Supply,Augmentation & Rehabilitation of water supply system at SAMRALA,26-05-2025,JITENDRA  SINGH ,Deputy Team Leader,8127436183,paljitendra918@gmail.com,Er. Balraj Singh Gill,7087097230,eepwssdivn2ldh@gmail.com,Submitted,Submitted,Save As Draft,Sent to State,Pending Submitted,Pending to be Submitted,,,Q1 - 2025-2026,,,,,
1467,PUNJAB,PAYAL,PB-PAYAL-11052,Water Supply,Augmentation & Rehabilitation of water supply system at PAYAL,20-09-2025,AKHILESH  VERMA,Technical Expert,7080502846,akhilesh101296@gmail.com,Balraj Singh Gill,7087097230,eepwssdivn1ldh@yahoo.com,Submitted,Submitted,Save As Draft,Sent to State,Pending Submitted,Pending to be Submitted,,,Q2 - 2025-2026,,,,,
1468,PUNJAB,MALOUD,PB-MALOUD-11097,Water Supply,"Augmentation and Rehabilitation of  Water Supply System at MALOUD, Ludhiana",27-05-2025,Er. Jitendra Singh,Depty Team Leader,8127436183,paljitendra918@gmail.com,Er. Balraj Singh Gill,7087097230,eepwssdivn2ldh@gmail.com,Submitted,Submitted,Save As Draft,Sent to State,Pending Submitted,Pending to be Submitted,,,Q1 - 2025-2026,,,,,
1469,PUNJAB,DORAHA (M CL),PB-DORAHA-11033,Water Supply,Augmentation & Rehabilitation of water supply system at DORAHA,18-09-2025,AKHILESH  VERMA,Technical Expert,7080502846,akhilesh101296@gmail.com,Balraj Singh,7087097230,eepwssdivn2ldh@gmail.com,Submitted,Submitted,Save As Draft,Sent to State,Pending Submitted,Pending to be Submitted,,,Q2 - 2025-2026,,,,,
1470,PUNJAB,SAHNEWAL,PB-SAHNEWAL-11062,Water Supply,Augmentation & Rehabilitation of water supply system at SAHNEWAL,03-02-2025,SANDEEP  JHA ,Deputy Team Leader,9313937241,sandeepjha966@gmail.com,Mr. Balraj Singh,7087097230,eepwssdldh@gmail.com,Submitted,Submitted,Save As Draft,Sent to State,Pending Submitted,Pending to be Submitted,,,Q4 - 2024-2025,,,,,
1471,PUNJAB,MULLANPUR DAKHA (NP),PB-MULLANPUR_DAKHA-11046,Water Supply,Augmentation & Rehabilitation of water supply system at Mullanpur Dakha,15-09-2025,AKHILESH  VERMA,Technical Expert,7080502846,akhilesh101296@gmail.com,Supinder Singh,9417159123,eemg.pwssb@punjab.gov.in,Submitted,Submitted,Save As Draft,Sent to State,Pending Submitted,Pending to be Submitted,,,Q2 - 2025-2026,,,,,
1472,PUNJAB,RAIKOT,PB-RAIKOT-11073,Water Supply,Augmentation & Rehabilitation of water supply system at RAIKOT,21-11-2025,Ankit Rawat ,Technical Expert,7983107341,ankitrawat167@gmail.com,Supinder Singh,9417159123,eemg.pwssb@punjab.gov.in,Submitted,Submitted,Save As Draft,Sent to State,Pending Submitted,Pending to be Submitted,,,Q3 - 2025-2026,,,,,
1473,PUNJAB,JAGRAON,PB-JAGRAON-11039,Water Supply,Augmentation & Rehabilitation of water supply system at Jagroan,28-05-2025,JITENDRA SINGH,DEPUTY TEAM LEADER,8127436183,paljitendra918@gmail.com,Er. Supinder singh,9417159123,eepwssdmoga@gmail.com,Submitted,Submitted,Save As Draft,Sent to State,Pending Submitted,Pending to be Submitted,,,Q1 - 2025-2026,,,,,
1474,PUNJAB,BADHNI KALAN (NP),PB-BADHNI_KALAN-11047,Water Supply,Augmentation and Rehabilitation of  Water Supply System at  Badhni Kalan,28-05-2025,Er. Jitendra Singh,Deputy Team Leader,8127436183,paljitendra918@gmail.com,Er. Supinder singh,9417159123,eepwssdmoga@gmail.com,Submitted,Submitted,Save As Draft,Sent to State,Pending Submitted,Pending to be Submitted,,,Q1 - 2025-2026,,,,,
1475,PUNJAB,DHARAMKOT (M CL),PB-DHARAMKOT-11053,Water Supply,Augmentation and Rehabilitation of  Water Supply System at Dharamkot,28-05-2025,Er. Jitendra Singh,Deputy Team Leader,8127436183,paljitendra918@gmail.com,Er. Supinder singh,9417159123,eepwssdmoga@gmail.com,Submitted,Submitted,Save As Draft,Sent to State,Pending Submitted,Pending to be Submitted,,,Q1 - 2025-2026,,,,,
1476,PUNJAB,MAKHU (NP),PB-MAKHU-11038,Water Supply,Augmentation and Rehabilitation of Water Supply  at MAKHU (NP),20-07-2024,Mr.prashant Tiwari,deputy team leader,8878450368,er.prashant1710@gmail.com,Mr. J Singh ,9653600048,eepwssdfzr@gmail.com,Submitted,Save As Draft,Save As Draft,Sent to State,Pending Submitted,Pending to be Submitted,,,Q2 - 2024-2025,,,,,
1477,PUNJAB,ZIRA,PB-ZIRA-11059,Water Supply,Augmentation and Rehabilitation of Water Supply  at Zira,19-07-2024,prashant tiwari,deputy team leader,8878450368,er.prashant1710@gmail.com,Mr. J Singh ,9653600048,eepwssdfzr@gmail.com,Save As Draft,Save As Draft,Save As Draft,Pending Sent to State,Pending Submitted,Pending to be Submitted,,,Q2 - 2024-2025,,,,,
1478,PUNJAB,MALLANWALA KHASS,PB-MALLANWALA_KHASS-11044,Water Supply,Augmentation and Rehabilitation of Water Supply  at MALLANWALA KHASS,19-07-2024,mr. prashant tiwari,deputy team leader,8878450368,er.prashant1710@gmail.com,Mr. J Singh ,9653600048,eepwssdfzr@gmail.com,Submitted,Save As Draft,Save As Draft,Sent to State,Pending Submitted,Pending to be Submitted,,,Q2 - 2024-2025,,,,,
1479,PUNJAB,FEROZEPUR CANTT.,PB-FEROZEPUR(C)-14369,Parks & Green Space Development,Divyang Friendly Park Gandhi Garden Ferozepur cantt,20-07-2024,er. kunal pathak,technical expert,9169156944,kunal1991pathak@gmail.com,er. satish arora,9875985922,ceofero-stats@nic.in,Submitted,Save As Draft,Save As Draft,Sent to State,Pending Submitted,Pending to be Submitted,,,Q2 - 2024-2025,,,,,
1480,PUNJAB,FEROZEPUR CANTT.,PB-FEROZEPUR(C)-14370,Parks & Green Space Development,Divyang Friendly Park Kumar Mandi Ferozepur Cantt,20-07-2024,er. kunal pathak,technical expert,9169156944,kunal1991pathak@gmail.com,er. satish arora,9875955922,ceofero-stats@nic.in,Submitted,Save As Draft,Save As Draft,Sent to State,Submitted,Report Submitted,Yes,Accepted,Q2 - 2024-2025,,,,,
1481,PUNJAB,FEROZEPUR CANTT.,PB-FEROZEPUR(C)-14385,Water Supply,Augmentation of Water supply scheme at FEROZEPUR CANTT.,20-07-2024,er. prashant tiwari,deputy team leader,8878450368,er.prashant1710@gmail.com,dr. satish arora,9875985922,ceofero-stats@nic.in,Save As Draft,Save As Draft,Save As Draft,Pending Sent to State,Pending Submitted,Pending to be Submitted,,,Q2 - 2024-2025,,,,,
1482,PUNJAB,TALWANDI BHAI,PB-TALWANDIBHAI-11055,Water Supply,Augmentation and Rehabilitation of Water Supply  at Talwandi Bhai,08-10-2025,ANKIT  RAWAT,Technical Expert,7983107341,ankitrawat167@gmail.com,Arun Kalyan,8699373495,eepwssdfzr@gmail.com,Submitted,Submitted,Save As Draft,Sent to State,Pending Submitted,Pending to be Submitted,,,Q3 - 2025-2026,,,,,
1483,PUNJAB,MUDKI,PB-MUDKI-11049,Water Supply,Augmentation and Rehabilitation of Water Supply  at Mudki,19-07-2024,er. prashant tiwari,deputy team leader,8878450368,er.prashant1710@gmail.com,Er. J Singh ,9653600048,eepwssdfzr@gmail.com,Submitted,Save As Draft,Save As Draft,Sent to State,Pending Submitted,Pending to be Submitted,,,Q2 - 2024-2025,,,,,
1484,PUNJAB,GURU HAR SAHAI,PB-GURU_HAR-11032,Water Supply,Augmentation and Rehabilitation of Water Supply  at GURU HAR SAHAI,20-07-2024,er. Prashant Tiwari,Deputy Team Leader,8878450368,er.prashant1710@gmail.com,Er.  J Singh ,9653600048,eepwssdfzr@gmail.com,Submitted,Save As Draft,Save As Draft,Sent to State,Pending Submitted,Pending to be Submitted,,,Q2 - 2024-2025,,,,,
1485,PUNJAB,JALALABAD (M CL),PB-JALALABAD-11027,Water Supply,Augmentation and Rehabilitation of Water Supply  at Jalalabad,09-10-2025,Ankit Rawat,Technical Expert,7983107341,ankitrawat167@gmail.com,Arun Katyal,8699373495,eepwsdfzr@gmail.com,Submitted,Submitted,Save As Draft,Sent to State,Pending Submitted,Pending to be Submitted,,,Q3 - 2025-2026,,,,,
1486,PUNJAB,FAZILKA,PB-FAZILKA-14356,Water Supply,Augmentation of Water supply scheme at FAZILKA,21-04-2025,Jitendra singh,technical expert,8127436183,paljitendra918@gmail.com,Er. Supinder singh,9417159121,eepwssdfzr@gmail.com,Submitted,Submitted,Save As Draft,Sent to State,Pending Submitted,Pending to be Submitted,,,Q1 - 2025-2026,,,,,
1487,PUNJAB,MALOUT,PB-MALOUT-14338,Water Supply,Augmentation of Water supply scheme at MALOUT,23-04-2025,JITENDRA SINGH,TECHNICAL EXPERT,8127436183,paljitendra918@gmail.com,BALJIT SINGH,8284914999,eepwssd2bti@yahoo.com,Submitted,Submitted,Save As Draft,Sent to State,Pending Submitted,Pending to be Submitted,,,Q1 - 2025-2026,,,,,
1488,PUNJAB,GIDDERBAHA,PB-GIDDERBAHA-14331,Water Supply,Augmentation of Water supply scheme at GIDDERBAHA,26-07-2025,AKHILESH  VERMA,Technical Expert,7080502846,akhilesh101296@gmail.com,Baljit Singh,8284914999,eepwssd2bti@yahoo.com,Submitted,Submitted,Save As Draft,Sent to State,Pending Submitted,Pending to be Submitted,,,Q2 - 2025-2026,,,,,
1489,PUNJAB,MUKTSAR (M CL),PB-MUKTSAR-14398,Sewerage & Septage Management,Extension of Sewerage Scheme at MUKTSAR (M CL),06-02-2025,SANDEEP  JHA ,Deputy Team Leader,9313937241,sandeepjha966@gmail.com,Er. Baljit Singh,8284914999,eepwssd2bti@yahoo.com,Save As Draft,Submitted,Save As Draft,Sent to State,Pending Submitted,Pending to be Submitted,,,Q4 - 2024-2025,,,,,
1490,PUNJAB,MUKTSAR (M CL),PB-MUKTSAR-14400,Water Supply,Augmentation of Water Supply Scheme at Muktsar Sahib,09-10-2025,Ankit rawat,Technical expert ,7983107341,ankitrawat167@gmail.com,Shaminder Singh,08284914999,epwssd2bti@yahoo.com,Submitted,Submitted,Save As Draft,Sent to State,Pending Submitted,Pending to be Submitted,,,Q3 - 2025-2026,,,,,
1491,PUNJAB,BARIWALA (NP),PB-BARIWALA-14322,Water Supply,Augmentation of Water supply scheme at BARIWALA (NP),23-04-2025,JITENDRA SINGH,Deputy Team Leader,8127436183,paljitendra918@gmail.com,BALJIT SINGH,8284914999,eepwssd2bti@yahoo.com,Submitted,Submitted,Save As Draft,Sent to State,Pending Submitted,Pending to be Submitted,,,Q1 - 2025-2026,,,,,
1492,PUNJAB,KOT KAPURA,PB-KOTKAPURA-14337,Water Supply,Augmentation of Water supply scheme at KOT KAPURA,28-05-2025,Jitendra singh,Deputy Team Leader,8127436183,paljitedra918@gmail.com,Er. Supinder singh,9417159123,eepwssbmoga@gmail.com,Submitted,Submitted,Save As Draft,Sent to State,Pending Submitted,Pending to be Submitted,,,Q1 - 2025-2026,,,,,
1493,PUNJAB,JAITU,PB-JAITU-14333,Water Supply,Augmentation of Water supply scheme at JAITU,28-05-2025,Jitendra singh,Deputy Team Leader,8127436183,paljitendra918@gmail.com,Er. Supinder singh,9417159123,pwssbmoga@gmail.com,Submitted,Submitted,Save As Draft,Sent to State,Pending Submitted,Pending to be Submitted,,,Q1 - 2025-2026,,,,,
1494,PUNJAB,BHAGTA BHAI KA,PB-BHAGTA_BHAI-6992,Water Supply,Extension and augmentation of water supply scheme at Bhagta Bhai ka  (distt Bathinda),23-08-2025,AKHILESH  VERMA,Technical Expert,7080502846,akhilesh101296@gmail.com,Baljit Singh,8284914999,eepwssd2bti@yahoo.com,Submitted,Submitted,Save As Draft,Sent to State,Pending Submitted,Pending to be Submitted,,,Q2 - 2025-2026,,,,,
1495,PUNJAB,RAMPURA PHUL,PB-RAMPURAPHUL-11113,Water Supply,Augmentation and Rehabilitation of Water Supply System at Rampura Phul,04-11-2025,Ankit Rawat ,Technicl Expert,7983107341,ankitrawat167@gmail.com,Rakesh Kumar,9417792534,eepwssd2bti@yahoo.com,Submitted,Submitted,Save As Draft,Sent to State,Pending Submitted,Pending to be Submitted,,,Q3 - 2025-2026,,,,,
1496,PUNJAB,BATHINDA,PB-BATHINDA-10972,Water Body Rejuvenation,Rejuvenation of DAV Pond under Amrit Sarovar at Bathinda.,27-08-2024,AKHILESH  VERMA,Admin,7080502846,akhilesh101296@gmail.com,er. rajendra kumar,9780042146,worksbranch01@gmail.com,Submitted,Submitted,Save As Draft,Sent to State,Pending Submitted,Pending to be Submitted,,,Q2 - 2024-2025,,,,,
1497,PUNJAB,BATHINDA,PB-BATHINDA-10974,Water Body Rejuvenation,Rejuvenation of Sanjay Nagar Pond  under Amrit Sarovar at Bathinda,27-08-2024,AKHILESH  VERMA,Admin,7080502846,akhilesh101296@gmail.com,Er. Rajendra kumar ,9780042146,worksbranch01@gmail.com,Submitted,Submitted,Save As Draft,Sent to State,Pending Submitted,Pending to be Submitted,,,Q2 - 2024-2025,,,,,
1498,PUNJAB,BATHINDA,PB-BATHINDA-14383,Water Supply,Augmentation of Water supply scheme at BATHINDA,31-10-2025,Ankit Rawat  ,Technical Expert,7983107341,ankitrawat167@gmail.com,Rakesh Kumar,9417729534,eeb2.pwssb@punjab.gov.in,Submitted,Submitted,Save As Draft,Sent to State,Pending Submitted,Pending to be Submitted,,,Q3 - 2025-2026,,,,,
1499,PUNJAB,BATHINDA,PB-BATHINDA-14393,Sewerage & Septage Management,Extension of Sewerage Scheme at BATHINDA,19-11-2024,PRASHANT  TIWARI,Technical Expert,8878450368,er.prashant1710@gmail.com,PRASHANT  TIWARI,8878450368,er.prashant1710@gmail.com,Save As Draft,Save As Draft,Save As Draft,Pending Sent to State,Pending Submitted,Pending to be Submitted,,,Q3 - 2024-2025,,,,,
1500,PUNJAB,KOT FATTA,PB-KOTFATTA-14336,Water Supply,Augmentation of Water supply scheme at KOT FATTA,22-07-2025,AKHILESH  VERMA,Technical Expert,7080502846,akhilesh101296@gmail.com,Baljit Singh,8284914999,eepwssd1bti@gmail.com,Submitted,Submitted,Save As Draft,Sent to State,Pending Submitted,Pending to be Submitted,,,Q2 - 2025-2026,,,,,
1501,PUNJAB,RAMAN,PB-RAMAN-14345,Water Supply,Augmentation of Water supply scheme at RAMAN,31-10-2025,AnkitRawat,Technical Expert,7983107341,ankitrawat167@gmail.com,Rakesh Kumar,09417792534,eepwssd1bti@yahoo.com,Save As Draft,Submitted,Save As Draft,Sent to State,Pending Submitted,Pending to be Submitted,,,Q3 - 2025-2026,,,,,
1502,PUNJAB,SARDULGARH,PB-SARDULGARH-14347,Water Supply,Augmentation of Water supply scheme at SARDULGARH,18-11-2024,AKHILESH  VERMA,Technical ExpertExpert,7080502846,akhilesh101296@gmail.com,Harsharanjit singh,9653600048,eepwssdhsr1@gmail.com,Submitted,Submitted,Save As Draft,Sent to State,Pending Submitted,Pending to be Submitted,,,Q3 - 2024-2025,,,,,
1503,PUNJAB,BARETA,PB-BARETA-14414,Water Supply,Augmentation of Water supply scheme at BARETA,14-11-2025,Ankit Rawat,Technical Expert,7983107341,ankitrawat167@gmail.com, Pritpal Singh,8427399114,eemn.pwssb@punjab.gov.in,Submitted,Submitted,Save As Draft,Sent to State,Pending Submitted,Pending to be Submitted,,,Q3 - 2025-2026,,,,,
1504,PUNJAB,BUDHLADA,PB-BUDHLADA-14329,Water Supply,Augmentation of Water supply scheme at BUDHLADA,13-10-2025,Ankit Rawat,Technical Expert,7983107341,ankitrawat167@gmail.com,Er. Rajinder  Garg,9501075088,eepwssbm@gmail.com,Save As Draft,Submitted,Save As Draft,Sent to State,Pending Submitted,Pending to be Submitted,,,Q3 - 2025-2026,,,,,
1505,PUNJAB,BHIKHI (NP),PB-BHIKHI-14323,Water Supply,Augmentation of Water supply scheme at BHIKHI (NP),29-04-2025,JITENDRA SINGH,Deputy Team Leader,8127436183,paljitendra918@gmail.com,ER. PRITPAL SINGH,8927399114,eepwssd2bti@yahoo.com,Submitted,Submitted,Save As Draft,Sent to State,Pending Submitted,Pending to be Submitted,,,Q1 - 2025-2026,,,,,
1506,PUNJAB,MANSA,PB-MANSA-14340,Water Supply,Augmentation of Water supply scheme at MANSA,13-10-2025,Ankit Rawat ,Technical Expert ,7983107341,ankitrawat167@gmail.com,Rajinder Kumar,09501075088,eepwssbm@gmail.com,Submitted,Submitted,Save As Draft,Sent to State,Pending Submitted,Pending to be Submitted,,,Q3 - 2025-2026,,,,,
1507,PUNJAB,SAMANA,PB-SAMANA-11077,Water Supply,Augumentation and Rehabilitation of water supply at Samana,23-09-2025,AKHILESH  VERMA,Technical Expert,7080502846,akhilesh101296@gmail.com,Harsharanjeet Singh,9653700048,pwssd2pta@gmail.com,Submitted,Submitted,Save As Draft,Sent to State,Pending Submitted,Pending to be Submitted,,,Q2 - 2025-2026,,,,,
1508,PUNJAB,PATRAN,PB-PATRAN-6696,Water Supply,Augumentation and Rehabilitation of water supply at Patran,06-06-2025,JITENDRA SINGH,DEPUTY TEAM LEADER,8127436183,paljitendra918@gmail.com,HARSHRANJIT SINGH,9653600048,pwssd2pta@gmail.com,Submitted,Submitted,Save As Draft,Sent to State,Pending Submitted,Pending to be Submitted,,,Q1 - 2025-2026,,,,,
1509,PUNJAB,GHAGGA,PB-GHAGGA-11045,Water Supply,Augumentation and Rehabilitation of water supply at Ghagga,23-08-2024,er. akhilesh verma,technical expert,7080502846,akhilesh101296@gmail.com,er. vikash dhwan,9888728887,pwssd2pta@gmail.com,Submitted,Submitted,Save As Draft,Sent to State,Pending Submitted,Pending to be Submitted,,,Q2 - 2024-2025,,,,,
1510,PUNJAB,SANAUR,PB-SANAUR-11081,Water Supply,Augumentation and Rehabilitation of water supply at Sanaur,17-02-2025,SANDEEP  JHA ,Deputy Team Leader,9313937241,sandeepjha966@gmail.com,Vikas Kumar,9888728887,eepwssd1bti@gmail.com,Submitted,Submitted,Save As Draft,Sent to State,Pending Submitted,Pending to be Submitted,,,Q4 - 2024-2025,,,,,
1511,PUNJAB,GHANAUR,PB-GHANAUR-11057,Water Supply,Augumentation and Rehabilitation of water supply at Ghanaur,17-02-2025,SANDEEP  JHA ,Deputy Team Leader,9313937241,sandeepjha966@gmail.com,Vikas  Dhawan,9888728887,eepwssd1bti@gmail.com,Submitted,Submitted,Save As Draft,Sent to State,Pending Submitted,Pending to be Submitted,,,Q4 - 2024-2025,,,,,
1512,PUNJAB,RAJPURA,PB-RAJPURA-4207,Parks & Green Space Development,Divyang Friendly Park at Urban Estate Focal point  Rajpura,14-11-2025,ANKIT  RAWAT,Technical Expert,7983107341,ankitrawat167@gmail.com,Er. Avtar Chand,9646107505,eomcraj@yahoo.co.in,Submitted,Submitted,Save As Draft,Sent to State,Pending Submitted,Pending to be Submitted,,,Q3 - 2025-2026,,,,,
1513,PUNJAB,RAJPURA,PB-RAJPURA-14343,Water Supply,Augmentation of Water supply scheme at RAJPURA,06-06-2025,JITENDRA SINGH,DEPUTY TEAM LEADRR,8127436183,paljitendra918@gmail.com,Er. VIKAS,09888728887,eepl.pwssb@punjab.gov.in,Submitted,Submitted,Save As Draft,Sent to State,Pending Submitted,Pending to be Submitted,,,Q1 - 2025-2026,,,,,
1514,PUNJAB,RAJPURA,PB-RAJPURA-18177,Parks & Green Space Development,"Development of Green Spaces/Park at Mirch Mandi Rajpura, Punjab under AMRUT 2.0 Scheme",24-12-2025,Ankit rawat,Technical Expert,7983107341,ankitrawat167@gmail.com,Avtar chand ,9646107505,eomcraj@yahoo.co.in,Save As Draft,Save As Draft,Save As Draft,Pending Sent to State,Pending Submitted,Pending to be Submitted,,,Q3 - 2025-2026,,,,,
1515,PUNJAB,RAMDAS,PB-RAMDAS-11017,Water Supply,Augmentation and Rehabilitation of Water Supply System at Ramdas,15-07-2024,Er. Prashant Tiwari,Deputy Team Leader,8878450368,er.prashant1710@gmail.com,Mr. Harpreet singh,8360907229,eepwssdasr2@gmail.com,Submitted,Submitted,Save As Draft,Sent to State,Pending Submitted,Pending to be Submitted,,,Q2 - 2024-2025,,,,,
1516,PUNJAB,AJNALA (NP),PB-AJNALA-10989,Water Supply,Extension and Augmentation of water supply Scheme at Ajnala,15-07-2024,Er. Prashant Tiwari,Deputy Team Leader,8878450368,er.prashant1710@gmail.com,Mr. Harpreet singh,8360907229,eepwssdasr2@gmail.com,Submitted,Submitted,Save As Draft,Sent to State,Pending Submitted,Pending to be Submitted,,,Q2 - 2024-2025,,,,,
1517,PUNJAB,RAJA SANSI,PB-RAJASANSI-11015,Water Supply,Augmentation and Rehabilitation of Water Supply System at Raja Sansi,15-07-2024,Er. Prashant Tiwari,Deputy Team Leader,8878450368,er.prashant1710@gmail.com,Mr. Harpreet singh,8360907229,eepwssdasr2@gmail.com,Submitted,Submitted,Save As Draft,Sent to State,Pending Submitted,Pending to be Submitted,,,Q2 - 2024-2025,,,,,
1518,PUNJAB,MAJITHA,PB-MAJITHA-11012,Water Supply,Augmentation of Water Supply Scheme at Majitha,16-07-2024,r. Prashant Tiwari,Deputy Team Leader,8878450368,er.prashant1710@gmail.com,Mr. Harpreet singh,8360907229,eepwssdasr2@gmail.com,Submitted,Submitted,Save As Draft,Sent to State,Pending Submitted,Pending to be Submitted,,,Q2 - 2024-2025,,,,,
1519,PUNJAB,JANDIALA (M CL),PB-JANDIALA-11004,Water Supply,Extension and Augmentation of Water Supply Scheme at Jandiala,21-05-2025,Er. Prashant Tiwari,Deputy Team Leader,8878450368,er.prashant1710@gmail.com,Mr. Harpreet singh,8360907229,eepwssdasr2@gmail.com,Submitted,Submitted,Save As Draft,Sent to State,Pending Submitted,Pending to be Submitted,,,Q1 - 2025-2026,,,,,
1520,PUNJAB,AMRITSAR,PB-AMRITSAR-11118,Water Supply,"Pilot Project for 24X7 Water Supply System, Amritsar",18-07-2024,Er. Prashant Tiwari,Deputy Team Leader,8878450368,er.prashant1710@gmail.com,Mr. Gurjinder singh,9915355229,seommcasr@gmail.com,Save As Draft,Save As Draft,Save As Draft,Pending Sent to State,Pending Submitted,Pending to be Submitted,,,Q2 - 2024-2025,,,,,
1521,PUNJAB,AMRITSAR,PB-AMRITSAR-11136,Sewerage & Septage Management,Recycling of treated wastewater after Tertiary Treatment Project at  Amritsar,29-08-2024,,,,,,,,Save As Draft,Save As Draft,Save As Draft,Pending Sent to State,Pending Submitted,Pending to be Submitted,,,Q2 - 2024-2025,,,,,
1522,PUNJAB,AMRITSAR,PB-AMRITSAR-18230,Sewerage & Septage Management,"Construction of 50 MLD Sewage Treatment Plant (STP) (Near Village Khapper Kheri) in South Zone, Amritsar",22-08-2025,AVIKAL SAINI,Technical Expert,8273801221,avikal96saini@gmail.com,Er. Harpreet Singh,8360907229,eepwssdasr2@gmail.com,Submitted,Submitted,Save As Draft,Sent to State,Pending Submitted,Pending to be Submitted,,,Q2 - 2025-2026,,,,,
1523,PUNJAB,RAYYA (NP),PB-RAYYA-11021,Water Supply,Augmentation and Rehabilitation of Water Supply System at Rayya,21-05-2025,JITENDRA  SINGH ,Deputy Team Leader,8127436183,paljitendra918@gmail.com,Mr. Harpreet singh,8360907229,eepwssdasr2@gmail.com,Submitted,Submitted,Save As Draft,Sent to State,Pending Submitted,Pending to be Submitted,,,Q1 - 2025-2026,,,,,
1524,PUNJAB,TARN TARAN,PB-TARNTARAN-11090,Water Supply,Augmentation and Rehabilitation of Water Supply  at TARN TARAN,12-11-2025,Ankit Rawat,Technical Expert,7983107341,ankitrawat167@gmail.com,Jatin Vasudeva,8427663503,jitinvasudeva@gmail.com,Submitted,Submitted,Save As Draft,Sent to State,Pending Submitted,Pending to be Submitted,,,Q3 - 2025-2026,,,,,
1525,PUNJAB,PATTI,PB-PATTI-11096,Water Supply,Augmentation & Rehabilitation of water supply system at PATTI,22-07-2024,er. prashant tiwari,deputy team leader,8878450368,er.prashant1710@gmail.com,er. harpreet singh,8360907229,eea2.pwssb@punjab.gov.in,Submitted,Save As Draft,Save As Draft,Sent to State,Pending Submitted,Pending to be Submitted,,,Q2 - 2024-2025,,,,,
1526,PUNJAB,KHEM KARAN,PB-KHEM_KARAN-11087,Water Supply,Augmentation and Rehabilitation of Water Supply  at KHEM KARAN,22-07-2024,er. prashant tiwari,deputy team leader,8878450368,er.prashant1710@gmail.com,er. harpreet singh,8360907229,eepwssdasr2@gmail.com,Submitted,Save As Draft,Save As Draft,Sent to State,Pending Submitted,Pending to be Submitted,,,Q2 - 2024-2025,,,,,
1527,PUNJAB,RUPNAGAR (M CL),PB-RUPNAGAR-14346,Water Supply,Augmentation of Water supply scheme at RUPNAGAR (M CL),18-02-2025,SANDEEP  JHA ,Deputy Team Leader,9313937241,sandeepjha966@gmail.com,Er. Sharnjeet Singh,9653600048,Pwssdrpr@gmail.com,Submitted,Submitted,Save As Draft,Sent to State,Pending Submitted,Pending to be Submitted,,,Q4 - 2024-2025,,,,,
1528,PUNJAB,CHAMKAUR SAHIB,PB-CHAMKAUR_SAHIB-6983,Water Supply,Augumentation and Rehabilitation of water supply at Chamkaur Sahib,23-12-2025,Ankit Rawat,Technical Expert,7983107341,ankitrawat167@gmail.com,Rajeev Kapoor,9815306344,eepwssdrpr@gmail.com,Submitted,Submitted,Save As Draft,Sent to State,Pending Submitted,Pending to be Submitted,,,Q3 - 2025-2026,,,,,
1529,PUNJAB,MORINDA,PB-MORINDA-6997,Water Supply,Augumentation and Rehabilitation of water supply at Morinda,24-08-2024,er. akhilesh verma,technical expert,7080502846,akhilesh101296@gmail.com,Er. jugal kishor,8427663501,eepwssdrpr@gmail.com,Submitted,Submitted,Save As Draft,Sent to State,Pending Submitted,Pending to be Submitted,,,Q2 - 2024-2025,,,,,
1530,PUNJAB,KURALI (M CL),PB-KURALI-11058,Water Supply,Augmentation and Rehabilitation of Water Supply system at Kurali,19-11-2024,AKHILESH  VERMA,Technical Expert,7080502846,akhilesh101296@gmail.com,Jugal kishore,8427663501,eespwssdrpr@gmail.com,Submitted,Submitted,Save As Draft,Sent to State,Pending Submitted,Pending to be Submitted,,,Q3 - 2024-2025,,,,,
1531,PUNJAB,KHARAR,PB-KHARAR-11094,Water Supply,Augumentation and Rehabilitation of water supply at Kharar,10-06-2025,JITENDRA SINGH,DEPUTY TEAM LEADER,8127436183,paljitendra918@gmail.com,HARSHRANJIT SINGH,9653600048,pwssd2pta@gmail.com,Submitted,Submitted,Save As Draft,Sent to State,Pending Submitted,Pending to be Submitted,,,Q1 - 2025-2026,,,,,
1532,PUNJAB,BANUR (M CL),PB-BANUR-14292,Water Supply,Augmentation of Water supply scheme at Banur,29-09-2025,AKHILESH  VERMA,Technical Expert,7080502846,akhilesh101296@gmail.com,Er. Rajiv Kapoor,09815306344,eepwssdrpr@gmail.com,Submitted,Submitted,Save As Draft,Sent to State,Pending Submitted,Pending to be Submitted,,,Q2 - 2025-2026,,,,,
1533,PUNJAB,S.A.S. NAGAR (MOHALI),PB-S.A.S.NAGAR-11115,Water Body Rejuvenation,"Rejuvenation of Water Body at Sohana, SAS Nagar ",29-08-2024,AKHILESH  VERMA,Admin,7080502846,akhilesh101296@gmail.com,er. rajendra kumar,9780042121,mcssnagar@gmail.com,Submitted,Submitted,Save As Draft,Sent to State,Pending Submitted,Pending to be Submitted,,,Q2 - 2024-2025,,,,,
1534,PUNJAB,DERA BASSI,PB-DERA_BASSI-14295,Water Supply,Augmentation of Water supply scheme at Derabassi,29-09-2025,AKHILESH  VERMA,Technical Expert,7080502846,akhilesh101296@gmail.com,Er. Rajeev Kapoor,9815306344,eepwssdrpr@gmail.com,Submitted,Submitted,Save As Draft,Sent to State,Pending Submitted,Pending to be Submitted,,,Q2 - 2025-2026,,,,,
1535,PUNJAB,AHMEDGARH,PB-AHMEDGARH-11071,Water Supply,Augmentation and Rehabilitation of Water Supply system at Ahmedgarh,18-11-2024,PRASHANT  TIWARI,Technical Expert,8878450368,er.prashant1710@gmail.com,Rahul Kaushal,9780016670,eepwssdbnl@gmail.com,Submitted,Submitted,Save As Draft,Sent to State,Pending Submitted,Pending to be Submitted,,,Q3 - 2024-2025,,,,,
1536,PUNJAB,DHURI,PB-DHURI-11086,Water Supply,Augmentation and Rehabilitation of Water Supply system at Dhuri,18-07-2025,AKHILESH VERMA,TECHNICAL EXPERT,7080502846,akhilesh101296@gmail.com,Rahul Kaushal,9780016670,sgrpwssd@yahoo.com,Submitted,Submitted,Save As Draft,Sent to State,Pending Submitted,Pending to be Submitted,,,Q2 - 2025-2026,,,,,
1537,PUNJAB,BHAWANIGARH,PB-BHAWANIGARH-11076,Water Supply,Augmentation and Rehabilitation of Water Supply system at Bhawanigarh,17-07-2025,AKHILESH VERMA6,TECHNICAL EXPERT,7080502846,akhilesh101296@gmail.com,Rahul Kaushal,9780016670,sgrpwssd@yahoo.com,Submitted,Submitted,Save As Draft,Sent to State,Pending Submitted,Pending to be Submitted,,,Q2 - 2025-2026,,,,,
1538,PUNJAB,BHAWANIGARH,PB-BHAWANIGARH-14362,Water Body Rejuvenation, Rejuvenation of Water body Pond no 1   Bhawanigarh,17-07-2025,,,,,,,,Save As Draft,Save As Draft,Save As Draft,Pending Sent to State,Pending Submitted,Pending to be Submitted,,,Q2 - 2025-2026,,,,,
1539,PUNJAB,SANGRUR,PB-SANGRUR-11080,Water Supply,Augmentation & Rehabilitation of water supply system at SANGRUR,17-07-2025,AKHILESH  VERMA,Technical Expert,7080502846,akhilesh101296@gmail.com,Rahul Kaushal,9780016670,sgrpwssd@yahoo.com,Submitted,Submitted,Save As Draft,Sent to State,Pending Submitted,Pending to be Submitted,,,Q2 - 2025-2026,,,,,
1540,PUNJAB,LONGOWAL,PB-LONGOWAL-11100,Water Supply,Augumentation and Rehabilitation of water supply at Longowal,17-07-2025,AKHILESH  VERMA,Technical Expert,7080502846,akhilesh101296@gmail.com,Rahul  Kaushal,9780016670,sgrpwssd@yahoo.com,Submitted,Submitted,Save As Draft,Sent to State,Pending Submitted,Pending to be Submitted,,,Q2 - 2025-2026,,,,,
1541,PUNJAB,LONGOWAL,PB-LONGOWAL-18175,Parks & Green Space Development,"Development of Green Spaces/Park at Peer Baba Longowal, Sangrur District, Punjab under AMRUT 2.0 Scheme",07-11-2025,Ankit Rawat ,Technical expert,7983104341,ankitrawat167@gmail.com,Bal krishan,9417070070,mcsunam.sgr@gmail.com,Save As Draft,Save As Draft,Save As Draft,Pending Sent to State,Pending Submitted,Pending to be Submitted,,,Q3 - 2025-2026,,,,,
1542,PUNJAB,CHEEMA,PB-CHEEMA-7423,Parks & Green Space Development,Divyang Friendly Park ward no 9 near MLG school Cheema,29-04-2025,JITENDRA SINGH,Deputy Team Leader,8127436183,paljitendra918@gmail.com,ER. BAL KRISHAN,9417070070,mcsunam.sgr@gmail.com,Submitted,Submitted,Save As Draft,Sent to State,Pending Submitted,Pending to be Submitted,,,Q1 - 2025-2026,,,,,
1543,PUNJAB,CHEEMA,PB-CHEEMA-11083,Water Supply,Augmentation and Rehabilitation of Water Supply system at Cheema,07-02-2025,SANDEEP  JHA ,Deputy Team Leader,9313937241,sandeepjha966@gmail.com,Er. S. Dhillon,9780014399,sgr.pwssd@gmail.com,Submitted,Submitted,Save As Draft,Sent to State,Pending Submitted,Pending to be Submitted,,,Q4 - 2024-2025,,,,,
1544,PUNJAB,SUNAM UDHAM SINGH WALA,PB-SUNAM_UDHAM-5105,Parks & Green Space Development,Divyang Friendly Park Near Rose Garden Sunam Udham Singh Wala,29-04-2025,JITENDRA SINGH,TECHNICAL EXPERT,8127436183,paljitendra918@gmail.com,ER. BAL KRISHAN,9417070070,eepwssd2bti@yahoo.com,Submitted,Submitted,Save As Draft,Sent to State,Pending Submitted,Pending to be Submitted,,,Q1 - 2025-2026,,,,,
1545,PUNJAB,SUNAM UDHAM SINGH WALA,PB-SUNAM_UDHAM-11163,Water Supply,Augmentation & Rehabilitation of water supply system at   SUNAM UDHAM SINGH WALA,07-11-2025,Ankit Rawat ,Technical Expert,7983107341,ankitrawat167@gmail.com,Rahul Kaushal,9872236870,sgrpwssd@yahoo.com,Submitted,Submitted,Save As Draft,Sent to State,Pending Submitted,Pending to be Submitted,,,Q3 - 2025-2026,,,,,
1546,PUNJAB,DIRBA,PB-DIRBA-11093,Water Supply,Augmentation and Rehabilitation of Water Supply system at Dirba,18-07-2025,AKHILESH  VERMA,Technical Expert,7080502846,akhilesh101296@gmail.com,Rahul Kaushal,9780016670,sgrpwssd@yahoo.com,Submitted,Submitted,Save As Draft,Sent to State,Pending Submitted,Pending to be Submitted,,,Q2 - 2025-2026,,,,,
1547,PUNJAB,MOONAK,PB-MOONAK-11095,Water Supply,Augmentation and Rehabilitation of Water Supply  at MOONAK,20-07-2025,AKHILESH  VERMA,Technical Expert,7080502846,akhilesh101296@gmail.com,Rahul Kaushal,9780016670,sgrpwssd@yahoo.com,Submitted,Submitted,Save As Draft,Sent to State,Pending Submitted,Pending to be Submitted,,,Q2 - 2025-2026,,,,,
1548,PUNJAB,KHANAURI,PB-KHANAURI-11099,Water Supply,Augmentation and Rehabilitation of Water Supply system at Khanauri,17-07-2025,AKHILESH  VERMA,Technical Expert,7080502846,akhilesh101296@gmail.com,Rahul Kaushal,9780016670,sgrpwssd@yahoo.com,Submitted,Submitted,Save As Draft,Sent to State,Pending Submitted,Pending to be Submitted,,,Q2 - 2025-2026,,,,,
1549,PUNJAB,BARNALA (M CL),PB-BARNALA-18155,Water Supply,"Providing Tap Connections to consumers, Extension and Augmentation of Water Supply System at Barnala District Barnala for Distribution Network and Installation of Tube well Part-1, Phase-1",24-07-2025,AKHILESH  VERMA,Technical Expert,7080502846,akhilesh101296@gmail.com,Er.  Rahul Kaushal,9780016670,eepwssdbnl@gmail.com,Submitted,Submitted,Save As Draft,Sent to State,Pending Submitted,Pending to be Submitted,,,Q2 - 2025-2026,,,,,
1550,PUNJAB,HANDIAYA,PB-HANDIAYA-14298,Water Supply,Augmentation of Water supply scheme at HANDIAYA,28-04-2025,JITENDRA SINGH,Deputy Team Leader,8127436183,paljitendra918@gmail.com,ER. RAHUL KAUSHIK,9780016670,eepwssdbnl@gmail.com,Submitted,Submitted,Save As Draft,Sent to State,Pending Submitted,Pending to be Submitted,,,Q1 - 2025-2026,,,,,
1551,PUNJAB,DHANAULA,PB-DHANAULA-11026,Water Supply,Augmentation of Water Supply Scheme at Dhanaula,24-08-2025,AKHILESH  VERMA,Technical Expert,7080502846,akhilesh101296@gmail.com,Rahul Kaushal,9780016670,eepwssdbnl@gmail.com,Submitted,Submitted,Save As Draft,Sent to State,Pending Submitted,Pending to be Submitted,,,Q2 - 2025-2026,,,,,
1552,PUNJAB,TAPA,PB-TAPA-11035,Water Supply,Augmentation and Rehabilitation of Water Supply System at Tapa,28-04-2025,JITENDRA SINGH,TECHNICAL EXPERT,8127436183,paljitendra918@gmail.com,ER. RAHUL KAUSHIK,9780016670,eepwssdbnl@gmail.com,Submitted,Submitted,Save As Draft,Sent to State,Pending Submitted,Pending to be Submitted,,,Q1 - 2025-2026,,,,,
1553,PUNJAB,BHADAUR,PB-BHADAUR-11023,Water Supply,Augmentation and Rehabilitation of Water Supply System at Bhadaur,28-04-2025,JITENDRA SINGH,Deputy Team Leader,8127436183,paljitendra918@gmail.com,ER. RAHUL KAUSHIK,9780016670,eepwssdbnl@gmail.com,Submitted,Submitted,Save As Draft,Sent to State,Pending Submitted,Pending to be Submitted,,,Q1 - 2025-2026,,,,,
1554,PUNJAB,TALWARA,PB-TALWARA-11054,Water Supply,Augmentation and Rehabilitation of Water Supply System at TALWARA,30-05-2025,Er. Jitendra Singh,Deputy Team Leader,8127436183,paljitendra918@gmail.com,Er. Amandeep Singh,9676166990,eepwssdhsr1@gmail.com,Submitted,Submitted,Save As Draft,Sent to State,Pending Submitted,Pending to be Submitted,,,Q1 - 2025-2026,,,,,
1555,PUNJAB,NIHAL SINGH WALA,PB-NIHAL_SINGH-11104,Water Supply,Augmentation and Rehabilitation of Water Supply  at Nihal Singh Wala,28-05-2025,Er. Jitendra Singh,Deputy team Leader,8127436183,paljitendra918@gmail.com,Er. Supinder singh,9417159123,eepwssdmoga@gmail.com,Submitted,Submitted,Save As Draft,Sent to State,Pending Submitted,Pending to be Submitted,,,Q1 - 2025-2026,,,,,
1556,PUNJAB,BHIKHIWIND,PB-BHIKHIWIND-11092,Water Supply,Augmentation & Rehabilitation of water supply system at BHIKHIWIND,19-05-2025,Er. Jitendra Singh,Deputy Team Leader,8127436183,paljitendra918@gmail.com,Er. Harpreet Singh,8360907229,eepwssdasr2@gmail.com,Submitted,Submitted,Save As Draft,Sent to State,Pending Submitted,Pending to be Submitted,,,Q1 - 2025-2026,,,,,
1557,PUNJAB,AMARGARH,PB-AMARGARH-11042,Water Supply,Augmentation and Rehabilitation of  Water Supply System at Amargarh,19-07-2025,AKHILESH  VERMA,Technical Expert,7080502846,akhilesh101296@gmail.com,Rahul Kaushal,9780016670,eepwssdbnl@gmail.com,Submitted,Submitted,Save As Draft,Sent to State,Pending Submitted,Pending to be Submitted,,,Q2 - 2025-2026,,,,,
1558,PUNJAB,NATHANA,PB-NATHANA-11110,Water Supply,Augmentation & Rehabilitation of water supply system at NATHANA,05-02-2025,SANDEEP  JHA ,Deputy Team Leader,9313937241,sandeepjha966@gmail.com,Baljit Singh,8284914999,eepwssd2bti@yahoo.com,Submitted,Submitted,Save As Draft,Sent to State,Pending Submitted,Pending to be Submitted,,,Q4 - 2024-2025,,,,,
1559,PUNJAB,BOHA,PB-BOHA-14324,Water Supply,Augmentation of Water supply scheme at BOHA,13-10-2025,Ankit Rawat,Technical Expert,7983107341,ankitrawat167@gmail.com,Rajinder Garg,9501075088,eepwssbm@gmail.com,Submitted,Submitted,Save As Draft,Sent to State,Pending Submitted,Pending to be Submitted,,,Q3 - 2025-2026,,,,,
1560,PUNJAB,NADALA,PB-NADALA-14303,Water Supply,Augmentation of Water supply scheme at NADALA,23-05-2025,JITENDRA  SINGH ,Deputy Team Leader,8127436183,paljitendra918@gmail.com,Er. Arvind Mehta,9888861602,eepwssd2jal@gmail.com,Submitted,Submitted,Save As Draft,Sent to State,Pending Submitted,Pending to be Submitted,,,Q1 - 2025-2026,,,,,
1561,PUNJAB,MALUKA,PB-MALUKA-14339,Water Supply,Augmentation of Water supply scheme at MALUKA,22-07-2025,AKHILESH  VERMA,Technical Expert,7080502846,akhilesh101296@gmail.com,Baljit Singh,8284914999,eepwssd1bti@gmail.com,Submitted,Submitted,Save As Draft,Sent to State,Pending Submitted,Pending to be Submitted,,,Q2 - 2025-2026,,,,,
1562,PUNJAB,KOTHA GURU,PB-KOTHA_GURU-11106,Water Supply,Augmentation & Rehabilitation of water supply system at KOTHA GURU,22-04-2025,Jitendra singh,Technial expert,8127436183,paljitendra918@gmail.com,Er. Baljit singh,8284914999,eepwssd2bti@yahoo.om,Submitted,Submitted,Save As Draft,Sent to State,Pending Submitted,Pending to be Submitted,,,Q1 - 2025-2026,,,,,
1563,PUNJAB,JOGA,PB-JOGA-14334,Water Supply,Augmentation of Water supply scheme at JOGA,13-10-2025,Ankit Rawat ,Technical Expert,7983107341,ankitrawat167@gmail.com,Rajinder Garg,09501075088,eepwssbm@gmail.com,Submitted,Submitted,Save As Draft,Sent to State,Pending Submitted,Pending to be Submitted,,,Q3 - 2025-2026,,,,,
1564,PUNJAB,LALRU,PB-LALRU-14302,Water Supply,Augmentation of Water supply scheme at LALRU,29-09-2025,AKHILESH  VERMA,Technical Expert,7080502846,akhilesh101296@gmail.com,Rajiv Kapoor,9815306344,eepwssdrpr@gmail.com,Submitted,Submitted,Save As Draft,Sent to State,Pending Submitted,Pending to be Submitted,,,Q2 - 2025-2026,,,,,
1565,PUNJAB,MEHATPUR,PB-MEHATPUR-14312,Water Supply,Augmentation of Water supply scheme  at  MEHATPUR,25-09-2025,AKHILESH  VERMA,Technical Expert,7080502846,akhilesh101296@gmail.com,Jatin Vasudeva,8427663503,eepwssd1jal@gmail.com,Submitted,Submitted,Save As Draft,Sent to State,Pending Submitted,Pending to be Submitted,,,Q2 - 2025-2026,,,,,
1566,PUNJAB,BHAI RUPA,PB-BHAI_RUPA-11108,Water Supply,Augmentation and Rehabilitation of Water Supply system at Bhai Rupa,31-10-2025,Ankit Rawat ,Technical Expert,7983107341,ankitrawat167@gmail.com,Rakesh Kumar,9417792534,eepwssd2bti@yahoo.com,Submitted,Submitted,Save As Draft,Sent to State,Pending Submitted,Pending to be Submitted,,,Q3 - 2025-2026,,,,,
1567,PUNJAB,ARNIWALA SHEIKH SUBHANPUR,PB-ARNIWALA_SHEIKH-7064,Water Supply,Augmentation of Water Supply Scheme at ARNIWALA SHEIKH SUBHANPUR,20-07-2024,kunal pathak ,technical expert,9169156944,kunal1991pathak@gmail.com,Mr. J Singh ,9653600048,eepwssdfzr@gmail.com,Submitted,Save As Draft,Save As Draft,Sent to State,Pending Submitted,Pending to be Submitted,,,Q2 - 2024-2025,,,,,
1568,PUNJAB,KIRATPUR SAHIB,PB-KIRATPUR_SAHIB-14335,Water Supply,Augmentation of Water supply scheme at KIRATPUR SAHIB,11-06-2025,JITENDRA SINGH,DEPUTY TEAM LEADER,8127436183,paljitendra918@gmail.com,HARSHRANJIT SINGH,9653600048,pwssd2pta@gmail.com,Submitted,Submitted,Save As Draft,Sent to State,Pending Submitted,Pending to be Submitted,,,Q1 - 2025-2026,,,,,
1569,PUNJAB,FATEHGARH PAJTUR,PB-FATEHGARH_PAJTUR-11091,Water Supply,Augmentation and Rehabilitation of  Water Supply System at  FATEHGARH PAJTUR,28-05-2025,Er. Jitendra Singh,Deputy Team Leader,8127436183,paljitendra918@gmail.com,Er. Supinder singh,9417159123,eepwssdmoga@gmail.com,Submitted,Submitted,Save As Draft,Sent to State,Pending Submitted,Pending to be Submitted,,,Q1 - 2025-2026,,,,,
1570,PUNJAB,BILGA,PB-BILGA-11068,Water Supply,Augmentation and Rehabilitation of Water Supply System at Bilga,25-07-2024,Er. Prashant Tiwari,Deputy Team Leader,8878450368,er.prashant1710@gmail.com,Er. Jatin Vasudeva,8427663503,eej1.pwssb@punjab.gov.in,Submitted,Submitted,Save As Draft,Sent to State,Pending Submitted,Pending to be Submitted,,,Q2 - 2024-2025,,,,,
1571,PUNJAB,BILGA,PB-BILGA-14364,Water Body Rejuvenation,Rejuvenation of water body Pond 1 Bilga,15-11-2024,PRASHANT  TIWARI,Technical Expert,8878450368,er.prashant1710@gmail.com,PRASHANT  TIWARI,8878450368,er.prashant1710@gmail.com,Save As Draft,Save As Draft,Save As Draft,Pending Sent to State,Pending Submitted,Pending to be Submitted,,,Q3 - 2024-2025,,,,,
1572,PUNJAB,NAROT JAIMAL SINGH,PB-NAROT_JAIMAL-11075,Water Supply,Augmentation and Rehabilitation of Water Supply System at  Narrot Jaimal Singh,27-01-2025,SANDEEP  JHA ,Deputy Team Leader,9313937241,sandeepjha966@gmail.com,Dvitesh Virdi,7696639080,pwssdgsp@gmail.com,Submitted,Submitted,Save As Draft,Sent to State,Pending Submitted,Pending to be Submitted,,,Q4 - 2024-2025,,,,,
1573,SIKKIM,MANGAN,SK-MANGAN-9374,Water Supply,Water supply scheme including last mile tap water connectivity to 1108 HH under Mangan Nagar Panchayat,25-09-2024,AKHAND PRATAP SINGH,Technical Expert,9721116001,apsingh5296@gmail.com,Mr. Sonam C Lepcha,7872283433,sonamclikmoo@gmail.com,Submitted,Submitted,Save As Draft,Sent to State,Submitted,Report Submitted,Yes,as per comments,Q2 - 2024-2025,,,,,
1574,SIKKIM,Nayabazaar-Jorethang,SK-NAYABAZAAR-JORETHANG-9380,Water Supply,Water supply scheme including last mile tap water connectivity to 1855 HH under Jorethang Naya Bazar  Nagar Panchayat.,28-09-2024,AKHAND PRATAP SINGH,Technical Expert,9721116001,apsingh5296@gmail.com,Mr. Sonam C Lepcha,7872283433,sonamclikmoo@gmail.com,Submitted,Save As Draft,Save As Draft,Sent to State,Submitted,Report Submitted,Yes,as per comments,Q2 - 2024-2025,,,,,
1575,SIKKIM,Nayabazaar-Jorethang,SK-NAYABAZAAR-JORETHANG-12596,Parks & Green Space Development,"Beautification, Landscaping, Green Spaces & Sitters at Green long Park & Cobler Shed at Jorethang, Namchi District",30-12-2024,ANUP  MALIK,Technical Expert,8145242141,anupmalik3892@gmail.com,Palchen Norbu Bhutia,7602854485,udhd.jorethang@gmail.com,Submitted,Submitted,Save As Draft,Sent to State,Submitted,Report Submitted,Partially Compliant,Photos needs to be attached for compliance.,Q3 - 2024-2025,,,,,
1576,SIKKIM,GANGTOK,SK-GANGTOK-9291,Water Body Rejuvenation,Rejuvenation of Tamzay and surrounding lakes in East Sikkim,29-12-2024,BHASKAR  MAJUMDER,Technical Expert,9038584040,bhaskarmajumder94@gmail.com,Mr. Sonam C Lepcha,7872283433,sonamclikmoo@gmail.com,Submitted,Submitted,Save As Draft,Sent to State,Submitted,Report Submitted,Yes,"O&M manual be prepared, approved and implemented regularly after completion of the project",Q3 - 2024-2025,,,,,
1577,SIKKIM,GANGTOK,SK-GANGTOK-12595,Water Supply,"Water supply scheme including last mile tap water connectivity to 19091 HH under Gangtok Municipal Corporation, Gangtok District.",28-12-2024,BHASKAR  MAJUMDER,Technical Expert,9038584040,bhaskarmajumder94@gmail.com,Mr. Sonam C Lepcha,7872283433,sonamclikmoo@gmail.com,Submitted,Submitted,Save As Draft,Sent to State,Pending Submitted,Pending to be Submitted,Partially Compliant,"PPE kits be provided ,upload photo",Q3 - 2024-2025,,,,,
1578,SIKKIM,GANGTOK,SK-GANGTOK-12621,Parks & Green Space Development,"Construction of Park at  Development Area, Gangtok District.",27-12-2024,BHASKAR  MAJUMDER,Technical Expert,9038584040,bhaskarmajumder94@gmail.com,Jerusa Joy Shrestha,8967227747,udhdsikkim@gmail.com,Submitted,Submitted,Save As Draft,Sent to State,Pending Submitted,Pending to be Submitted,,,Q3 - 2024-2025,,,,,
1579,SIKKIM,SINGTAM,SK-SINGTAM-9370,Water Supply,Water supply scheme including last mile tap water connectivity to 1263 HH under Singtam Nagar Panchayat East sikkim,24-09-2024,AKHAND PRATAP SINGH,Technical Expert,9721116001,apsingh5296@gmail.com,Mr. Sonam C Lepcha,7872283433,sonamclikmoo@gmail.com,Submitted,Submitted,Save As Draft,Sent to State,Submitted,Report Submitted,Yes,as per comments,Q2 - 2024-2025,,,,,
1580,SIKKIM,RANGPO,SK-RANGPO-9362,Water Supply,Water supply scheme including last mile tap water connectivity to 2680 HH under Rangpoo Nagar Panchayat,28-09-2024,AKHAND PRATAP SINGH,Technical Expert,9721116001,apsingh5296@gmail.com,Sameer Rai,9593386399,architect.sameer@sikkim.gov.in,Submitted,Submitted,Save As Draft,Sent to State,Submitted,Report Submitted,Yes,as per comments,Q2 - 2024-2025,,,,,
1581,TRIPURA,TELIAMURA,TR-TELIAMURA-6923,Water Supply,Drinking Water Supply at Teliamura city,31-07-2024,GAJENDRA SINGH,Technical Expert,9582043842,gs56570@gmail.com,Executive Engineer,9862453942,eeklp123pwddws@gmail.com,Submitted,Submitted,Save As Draft,Sent to State,Submitted,Report Submitted,Yes,as per visit,Q2 - 2024-2025,,,,,
1582,TRIPURA,AGARTALA,TR-AGARTALA-6576,Water Supply,Agartala city (Municipal corporation),29-07-2024,BHASKAR  MAJUMDER,Technical Expert,9038584040,bhaskarmajumder94@gmail.com,Er Manas Das,9436451947,dwsdivagartala1@gmail.com,Submitted,Submitted,Save As Draft,Sent to State,Submitted,Report Submitted,Yes,as per visits,Q2 - 2024-2025,,,,,
1583,TRIPURA,AGARTALA,TR-AGARTALA-11781,Water Body Rejuvenation,"Rejuvenation & Beautification of Pond at Hrishi Colony, Pratapgarh, agartala",07-08-2024,GAJENDRA SINGH,Technical Expert,9582043842,gs56570@gmail.com,Joydev Chakraborty,9436122536,ceo.tjb2020@gmail.com,Submitted,Submitted,Save As Draft,Sent to State,Submitted,Report Submitted,Yes,AGREED,Q2 - 2024-2025,,,,,
1584,TRIPURA,AGARTALA,TR-AGARTALA-15276,Water Body Rejuvenation,Development & Beautification of Ujan Abhoynagar Bazar Pond,09-08-2024,BHASKAR  MAJUMDER,Technical Expert,9038584040,bhaskarmajumder94@gmail.com,Executive Engineer,9636122536,amc.tripura@gmail.com,Submitted,Save As Draft,Save As Draft,Sent to State,Submitted,Report Submitted,Yes,AGREED,Q2 - 2024-2025,,,,,
1585,TRIPURA,AGARTALA,TR-AGARTALA-15277,Water Body Rejuvenation,Development & Beautification of Veterinary Hospital Pond,29-07-2024,GAJENDRA SINGH,Admin,9582043842,gs56570@gmail.com,Executive Engineer,9436122536,ceo.tjb2020@gmail.com,Submitted,Submitted,Save As Draft,Sent to State,Submitted,Report Submitted,Yes,AGREED,Q2 - 2024-2025,,,,,
1586,TRIPURA,AGARTALA,TR-AGARTALA-15965,Water Body Rejuvenation,Development & Beautification of Shib Bari Pond,29-07-2024,GAJENDRA SINGH,Technical Expert,9582043842,gs56570@gmail.com,Executive Engineer,9436122536,ceo.tjb2020@gmail.com,Submitted,Submitted,Save As Draft,Sent to State,Submitted,Report Submitted,Yes,Agreed,Q2 - 2024-2025,,,,,
1587,TRIPURA,BISHALGARH (NP),TR-BISHALGARH-6927,Water Supply,Water Supply Project at Bishalgarh City,01-08-2024,BHASKAR  MAJUMDER,Technical Expert,9038584040,bhaskarmajumder94@gmail.com,Executive Engineer,8415093978,eebisramhanjdivisionpwd@gmail.com,Submitted,Submitted,Save As Draft,Sent to State,Submitted,Report Submitted,Yes,as per site visits,Q2 - 2024-2025,,,,,
1588,TRIPURA,SONAMURA (NP),TR-SONAMURA-6930,Water Supply,Drinking Water Supply at Sonamura City,01-08-2024,BHASKAR  MAJUMDER,Technical Expert,9038584040,bhaskarmajumder94@gmail.com,Executive Engineer,8415093978,eebisrahanjdivisionpwd@gmail.com,Submitted,Submitted,Save As Draft,Sent to State,Submitted,Report Submitted,Yes,As per visits,Q2 - 2024-2025,,,,,
1589,TRIPURA,UDAIPUR (NP),TR-UDAIPUR-11690,Water Body Rejuvenation,Rejuvenation & beautification of Mahadev Dighi pond at Udaipur,01-08-2024,BHASKAR  MAJUMDER,Technical Expert,9038584040,bhaskarmajumder94@gmail.com,Chief Executive Office,9774726755,udpmunicipal@gmail.com,Submitted,Submitted,Save As Draft,Sent to State,Submitted,Report Submitted,Yes,Agreed,Q2 - 2024-2025,,,,,
1590,TRIPURA,UDAIPUR (NP),TR-UDAIPUR-17322,Water Body Rejuvenation,Rejuvination & Beautification of Pond Back Side of  K.B.I School,01-11-2025,ANUP  MALIK,Technical Expert,8145242141,anupmalik3892@gmail.com,Chief Executive Office,9774726755,udpmunicipal@gmail.com,Submitted,Submitted,Save As Draft,Sent to State,Pending Submitted,Pending to be Submitted,,,Q3 - 2025-2026,,,,,
1591,TRIPURA,SANTIR BAZAR (NP),TR-SANTIR-6932,Water Supply,Water Supply at Santir Bazar city,02-08-2024,GAJENDRA SINGH,Technical Expert,9582043842,gs56570@gmail.com,Executive Engineer Belonia,8974700977,eedwsbln@yahoo.com,Submitted,Submitted,Save As Draft,Sent to State,Submitted,Report Submitted,Yes,agreed,Q2 - 2024-2025,,,,,
1592,TRIPURA,SABROOM (NP),TR-SABROOM-11740,Water Supply,Water Supply Project at Sabroom City,02-08-2024,GAJENDRA SINGH,Technical Expert,9582043842,gs56570@gmail.com,Executive Engineer Belonia,8974700977,eedwsbln@yahoo.com,Submitted,Submitted,Save As Draft,Sent to State,Submitted,Report Submitted,Yes,As per comments,Q2 - 2024-2025,,,,,
1593,TRIPURA,KAMALPUR (NP),TR-KAMALPUR-6921,Water Supply,Drinking Water Supply at Kamalpur City,26-07-2024,GAJENDRA SINGH,Technical Expert,9582043842,gs56570@gmail.com,Executive Engineer,9612737307,eedwskmp@gmail.com,Submitted,Submitted,Save As Draft,Sent to State,Submitted,Report Submitted,Yes,As per comments,Q2 - 2024-2025,,,,,
1594,TRIPURA,KAMALPUR (NP),TR-KAMALPUR-11354,Water Body Rejuvenation,Rejuvination & Beautification of Pond near Kamalpur English Medium School,26-07-2024,GAJENDRA SINGH,Technical Expert,9582043842,gs56570@gmail.com,Project In Charge,9436582423,kamalpur.np@gmail.com,Submitted,Submitted,Save As Draft,Sent to State,Submitted,Report Submitted,Yes,As per comments.,Q2 - 2024-2025,,,,,
1595,TRIPURA,AMBASSA (NP),TR-AMBASSA-11364,Water Body Rejuvenation,"Rejuvination & Beautification of Chandraichara S.B. School pond at Ambassa, Dhalai District, Tripura",26-07-2024,GAJENDRA SINGH,Technical Expert,9582043842,gs56570@gmail.com,Chief Executive Officer,7005353201,npdhalai@gmail.com,Submitted,Submitted,Save As Draft,Sent to State,Submitted,Report Submitted,Yes,Agreed,Q2 - 2024-2025,,,,,
1596,TRIPURA,KAILASAHAR (NP),TR-KAILASAHAR-11355,Water Body Rejuvenation,Rejuvination & Beautification of Pond near Kailashahar R.K.M College  at Kailashahar nagar Panchayet ,13-08-2024,BHASKAR  MAJUMDER,Technical Expert,9038584040,bhaskarmajumder94@gmail.com,Chief Executive Officer,9436992710,kailashaharnp2011@gmail.com,Submitted,Submitted,Save As Draft,Sent to State,Submitted,Report Submitted,Yes,Agreed,Q2 - 2024-2025,,,,,
1597,TRIPURA,JIRANIYA,TR-JIRANIYA-6924,Water Supply,Water Supply Project at Jirania City,31-07-2024,BHASKAR  MAJUMDER,Technical Expert,9038584040,bhaskarmajumder94@gmail.com,Executive Engineer,7005888719,dwsdivisionagartala2@yahoo.com,Submitted,Submitted,Save As Draft,Sent to State,Submitted,Report Submitted,Yes,As per comments,Q2 - 2024-2025,,,,,
1598,TRIPURA,PANISAGAR,TR-PANISAGAR-6899,Water Supply,Water supply project at Panisagar city,12-08-2024,BHASKAR  MAJUMDER,Technical Expert,9038584040,bhaskarmajumder94@gmail.com,Executive Engineer Dharmanagar,9612615636,eedwsdmn@gmail.com,Submitted,Submitted,Save As Draft,Sent to State,Submitted,Report Submitted,Yes,As per visits,Q2 - 2024-2025,,,,,
1599,UTTARAKHAND,GAUCHAR,UK-GAUCHAR-2867,Water Supply,Water Supply Scheme for last mile connectivity with AMR meters of Gouchar Town,01-09-2024,AVIKAL SAINI,Technical Expert,8273801221,avikal96saini@gmail.com,Er. Krishnaa kant ,9319102244,ukjskaranprayag@gmail.com,Submitted,Submitted,Save As Draft,Sent to State,Pending Submitted,Pending to be Submitted,,,Q2 - 2024-2025,,,,,
1600,UTTARAKHAND,KARNAPRAYAG,UK-KARNAPRAYAG-2692,Water Supply,Karnprayag w/s scheme phase-II,01-01-2026,AVIKAL SAINI,Technical Expert,8273801221,avikal96saini@gmail.com,Arun Pratap Singh,8755878757,eepjnkpgdn@gmail.com,Save As Draft,Save As Draft,Save As Draft,Pending Sent to State,Pending Submitted,Pending to be Submitted,,,Q4 - 2025-2026,,,,,
1601,UTTARAKHAND,DEVAPRAYAG,UK-DEVAPRAYAG-2836,Water Supply,Devprayag Water Supply Scheme,01-11-2025,AVIKAL SAINI,Technical Expert,8273801221,avikal96saini@gmail.com,Executive Engineer,9412983800,eepayjaldevprayag77@yahoo.in,Save As Draft,Submitted,Save As Draft,Sent to State,Pending Submitted,Pending to be Submitted,,,Q3 - 2025-2026,,,,,
1602,UTTARAKHAND,NARENDRANAGAR,UK-NARENDRANAGAR-2510,Water Supply,Narendra Nagar  Palika Parishad Water Supply Project,16-05-2024,AVIKAL SAINI,Technical Expert,8273801221,avikal96saini@gmail.com,Er. Bhusan Singh (AE),9411130196, deepakdhiman5891@gmail.com,Submitted,Submitted,Save As Draft,Sent to State,Pending Submitted,Pending to be Submitted,,,Q1 - 2024-2025,,,,,
1603,UTTARAKHAND,MUNI-KI-RETI,UK-MUNI-KI-RETI-2296,Water Supply,Muni-ki-reti Nagar Palika Parishad Water Supply Scheme,16-05-2024,AVIKAL SAINI,Technical Expert,8273801221,avikal96saini@gmail.com,Er. Bhusan Singh (AE),9411130196, deepakdhiman5891@gmail.com,Submitted,Submitted,Save As Draft,Sent to State,Pending Submitted,Pending to be Submitted,,,Q1 - 2024-2025,,,,,
1604,UTTARAKHAND,DEHRADUN,UK-DEHRADUN-7030,Water Supply,Shastri Nagar 24x7 Water Supply Scheme,15-05-2024,AVIKAL SAINI,Technical Expert,8273801221,avikal96saini@gmail.com,Er. Harbajan singh Chauhan (AE),7830600153,ecsddehradun@gmail.com,Submitted,Submitted,Save As Draft,Sent to State,Pending Submitted,Pending to be Submitted,,,Q1 - 2024-2025,,,,,
1605,UTTARAKHAND,PAURI,UK-PAURI-3607,Water Supply,Pauri Nagar Palika Parishad (Nanghat Water Supply Scheme ),17-05-2024,AVIKAL SAINI,Technical Expert,8273801221,avikal96saini@gmail.com,Er. Rajendra Prashad Budakota,8630025148,avikal96saini@gmail.com,Submitted,Submitted,Save As Draft,Sent to State,Pending Submitted,Pending to be Submitted,,,Q1 - 2024-2025,,,,,
1606,UTTARAKHAND,DOGADDA,UK-DOGADDA-6895,Water Supply,DUGADDA  Nagar Panchyat Pumping Water Supply Scheme,13-09-2024,AVIKAL SAINI,Technical Expert,8273801221,avikal96saini@gmail.com, Er. Akshay Verma (JE)NI,8273801221,avikal96saini@gmail.com,Submitted,Submitted,Save As Draft,Sent to State,Pending Submitted,Pending to be Submitted,,,Q2 - 2024-2025,,,,,
1607,UTTARAKHAND,DHARCHULA,UK-DHARCHULA-2140,Water Supply,DHARCHULA WATER SUPPLY PROJECT,31-12-2025,AVIKAL SAINI,Technical Expert,8273801221,avikal96saini@gmail.com,AVIKAL SAINI,8273801221,avikal96saini@gmail.com,Save As Draft,Submitted,Save As Draft,Sent to State,Pending Submitted,Pending to be Submitted,,,Q3 - 2025-2026,,,,,
1608,UTTARAKHAND,DIDIHAT,UK-DIDIHAT-2098,Water Supply,Didihat water supply project,13-09-2024,AVIKAL SAINI,Technical Expert,8273801221,avikal96saini@gmail.com,AVIKAL SAINI,8273801221,avikal96saini@gmail.com,Save As Draft,Save As Draft,Save As Draft,Pending Sent to State,Pending Submitted,Pending to be Submitted,,,Q2 - 2024-2025,,,,,
1609,UTTARAKHAND,LALKUAN,UK-LALKUAN-2172,Water Supply,Lalkuan Water Supply Scheme,13-09-2024,AVIKAL SAINI,Technical Expert,8273801221,avikal96saini@gmail.com,Y.S. Laspal (AE),9410950880,piuhaldwani@gmail.com,Submitted,Submitted,Save As Draft,Sent to State,Pending Submitted,Pending to be Submitted,,,Q2 - 2024-2025,,,,,
1610,UTTARAKHAND,SHAKTIGARH,UK-SHAKTIGARH-2613,Water Supply,Shaktigarh Water Supply Scheme,23-05-2024,AVIKAL SAINI,Technical Expert,8273801221,avikal96saini@gmail.com,Er. Abhishek (JE),9808259128,eecdkhatima@gmail.com,Submitted,Submitted,Save As Draft,Sent to State,Pending Submitted,Pending to be Submitted,,,Q1 - 2024-2025,,,,,
1611,UTTARAKHAND,POKHARI,UK-POKHARI-2747,Water Supply,Pokhari Water  Supply Scheme,16-05-2024,AVIKAL SAINI,Technical Expert,8273801221,avikal96saini@gmail.com,Er. Surendra Lal (AE),9536290764,cd.gopeshwar@gmail.com,Submitted,Submitted,Save As Draft,Sent to State,Pending Submitted,Pending to be Submitted,,,Q1 - 2024-2025,,,,,
1612,UTTARAKHAND,SWARGASHRAM,UK-SWARGASHRAM-2693,Water Supply,Swargashram Water Supply Scheme,13-10-2025,AVIKAL SAINI,Technical Expert,8273801221,avikal96saini@gmail.com,Balam Singh negi,9456391448,negi.eck@gmail.com,Save As Draft,Submitted,Save As Draft,Pending Sent to State,Pending Submitted,Pending to be Submitted,,,Q3 - 2025-2026,,,,,
1613,UTTARAKHAND,KAPKOT,UK-KAPKOT-2143,Water Supply,KAPKOT  PUMPING WATER SUPPLY SCHEME,13-09-2024,AVIKAL SAINI,Technical Expert,8273801221,avikal96saini@gmail.com,Technical Expert,8273801221,avikal96saini@gmail.com,Save As Draft,Save As Draft,Save As Draft,Pending Sent to State,Pending Submitted,Pending to be Submitted,,,Q2 - 2024-2025,,,,,
1614,UTTARAKHAND,BANBASA,UK-BANBASA-6504,Water Supply,Banbasa Nagar Panchayat Pumping Water Supply Scheme,23-12-2025,AVIKAL SAINI,Technical Expert,8273801221,avikal96saini@gmail.com,Er. Ashok Sawrup,7409230003,sejalnigam@gmail.com,Save As Draft,Submitted,Save As Draft,Sent to State,Pending Submitted,Pending to be Submitted,,,Q3 - 2025-2026,,,,,
1615,UTTARAKHAND,SATPULI,UK-SATPULI-6274,Water Supply,Satpuli water supply scheme,30-09-2024,AVIKAL SAINI,Technical Expert,8273801221,avikal96saini@gmail.com,Mr. Sanjay,7895473955,cd.gopeshwar@gmail.com,Submitted,Submitted,Save As Draft,Sent to State,Pending Submitted,Pending to be Submitted,,,Q2 - 2024-2025,,,,,
1616,UTTARAKHAND,GAJA,UK-GAJA-3737,Water Supply,Gaja Nagar Panchyat Pumping Water Supply Scheme,25-11-2025,AVIKAL SAINI,Technical Expert,8273801221,avikal96saini@gmail.com,Praveen Shah,8057208928,deepakdhiman5891@gmail.com,Save As Draft,Submitted,Save As Draft,Pending Sent to State,Pending Submitted,Pending to be Submitted,,,Q3 - 2025-2026,,,,,
1617,UTTARAKHAND,NANAKAMTTA,UK-NANAKAMTTA-2614,Water Supply,Nankmatta Water Supply Scheme,15-10-2025,AVIKAL SAINI,Technical Expert,8273801221,avikal96saini@gmail.com,Sanju Gahtori,9675559400,eecdkhatima@gmail.com,Save As Draft,Submitted,Save As Draft,Pending Sent to State,Pending Submitted,Pending to be Submitted,,,Q3 - 2025-2026,,,,,
1618,PUNJAB,Baba Bakala Sahib,PB-BABA_BAKALA-17275,Water Supply,"Augmentation and Rehabilitation of Water Supply System at Baba Bakala Sahib District Amritsar, Punjab",20-08-2025,AVIKAL SAINI,Technical Expert,8273801221,avikal96saini@gmail.com,Er. Harpreet Singh,8360907229,eepwssdasr2@gmail.com,Submitted,Submitted,Save As Draft,Sent to State,Pending Submitted,Pending to be Submitted,,,Q2 - 2025-2026,,,,,
1619,HARYANA,Kalka,HR-KALKA-14411,Water Supply,Augmentation of water supply and laying of new water supply pipeline and retrofitting of old and damaged pipeline in Kalka and Pinjore Town.,20-12-2024,NEERAJ KUMAR,Technical Expert,7983455763,neeraj255.nk@gmail.com,Sameer Sharma,8901267711,eepanchkula@phedharyana.gov.in,Submitted,Submitted,Save As Draft,Sent to State,Submitted,Report Submitted,Yes,agreed,Q3 - 2024-2025,,,,,
1620,HARYANA,Adampur,HR-ADAMPUR-14377,Water Supply,DPR for Enahncment of Raw water storage capacity by construction of Sedimentation storage Tanks at 1st. W/W Mandi Adampur and 2nd.,23-08-2024,Neeraj Kumar,Technical Expert,7983455763,neeraj255.nk@gmail.com,Kanchan Verma,9896482775,ee1hisar@gmail.com,Submitted,Submitted,Save As Draft,Sent to State,Submitted,Report Submitted,Yes, Quality of the work be maintained and efforts be put in for further improvement.,Q2 - 2024-2025,,,,,
1621,NAGALAND,Tizit,NL-TIZIT-15782,Parks & Green Space Development,DEVELOPMENT OF PARK AT INDUSTRY WARD TIZIT,09-09-2025,ANUP  MALIK,Technical Expert,8145242141,anupmalik3892@gmail.com,Mhathung Ovung,7005222123,eeudd004@gmail.com,Submitted,Submitted,Save As Draft,Sent to State,Submitted,Report Submitted,Yes,okay,Q2 - 2025-2026,,,,,
1622,NAGALAND,Aboi,NL-ABOI-15783,Parks & Green Space Development,DEVELOPMENT OF PARK AT ABOI,10-09-2025,ANUP  MALIK,Technical Expert,8145242141,anupmalik3892@gmail.com,Mhathung Ovung,7005222123,eeudd004@gmail.com,Submitted,Submitted,Save As Draft,Sent to State,Submitted,Report Submitted,Yes,agreed,Q2 - 2025-2026,,,,,
1623,NAGALAND,Tobu,NL-TOBU-15784,Parks & Green Space Development,DEVELOPMENT OF PARK AT TOBU TOWN,21-05-2025,BHASKAR  MAJUMDER,Technical Expert,9038584040,bhaskarmajumder94@gmail.com,Mhathung Ovung,7005222123,eeudd004@gmail.com,Submitted,Submitted,Save As Draft,Sent to State,Submitted,Report Submitted,Yes,ok,Q1 - 2025-2026,,,,,
1624,NAGALAND,Mangkolemba,NL-MANGKOLEMBA-15894,Parks & Green Space Development,DEVELOPMENT OF PARK AT AKORONG MANGKOLEMBA,19-05-2025,BHASKAR  MAJUMDER,Technical Expert,9038584040,bhaskarmajumder94@gmail.com,Chumbeno Shidio,8974623565,eeudd003@gmail.com,Submitted,Submitted,Save As Draft,Sent to State,Pending Submitted,Pending to be Submitted,Partially Compliant,submission of the approved estimate required,Q1 - 2025-2026,,,,,
1625,NAGALAND,Aghunato,NL-AGHUNATO-15937,Parks & Green Space Development,DEVELOPMENT OF PARK AT PWD SECTOR AGHUNATO,22-04-2025,AKHAND PRATAP SINGH,Technical Expert,9721116001,apsingh5296@gmail.com,Er. Chumbeno Shidio,7005788832,eeudd003@gmail.com,Submitted,Submitted,Save As Draft,Sent to State,Submitted,Report Submitted,Yes,ok,Q1 - 2025-2026,,,,,
1626,NAGALAND,Atoizu,NL-ATOIZU-15824,Parks & Green Space Development,DEVELOPMENT OF ATC PUBLIC PARK ATOIZU,13-08-2025,VINOD KUMAR AHIRWAR,Deputy Team Leader,8770611580,vinodkumarahirwar901@gmail.com,Er. Chumbeno Shidio,7005788832,eeudd003@gmail.com,Submitted,Submitted,Save As Draft,Sent to State,Pending Submitted,Pending to be Submitted,,,Q2 - 2025-2026,,,,,
1627,NAGALAND,Atoizu,NL-ATOIZU-15903,Water Supply,Augmentation of drinking water supply by gravity system and ground water exploration and retrofitting under AMRUT 2.0 to Atoizu Town under Zunheboto District.,31-07-2025,,,,,,,,Save As Draft,Save As Draft,Save As Draft,Pending Sent to State,Pending Submitted,Pending to be Submitted,,,Q2 - 2025-2026,,,,,
1628,NAGALAND,Satakha,NL-SATAKHA-15827,Parks & Green Space Development,DEVELOPMENT OF PARK AT SATAKHA,22-04-2025,AKHAND PRATAP SINGH,Technical Expert,9721116001,apsingh5296@gmail.com,Er. Chumbeno Shidio,7005788832,eeudd003@gmail.com,Submitted,Submitted,Save As Draft,Sent to State,Submitted,Report Submitted,Yes,okay,Q1 - 2025-2026,,,,,
1629,NAGALAND,Bhandari,NL-BHANDARI-15936,Parks & Green Space Development,DEVELOPMENT OF PARK AT ETSU WARD BHANDARI,21-04-2025,AKHAND PRATAP SINGH,Technical Expert,9721116001,apsingh5296@gmail.com,Er. Keneizezo,9436604253,kennyzezo@gmail.com,Submitted,Submitted,Save As Draft,Sent to State,Submitted,Report Submitted,Yes,agreed,Q1 - 2025-2026,,,,,
1630,NAGALAND,Niuland,NL-NIULAND-15881,Parks & Green Space Development,DEVELOPMENT OF PARK AT EDUCATION WARD NIULAND,26-04-2025,ANUP  MALIK,Technical Expert,8145242141,anupmalik3892@gmail.com,Er. Theruovituo Pienyii,9436094167,theruo@iitdalumni.com,Submitted,Submitted,Save As Draft,Sent to State,Submitted,Report Submitted,Yes,ok,Q1 - 2025-2026,,,,,
1631,NAGALAND,Niuland,NL-NIULAND-15907,Water Supply,Retrofitting of drinking water supply by gravity system under AMRUT 2.0 to Niuland Town under Niuland District.,26-11-2025,,,,,,,,Save As Draft,Save As Draft,Save As Draft,Pending Sent to State,Pending Submitted,Pending to be Submitted,,,Q3 - 2025-2026,,,,,
1632,NAGALAND,East Dimapur,NL-DIMAPUR(EAST)-15941,Water Body Rejuvenation,Rejuvenation of Jora Pukhuri in East Dimapur,25-04-2025,ANUP  MALIK,Technical Expert,8145242141,anupmalik3892@gmail.com,Er Theruovituo Pienyii,9436094167,theruo@iitdalumni.com,Submitted,Submitted,Save As Draft,Sent to State,Pending Submitted,Pending to be Submitted,,,Q1 - 2025-2026,,,,,
1633,NAGALAND,Meluri,NL-MELURI-15909,Parks & Green Space Development,DEVELOPMENT OF PARK AT MELURI TOWN,15-05-2025,BHASKAR  MAJUMDER,Technical Expert,9038584040,bhaskarmajumder94@gmail.com,Kenei Zuzuba,9.19437E+11,eeudd001@gmail.com,Submitted,Submitted,Save As Draft,Sent to State,Submitted,Report Submitted,Yes,ok,Q1 - 2025-2026,,,,,
1634,NAGALAND,Chozuba,NL-CHOZUBA-15912,Parks & Green Space Development,DEVELOPMENT OF PARK AT CHOZUBA TOWN,14-05-2025,BHASKAR  MAJUMDER,Technical Expert,9038584040,bhaskarmajumder94@gmail.com,Kenei Zuzuba,9.19437E+11,eeudd001@gmail.com,Submitted,Submitted,Save As Draft,Sent to State,Submitted,Pending to be Submitted,Partially Compliant,No test results  has been enclosed,Q1 - 2025-2026,,,,,
1635,NAGALAND,Longkhim,NL-LONGKHIM-15873,Parks & Green Space Development,Development of public park at Longkhim,12-09-2025,AMIT KUMAR GUWAHATI,Technical Expert,9784643906,amit1997riet@gmail.com,Mhathung Ovung,7005222123,eeudd004@gmail.com,Submitted,Submitted,Save As Draft,Sent to State,Pending Submitted,Pending to be Submitted,Partially Compliant,photo not attached as required,Q2 - 2025-2026,,,,,
1636,NAGALAND,Noklak,NL-NOKLAK-15871,Parks & Green Space Development,Development of Children's Parks at Noklak Town,15-05-2025,BHASKAR  MAJUMDER,Technical Expert,9038584040,bhaskarmajumder94@gmail.com,Mhathung Ovung,7005222123,eeudd004@gmail.com,Submitted,Submitted,Save As Draft,Sent to State,Submitted,Report Submitted,Yes,Regular tests of the material be conducted and record be maintained  at site,Q1 - 2025-2026,,,,,
1637,NAGALAND,Noklak,NL-NOKLAK-15919,Water Supply,Augmentation of drinking water supply by gravity system and retrofitting under AMRUT 2.0 to Noklak Town under Noklak District.,21-11-2025,,,,,,,,Save As Draft,Save As Draft,Save As Draft,Pending Sent to State,Pending Submitted,Pending to be Submitted,,,Q3 - 2025-2026,,,,,
1638,NAGALAND,Shamator,NL-SHAMATOR-15942,Parks & Green Space Development,Development of public park at Shamator Town,11-09-2025,AMIT KUMAR GUWAHATI,Technical Expert,9784643906,amit1997riet@gmail.com,Mhathung Ovung,7005222123,eeudd004@gmail.com,Submitted,Submitted,Save As Draft,Sent to State,Pending Submitted,Pending to be Submitted,Partially Compliant,ensure regular testing with record.,Q2 - 2025-2026,,,,,
1639,NAGALAND,Tamlu,NL-TAMLU-15896,Parks & Green Space Development,DEVELOPMENT OF PARK AT MOIJE WARD TAMLU TOWN,20-05-2025,BHASKAR  MAJUMDER,Technical Expert,9038584040,bhaskarmajumder94@gmail.com,Chumbeno Shidio,8974623565,eeudd003@gmail.com,Submitted,Submitted,Save As Draft,Sent to State,Pending Submitted,Pending to be Submitted,Partially Compliant, Working estimate be got prepared and approved from competent authority before making any payment.,Q1 - 2025-2026,,,,,
1640,NAGALAND,Tamlu,NL-TAMLU-15921,Water Supply,Augmentation of drinking water supply by ground water exploration and retrofitting under AMRUT 2.0 to Tamlu Town under Longleng District,01-05-2025,,,,,,,,Save As Draft,Save As Draft,Save As Draft,Pending Sent to State,Pending Submitted,Pending to be Submitted,,,Q1 - 2025-2026,,,,,
1641,NAGALAND,Seyochung,NL-SEYOCHUNG-15915,Parks & Green Space Development,DEVELOPMENT OF PART AT SEYOCHUNG TOWN,17-09-2025,AMIT KUMAR GUWAHATI,Technical Expert,9784643906,amit1997riet@gmail.com,Kenei Zuzuba,9.19437E+11,eeudd001@gmail.com,Submitted,Submitted,Save As Draft,Sent to State,Submitted,Pending to be Submitted,,,Q2 - 2025-2026,,,,,
1642,NAGALAND,Pungro,NL-PUNGRO-15914,Parks & Green Space Development,DEVELOPMENT OF PARK AT PUNGRO TOWN,15-05-2025,BHASKAR  MAJUMDER,Technical Expert,9038584040,bhaskarmajumder94@gmail.com,Kenei Zuzuba,9.19437E+11,eeudd001@gmail.com,Submitted,Submitted,Save As Draft,Sent to State,Pending Submitted,Pending to be Submitted,Partially Compliant,"attached photo is not explanatory ,put before the IRMA team during the visit",Q1 - 2025-2026,,,,,
1643,NAGALAND,Pungro,NL-PUNGRO-15927,Water Supply,Augmentation of drinking water supply by gravity system and retrofitting under AMRUT 2.0 to Pungro Town under Kiphire District,01-05-2025,,,,,,,,Save As Draft,Save As Draft,Save As Draft,Pending Sent to State,Pending Submitted,Pending to be Submitted,,,Q1 - 2025-2026,,,,,
1644,NAGALAND,Chiephobozou,NL-CHIEPHOBOZOU-15922,Water Supply,Augmentation of drinking water supply by gravity system and retrofitting under AMRUT 2.0 to Chiephobozou Town under Kohima District.,01-05-2025,,,,,,,,Save As Draft,Save As Draft,Save As Draft,Pending Sent to State,Pending Submitted,Pending to be Submitted,,,Q1 - 2025-2026,,,,,
1645,NAGALAND,Chiephobozou,NL-CHIEPHOBOZOU-15933,Parks & Green Space Development,DEVELOPMENT OF PARK NEAR ADC OFFICE CHEIPHOBOZOU,21-04-2025,ANUP  MALIK,Technical Expert,8145242141,anupmalik3892@gmail.com,Er. Keneizezo,9436604253,kennyzezo@gmail.com,Submitted,Submitted,Save As Draft,Sent to State,Submitted,Report Submitted,Yes,ok,Q1 - 2025-2026,,,,,
1646,NAGALAND,Tening,NL-TENING-15878,Parks & Green Space Development,DEVELOPMENT OF PARK AT  TENING,24-04-2025,AKHAND PRATAP SINGH,Technical Expert,9721116001,apsingh5296@gmail.com,Er. Theruvituo Pienyii,9436094167,theruo@iitdalumni.com,Submitted,Submitted,Save As Draft,Sent to State,Submitted,Report Submitted,Yes, agreed,Q1 - 2025-2026,,,,,
1647,HIMACHAL PRADESH,Amb,HP-AMB-6380,Water Supply,LWSS Amb Town,02-10-2024,SHASHANK MISHRA DELHI,Deputy Team Leader,7905308651,mishr.sha2nk@gmail.com,Hoshyar Singh,7905308651,mishr.sha2nk@gmail.com,Submitted,Submitted,Save As Draft,Sent to State,Submitted,Report Submitted,Yes,as per comments,Q3 - 2024-2025,,,,,
1648,HIMACHAL PRADESH,Nirmand,HP-NIRMAND-6040,Water Supply,Providing Water Supply Scheme to NP Nirmanad Distt. Kullu H.P.,01-12-2025,AVIKAL SAINI,Technical Expert,8273801221,avikal96saini@gmail.com,Er. Kailash,9817455028,xeniphanni1@gmail.com,Submitted,Save As Draft,Save As Draft,Pending Sent to State,Pending Submitted,Pending to be Submitted,,,Q3 - 2025-2026,,,,,
1649,ARUNACHAL PRADESH,BORDUMSA,AR-BORDUMSA-7411,Parks & Green Space Development,"Renovation & Construction of Gandhi Statue Park at Bordumsa, Arunachal Pradesh",20-09-2024,GAJENDRA SINGH,Technical Expert,9582043842,gs56570@gmail.com,George Joseph,9436635408,geomini2009@gmail.com,Submitted,Submitted,Save As Draft,Sent to State,Pending Submitted,Pending to be Submitted,,,Q2 - 2024-2025,,,,,
1650,ARUNACHAL PRADESH,DOIMUKH,AR-DOIMUKH-7289,Water Supply,Augmentation of water supply at Doimukh Township.,06-11-2025,AKHAND PRATAP SINGH,Technical Expert,9721116001,apsingh5296@gmail.com,Shri Sawan Riang,9402933001,eephewsyupia@gmail.com,Save As Draft,Submitted,Save As Draft,Sent to State,Pending Submitted,Pending to be Submitted,,,Q3 - 2025-2026,,,,,
1651,ARUNACHAL PRADESH,KANUBARI,AR-KANUBARI-7284,Water Supply,Augmentation & Improvement of water supply - Kanubari Town,27-05-2025,AKHAND PRATAP SINGH,Technical Expert,9721116001,apsingh5296@gmail.com,Tage Nipa,1111111111,eelongding@gmail.com,Submitted,Submitted,Save As Draft,Sent to State,Pending Submitted,Pending to be Submitted,,,Q1 - 2025-2026,,,,,
1652,ARUNACHAL PRADESH,KHARSANG,AR-KHARSANG-7297,Water Supply,Water Supply to Kharsang Township,24-05-2025,RAVINDRA KUMAR  MAURYA,Deputy Team Leader,9453769313,MAURYA15790@GMAIL.COM,Bamang Tasung,9436068028,eekphed01@gmail.com,Submitted,Submitted,Save As Draft,Sent to State,Pending Submitted,Pending to be Submitted,,,Q1 - 2025-2026,,,,,
1653,ARUNACHAL PRADESH,KHARSANG,AR-KHARSANG-7529,Water Body Rejuvenation,Rejuvenation of Namphuk Lake kharsang,19-09-2024,GAJENDRA SINGH,Technical Expert,9582043842,gs56570@gmail.com,George Joseph,9436635408,geomini2009@gmail.com,Submitted,Submitted,Save As Draft,Sent to State,Pending Submitted,Pending to be Submitted,,,Q2 - 2024-2025,,,,,
1654,ARUNACHAL PRADESH,KIMIN,AR-KIMIN-7004,Water Body Rejuvenation,"Rejuvenation of Boda Lake, Kimin",14-09-2024,GAJENDRA SINGH,Technical Expert,9582043842,gs56570@gmail.com,Er. Teri Taniya,9436639114,eeudhypa@gmail.com,Submitted,Submitted,Save As Draft,Sent to State,Pending Submitted,Pending to be Submitted,,,Q2 - 2024-2025,,,,,
1655,ARUNACHAL PRADESH,KIMIN,AR-KIMIN-7006,Parks & Green Space Development,Construction of Park and Green space at Kimin,14-09-2024,GAJENDRA SINGH,Technical Expert,9582043842,gs56570@gmail.com,Er. Teri Taniya,9436639114,eeudhypa@gmail.com,Submitted,Submitted,Save As Draft,Sent to State,Pending Submitted,Pending to be Submitted,,,Q2 - 2024-2025,,,,,
1656,PUNJAB,Devigarh,PB-DEVIGARH-18147,Water Supply,"Augmentation and Rehabilitation of Water Supply System at Devigarh  District :  Patiala, Punjab, under AMRUT 2.0 Scheme",29-09-2025,AKHILESH  VERMA,Technical Expert,7080502846,akhilesh101296@gmail.com,Er. Vikas Kumar,9888728887,eep1.pwssb@punjab.gov.in,Submitted,Submitted,Save As Draft,Sent to State,Pending Submitted,Pending to be Submitted,,,Q2 - 2025-2026,,,,,
,,,,,,,,,,,,,,,,,,,,,,,,,,,
